Episode,bias,closestFood,closestGhost,foodCount,danger
1,-25.93367342831964,-8.615800012689252,-12.758862068606902,-2.0746938742655714,-25.11615815273669
2,-41.338295340765455,-13.619320265118631,-32.65486974000364,-2.268113778872073,-43.453096296557305
3,-39.90681134614546,-11.916391024885815,-46.42022801045554,-2.0941371427650983,-58.13728120807872
4,-44.507900664867435,-12.07495701673221,-42.49838678764582,-2.328603331820626,-63.11060817403606
5,12.986033341896661,-3.9911204491096415,-27.899165406868654,-0.8629793766479834,-50.713488159595045
6,-9.182416300992509,-7.244405702712934,-38.27030522949028,-1.8523967994406512,-70.48442737566793
7,-24.933541746493752,-9.009797093966977,-45.34641172116127,-2.2661354950362527,-83.07118339721107
8,-32.70033877106151,-8.294526929602247,-50.16867847191038,-1.7885107823828312,-92.45996126248815
9,-46.504437661483514,-12.681082149006226,-56.691227103058665,-3.346340175286617,-104.00657073605832
10,-32.192501871591794,-6.595437556188339,-66.82984152986336,-1.5181967756093582,-113.48506706056382
11,-27.620925097510224,-4.5864910868329725,-54.265849824492356,-1.0133786239088405,-107.39156527699727
12,-31.310038708197983,-6.360713998385554,-63.84802800378854,-1.8796852765470566,-102.29116143470927
13,-36.8113224811354,-10.092409480778056,-59.893129813149905,-2.2588265811541275,-106.98870268344649
14,20.04378574262898,-1.8144310507605197,-42.54826089233926,-0.6274565226124686,-81.42213502040917
15,-2.2391430559860552,-11.024277920566547,-63.26432412713605,-2.7516977315131017,-101.00428874596795
16,-15.825661634073462,-18.377122060291654,-73.07305855030138,-3.4777090596075784,-109.09980570894417
17,27.862701244487397,-10.740830049919348,-55.25984259558566,-2.5818719848116474,-94.49887705163569
18,50.48961035153955,-11.190768347758164,-49.83592970395866,-2.9274006468170937,-84.1871179752633
19,22.608761302578976,-18.60661583048079,-62.03058999280175,-4.890582715491328,-105.78006293919822
20,3.7554641094349677,-23.01942490607978,-69.98898548236885,-6.215719967501959,-118.98647644496917
21,-12.897506519777842,-29.1367856163428,-77.17054819982944,-7.619042564394081,-129.4450096978336
22,-24.741511159925174,-30.814806349281504,-89.52330195857817,-8.35192525557995,-135.18095108840797
23,-28.13702637252075,-29.774230539049995,-93.05955099427052,-8.386914643944166,-137.51629359135708
24,-19.080681642970053,-26.1833594128489,-91.54042243801194,-6.940290743957919,-131.65460376767263
25,-18.525521369995708,-23.69864356101414,-87.8024855751152,-6.7780532442859736,-126.59144369857974
26,-16.91924588008354,-27.078085350334383,-74.65489249777481,-6.236746744618953,-106.10482690055504
27,-20.8155898140983,-22.66005289972516,-77.14218010336609,-6.310586586994916,-110.36686224180367
28,-35.202655490736554,-26.575595594985316,-83.64722512384768,-7.870171578578603,-120.31912681665612
29,-42.438055433296825,-29.386939636804392,-93.50039420454647,-8.28744503073203,-119.04789108620872
30,-35.829627966743075,-24.556409740892835,-88.16209776192643,-7.4075602264642715,-124.17386330190358
31,-21.88510662378437,-18.99634429195805,-90.01367642865905,-6.331631843944656,-109.55492163889025
32,-24.47474354108678,-22.698015421918278,-80.43289817138808,-7.301743923628736,-107.97467939638148
33,-37.6744774854788,-30.700157715724366,-86.54375861338914,-8.429093428378602,-117.23200915840818
34,-34.38194981442808,-26.030258830068085,-88.15484670834788,-7.213686051065309,-124.85753171710874
35,-37.38074528514609,-27.897714835045726,-90.43611656907306,-7.90724991069657,-125.29413244354836
36,-36.73380639017262,-25.950300456554622,-89.8289301932495,-6.906252601461634,-124.25923709457177
37,-37.10905271611962,-24.72420067981635,-91.34108127813897,-7.092391334168237,-126.4518388878614
38,-36.95615710777136,-26.730341261462975,-99.0845506506545,-6.348481018295623,-127.97574781053895
39,-25.91910610781349,-23.075854346579128,-100.56540008521367,-5.50430147402732,-131.13987909605655
40,-22.6249440014445,-23.07130712117298,-96.98228889772605,-5.176074799683086,-121.27005200574875
41,-20.249878095172686,-18.11256958435595,-86.35326262117796,-4.192337555401103,-103.71672642151562
42,-25.40530887305949,-24.4198804219334,-97.26806720136156,-4.363677428928884,-108.83135502116467
43,-30.971334983950676,-22.49090242456868,-95.78136689741187,-4.40850275513615,-115.50942806493268
44,-42.61644207042208,-25.57209374878761,-100.86221062821252,-5.699010355264883,-124.00354706021528
45,-40.92214563670299,-24.875913328229338,-103.01740894406888,-5.475797968669678,-130.47423369846615
46,-35.18497602768939,-22.175021876535034,-102.5290442435601,-5.068857194122214,-134.0259304650222
47,-38.81080559282834,-28.509246789462264,-104.8984873904733,-5.296018241429719,-136.26819035886436
48,-40.00398899561265,-24.72521841239758,-112.56985459696234,-5.177199161272637,-137.87820669444181
49,-32.05569152111244,-24.295593029920536,-101.80358216887103,-3.719546658380201,-126.26131015664818
50,-23.691802043913476,-24.375843045315843,-97.81453171019835,-2.564528761402883,-114.4308381629171
51,-28.573472594355323,-26.102213403309293,-100.92978019014357,-3.60773518462956,-118.92714916089922
52,-37.64723082655356,-29.127027906813638,-104.96928015840923,-4.238030178195055,-124.3056554646778
53,-38.10103760057334,-24.027807430568007,-105.07611920436214,-3.5342448497750185,-124.11527140616725
54,-42.60736145474202,-29.71307701717059,-108.73978880924363,-4.21153220481545,-131.20346918921675
55,-27.443128557887007,-20.965637369083463,-114.2783995375891,-2.2977353441416217,-133.45357721242524
56,-26.329571894479614,-25.882495943153277,-105.88400836021104,-3.2022495880017776,-132.79700150122184
57,-25.48936049924641,-19.85918833604886,-106.3644047718718,-2.906039551090777,-136.01573799861688
58,-26.632003104451023,-19.616048919921848,-114.64913608328274,-2.9249754298312527,-136.9196463634193
59,-24.350421200088135,-16.616837862049497,-112.90250014136112,-2.117914329366555,-134.67645483064672
60,-27.907010892506705,-20.224105934741054,-109.33957433622143,-2.1932397669590356,-138.22348596098215
61,-33.826223901745706,-21.705616761687875,-118.94658303239913,-2.9473432460687743,-141.4324559014823
62,-17.591304564614575,-14.11474017842205,-106.59543850785992,-0.8624814692732011,-135.3984910571015
63,34.26266330575791,-7.225515310998933,-85.69657078447928,-0.4343671689357789,-101.83075641927766
64,15.59632008438922,-17.326591338550436,-103.918257357413,-2.5551676449796865,-118.87913063296685
65,0.8401567308651856,-21.75147893808023,-103.64379815827273,-3.4953251080058214,-125.87838262096653
66,-12.880963847882082,-23.75268008105229,-115.85933977832327,-4.452760876879555,-130.87745573360544
67,-18.456874203581066,-24.622663807719473,-117.15288376442763,-4.839443370053546,-129.88390441259645
68,-24.40216015656351,-30.027691440407313,-113.18169461904968,-4.633940041196015,-133.0890131339955
69,-30.958468220072156,-34.52091410470054,-113.11297831008878,-5.12671979056714,-125.13171006811143
70,-17.05294671053231,-28.00803333986654,-108.82356866022654,-4.034556257308103,-118.56694740302835
71,-14.429481118217534,-21.150919143560852,-102.4808280304431,-3.811695173820125,-97.72186524622806
72,-18.758662992216546,-26.06503362568585,-104.49170845430119,-4.335762106620695,-101.38518060659565
73,29.137521893873082,-18.64179271307762,-92.55988670011268,-3.324813032332767,-93.547319582004
74,7.462120345906268,-22.142555336705907,-111.01769414065848,-4.273022598230165,-110.24322226804698
75,-6.27246115476796,-27.24086352017786,-111.26484563061243,-4.557987557008345,-118.45291664687718
76,-9.005812831959522,-26.757005034244546,-116.31702322625921,-4.455360256336969,-103.97799346279932
77,-14.17668727581659,-27.634346555165713,-108.92089022415499,-5.519611709551983,-104.5670849975687
78,-17.219281134230275,-25.56644601546403,-111.94952960187314,-5.159898365118091,-113.63788646816694
79,-20.522910389842075,-31.341475318820116,-114.03438988283824,-5.1537128740495906,-117.77334655907293
80,-21.084516386595546,-25.729648935122025,-114.62849421493135,-4.526022955616935,-118.47269784398407
81,-28.166285886802278,-27.408584648762623,-118.5854804244443,-5.589950697120758,-124.75457510770732
82,-24.48194573146149,-25.00894061111117,-120.31365332426702,-4.556945019141661,-130.4645515825429
83,32.03553330078122,-16.526177418368178,-99.66133355548388,-3.4696617392108395,-111.20778522639637
84,12.328674217164146,-20.922578800639137,-109.07915778237152,-5.0203291017310825,-129.5741473338897
85,-1.8691551413563872,-26.657639204411513,-119.99232812724317,-5.876405033310736,-128.65241628524566
86,-8.333113305782543,-27.29058270965877,-114.00155127927017,-5.144999282121151,-125.49667754449077
87,37.65428999133828,-20.158959832353833,-99.20396724074183,-4.718074641382549,-112.83113194221956
88,10.627123908454411,-27.532011747488745,-117.39397286744978,-5.956986139852105,-128.12340814337583
89,-1.0220331602217403,-30.91715265793006,-121.88808642317316,-5.929081256790983,-130.00293035501323
90,-9.414593620967985,-33.577067755896834,-118.61740666874773,-6.954558764236941,-133.1862365527706
91,-19.232015975099856,-36.17193030292017,-120.87783561987368,-7.706119052438192,-132.20979019010878
92,-15.992707607427299,-37.4898559293281,-121.94370193208648,-6.532320455451856,-137.9081953381675
93,39.50607517705561,-26.770223261916776,-107.57028411176212,-5.594328057724798,-124.68206726328832
94,11.430693722265737,-35.79573264170332,-116.40814134680744,-7.910084867584468,-134.62217894793534
95,-0.6418306352346583,-35.16864227591719,-117.40859858346201,-7.424563339005004,-130.8996007236541
96,-7.985092849685236,-38.741531508906725,-126.04466178323685,-9.045340351130964,-129.40202688383638
97,-12.51343246500384,-36.902483200388716,-127.77183577940212,-9.006759044414885,-129.37562700108023
98,-17.0694370146407,-40.285583050819326,-127.55512818174931,-9.678949680993577,-126.75022071327955
99,-11.500057836699549,-40.40401476433462,-126.36166748880615,-8.307920556877285,-126.32020887293469
100,-8.024145515079464,-33.636807768505825,-114.26986799427222,-8.108880674011223,-119.31918941889121
101,41.714981575503444,-26.74757276307479,-97.61751300554364,-7.229351527592615,-103.91593716875384
102,9.4241378009898,-37.98256449208038,-109.19024177537543,-9.632099253150123,-122.08585129637373
103,-3.2629205304421838,-37.940084255697066,-110.7602049428561,-9.235890379121297,-121.21050769296473
104,-5.055047577394317,-35.62977639166626,-109.10008071495388,-10.294822392793076,-114.00152045630722
105,-11.794196541189896,-42.207781193197064,-111.97855997196642,-10.636209616258558,-118.74117976234312
106,-8.578908694879114,-32.6205275165258,-109.18431501045342,-9.472127052463577,-113.04821171862983
107,-12.994638276781384,-33.92320176155599,-108.47501638442279,-10.255366312171187,-107.39324397169257
108,-14.116787300472469,-31.509334186163738,-107.69474065182713,-9.407839083937516,-102.2527277261367
109,-20.282508635572096,-32.389070285728174,-110.12997523675344,-10.311321717103626,-104.16050596373076
110,-26.048922083116615,-34.28262904495025,-113.37502989933488,-10.497175977615832,-110.7182976906103
111,-28.697402907093643,-35.03290019249725,-116.375102894705,-9.887102294353157,-117.6922358287895
112,-35.227397552536516,-37.363495096777356,-120.95343530991104,-10.516751672944574,-125.26968524844253
113,-24.04738722078932,-31.649130913956533,-119.13841898712629,-9.293370763283894,-124.10136794376201
114,-22.625902153074396,-32.03973778202658,-124.8482768730876,-9.197720267566329,-118.25327013277868
115,-27.99574001942506,-32.43230325127889,-121.22401825299545,-9.831304780836918,-121.91751204350102
116,-25.88348454407494,-31.570355566563833,-128.80538181461026,-8.950379518564679,-125.41584475915653
117,-20.725661204669272,-26.652877772505377,-127.28334802608205,-8.396452450274854,-118.58566649110038
118,-14.501471889163538,-24.888201455107815,-121.25260040488057,-7.772611728702327,-123.26844721537205
119,-17.390429878912784,-27.058253634365474,-122.45973944702524,-8.971473046588967,-122.85795067974155
120,-21.629639366194443,-25.73940573282973,-125.13958326538263,-8.9187794030324,-128.0963437942655
121,-26.605172180835638,-28.025475616903027,-133.4995306645061,-9.493081966124949,-128.4923426810208
122,-19.103087334235035,-22.46491664609438,-126.12998476115006,-7.876923462403069,-131.02348958386477
123,32.72877087839423,-15.503205713111846,-106.28403741877173,-7.136156065231661,-111.724463782837
124,2.254485295169939,-24.830641181801393,-116.81840667122636,-9.193719145179934,-129.12651837762417
125,-5.706362867026819,-25.39860523124297,-117.79141191096463,-8.985049596120993,-125.62774436930059
126,-16.171391403788316,-29.807638937478103,-122.12096369146077,-9.659606034594487,-132.25015024958861
127,28.59021048890727,-23.362654231435997,-108.83102070482207,-8.831068566890389,-123.43799254821364
128,48.35432152929958,-23.6814748594747,-100.13410280677891,-9.128189202110573,-123.43799254821364
129,8.058842385044723,-31.613910193324337,-118.27935006356512,-10.198623950475195,-138.07788071493684
130,1.8157360769334154,-39.513059363295824,-117.68350335066876,-11.91799849052057,-134.38894756661966
131,-7.7692279522892065,-38.37917186697307,-114.73200258615329,-12.461009141753982,-137.67441758527008
132,-15.71560807838119,-44.38838328489793,-117.56487026598084,-12.79467981363186,-140.64977957979488
133,-20.123309972094354,-43.400925039585424,-126.23923208527242,-13.179454127247366,-142.43935449624638
134,-16.362653850497086,-39.72786471626284,-117.59749306287743,-11.890437158882404,-142.12183278033558
135,-16.816101785234093,-45.842230424122654,-117.97441950390011,-12.35614351578137,-139.03241938473874
136,39.95128993560295,-31.715221327231916,-99.45829000333825,-10.460625831126661,-123.9266693475231
137,69.43824775115668,-33.85904924507926,-87.07185519616121,-11.016934872566365,-116.41518609039838
138,29.552079802710782,-44.033777549986276,-100.75230843020947,-12.097609032349137,-135.27901958671745
139,13.976170967420664,-48.503821221279736,-106.48012626857833,-13.91733533826398,-142.99647922590975
140,51.309864365798546,-44.17881752110115,-94.33663208201833,-13.104943654018738,-133.52285134951586
141,24.118897654146092,-52.18882154336754,-104.91918298423678,-15.501982535531672,-150.9120356493605
142,57.8210170102021,-47.4395579735127,-84.60118408841011,-14.663766638960938,-109.15448291707605
143,24.867610806062228,-52.623171423866566,-94.86455200876722,-15.80093969580061,-121.87251018248044
144,1.9809029214683171,-52.30060209105656,-102.60007920443425,-16.699517468468688,-97.85601852111776
145,47.861624527279716,-47.120404352268714,-72.05394178526896,-16.021606724604027,-70.25064310351553
146,24.615513344441116,-52.61756117802017,-82.32621572558645,-18.006121027000635,-87.9484471476416
147,6.136687682125835,-57.413136789244454,-90.4630093847803,-19.30983438172484,-100.9382779306261
148,-4.940307094240602,-58.042245440037945,-90.71267360219687,-19.83695270382826,-95.51434462359518
149,-5.759241656024248,-53.85219356608879,-87.76113586109365,-18.91707343429861,-90.32010185060034
150,-7.259070003806489,-56.35837143991529,-96.1368264522853,-20.340163562799482,-86.07333689043615
151,-12.060967423385227,-57.15458502932716,-93.65136864487195,-20.18123680070204,-94.36445552195873
152,-22.799809864082633,-60.03206635236046,-105.98854203886657,-21.101879528132418,-100.70823059014914
153,-31.549781118890454,-64.8935612214816,-111.36295025471244,-21.903281355143562,-104.22005630625858
154,-12.43739486989141,-56.90424618445465,-103.40920138708928,-20.0826918114917,-110.69842244265249
155,-7.4821152854509005,-57.174569567925445,-108.19178241730793,-19.770605297715615,-106.85692112203648
156,-4.902446460408882,-54.489007143370024,-95.08539322289707,-19.612587020047837,-103.58543920226259
157,-10.933649717442787,-54.56747638807874,-105.47779517038833,-19.935628746290387,-109.1398067367735
158,-10.105591550139042,-55.73448005055346,-96.27156249424469,-19.41159480326364,-106.08024862260402
159,-9.157918751413295,-53.475322122550004,-92.25270025714956,-19.44081497824948,-93.18831810867641
160,-9.713888232604564,-54.922534017609955,-92.68200250042052,-19.634696385200943,-93.66893548976348
161,-13.037369472552331,-55.963918494387336,-94.5483890309769,-19.477889883415358,-98.60372025128876
162,-15.758925110848743,-55.38866832186083,-104.47735287749772,-19.878544942048748,-101.18221061461918
163,-12.026994772804137,-51.23426375772876,-105.49974519811077,-18.997678195490582,-99.12365197852345
164,-13.568380947240872,-56.053019844832846,-103.29447949755385,-19.682883257603738,-91.63645898493098
165,-16.134244296953256,-54.23160661128186,-100.19747948886834,-19.68316408413532,-98.63863055508288
166,-25.5108176925159,-57.456181427227534,-104.24530507673074,-20.65116622929811,-104.85331553477486
167,-29.427314971581623,-59.854875760826914,-108.18910456703082,-20.760440404776283,-112.59282898665134
168,-21.066134758535778,-55.598809156251946,-105.82925687335498,-19.935153376303226,-112.62277186679702
169,-15.78200419478754,-55.14618166872861,-113.15676482293281,-19.407470376231874,-114.78166242461147
170,-16.591253768544675,-54.6530345748682,-111.45063648465761,-19.604458151625813,-106.78479878333754
171,-10.883732791999302,-53.74533605667631,-102.8071196631669,-18.427819199346647,-101.78106928575058
172,-5.796786276743468,-46.38683460901992,-109.92803476377881,-17.29217915457649,-100.69901468780554
173,42.17035677304454,-41.15372364502034,-86.15355030192917,-16.824670709741138,-84.4888819790096
174,58.589080927328794,-43.28259911467042,-77.05931909697925,-17.872103629020106,-79.31467965933697
175,20.518682241351687,-53.14055745137764,-97.28240737579827,-20.73350751743224,-93.04196218307817
176,6.141521130956342,-56.327152687533754,-103.0214744315318,-21.155130381989924,-96.9552045542806
177,-6.466106655476862,-56.55774612330775,-96.38177317086843,-21.910256278627994,-92.16018052348183
178,-7.074750877135028,-53.52969127737836,-94.32342653777272,-21.158433425981034,-90.73816085265537
179,-13.282524415523913,-61.88477563277871,-96.63592801856346,-22.62482705199877,-92.53133943164865
180,-22.630032729872667,-62.59942049700057,-108.5112482266624,-23.372627717146678,-99.4689695021495
181,-11.15385901129029,-55.88634366293773,-99.57179973742954,-22.15764422328897,-100.32587786564025
182,-9.321853764612108,-56.440994428600625,-106.05704961610967,-22.444399174757503,-96.41861416682185
183,-5.1643946428339795,-55.763133791227844,-96.54902648286149,-21.50040390207092,-91.75285661062877
184,-10.261006150591303,-53.30772283306105,-99.25313098208824,-21.757334456733233,-99.53782797263321
185,-8.202536334282463,-52.285707693001434,-98.14359633425778,-21.77381541307548,-101.39153807152778
186,-8.480419374745379,-53.58102759972937,-105.39193165345242,-22.22075704070613,-96.22386725561796
187,-15.858263007001906,-57.03694184073715,-109.36195706279483,-22.81098453128665,-98.51787389628606
188,-10.567947564578756,-55.062278813942385,-104.64572817013841,-21.50563329448031,-105.08353700926565
189,-4.540397045136391,-51.369948710499884,-105.78121021163855,-20.37459464070171,-87.68363525742686
190,-4.013127087577388,-45.918600526570096,-86.52512685577126,-21.58724189307261,-74.99843533804501
191,-8.612786819131383,-46.651302614916304,-88.65142199107342,-21.32912765361643,-82.69163815732558
192,-11.92905237657158,-51.49092368270813,-90.3970992870118,-21.486823297531725,-86.97941434057621
193,-12.683942212983629,-45.23307105633743,-92.32226791898833,-20.966537335233195,-97.3298130336035
194,-16.73403995300717,-52.635985522305496,-100.28658891745859,-22.25079565954632,-91.99490142426887
195,-10.051789291580285,-45.63505601878577,-100.65330658237598,-21.508366354666883,-87.87962749540176
196,-2.6594085625314072,-45.279667982382236,-81.67473756166515,-20.394786893529336,-79.58845762099865
197,-13.92895363892385,-47.2874827369084,-86.66839881848165,-21.41218794428859,-87.73143950400767
198,-21.74323252998846,-49.31860498657053,-99.07142840318055,-21.953020650243374,-94.5412440159393
199,-21.298932216312465,-45.791567931107224,-95.34991114270755,-20.757571547239447,-101.63011179770437
200,-33.36034673842712,-51.76866306680052,-101.03302100561648,-22.16424610625013,-111.56905237343167
201,-41.254085508526174,-57.8388283466422,-105.01714858000663,-22.795745207858047,-117.37067093230989
202,-13.887882498516786,-49.38778886167968,-99.6936538438087,-19.70828142614063,-118.1898701931122
203,-13.143416546113373,-45.721185402880636,-99.28775855748133,-20.552825602899937,-117.64550413559502
204,39.885994110750275,-38.28129549578958,-81.33172912636562,-19.151825691138995,-99.89120575255468
205,15.77291182464732,-49.28860645686358,-98.44421422412111,-20.68990201554859,-111.0233364835954
206,3.411556206409756,-50.856144838714656,-96.41137356696349,-21.707854205139757,-117.2525299067782
207,-8.59052339631414,-54.163022390949436,-101.13922567494785,-22.64585045735043,-124.50657960704751
208,-16.778388591608405,-60.07137660984594,-104.88439312191055,-23.386499879930664,-131.2973429902352
209,-10.152784931054864,-51.10077498403974,-99.78401181936218,-21.997554303364943,-122.39730382371337
210,-6.848963190342616,-49.2103897532961,-94.79722989815825,-22.90410207683977,-106.23415627682724
211,-14.617767270178398,-56.12808008187686,-105.1219646843293,-23.557354281718336,-108.45233062004363
212,-13.662204210749344,-56.704384531744594,-99.21313942823028,-23.0237531915078,-108.1098416416599
213,-9.607675926633906,-50.19763684271377,-96.2673843200898,-22.626556535916237,-103.44840416497394
214,-7.861469178257481,-51.74460604626182,-93.45165838484591,-22.734214908177023,-95.02277939606331
215,-11.355135492276723,-49.928755634892326,-93.89365234040145,-22.652022105730303,-98.47655828561957
216,-10.398342919423847,-52.188355301184785,-93.22526094570213,-22.77223206486411,-96.5755321703256
217,-8.843163308505456,-50.95093125335406,-94.0279760596755,-22.005251913274524,-105.35843567941293
218,-10.883302480739035,-48.029430002056785,-94.23822951258468,-22.581269955316888,-107.0004861849143
219,39.74982768010191,-40.28723532092063,-75.88364288800767,-21.154182971594157,-92.01949236464978
220,-2.717179569982548,-54.008462469935814,-95.08147498957285,-25.224058275918253,-108.53381964213855
221,0.1827465135885724,-54.00260444789308,-77.4043698296472,-24.611624806878652,-100.06988065854401
222,-10.399137917540028,-49.8298201006117,-74.47796576786638,-24.497075951588197,-89.66650912714705
223,-0.5335730933761518,-53.06265972415351,-67.85274047652398,-25.690501807506916,-73.78402833525203
224,-8.886549936646576,-58.64713966162003,-79.51271913786847,-25.599920937023764,-75.75892549046536
225,-13.608726291383217,-56.06626285906548,-83.31161849349814,-26.16898566019034,-79.16350126519703
226,-12.240676498025659,-51.698018825182515,-73.84565661426068,-25.097193062121455,-75.52974192073391
227,-5.035880603519171,-49.3154780280125,-66.25093368886036,-26.15590196928976,-55.769729990641636
228,39.15181162586833,-42.9337574446438,-52.15742800651563,-25.1547015855063,-46.32973879894539
229,-7.7512211360857375,-51.0507963273692,-64.80461926581263,-26.62903183763439,-62.3040423612204
230,-9.013043489080086,-52.025844861014946,-64.07830373944965,-28.085981045338748,-58.77774274988957
231,-21.402047391924246,-59.7754903840319,-69.38409701951299,-29.14996337460416,-67.95552007812955
232,-26.008844476854456,-56.70618406656532,-72.68652105091421,-29.173522277264617,-76.35673270236985
233,-34.822299517050126,-60.96607863921004,-77.58801838825562,-29.84135237546834,-86.54923086215403
234,-37.44177592114508,-62.42699711147334,-80.73787975406215,-30.121607909525085,-91.56943026118046
235,-19.55543981362892,-56.74199407394822,-85.68332495218327,-28.679396821110927,-93.99679678307497
236,-14.853147040019225,-49.645281749335474,-67.12921427022209,-27.893050907997672,-74.47755541189201
237,3.709050454347558,-48.90326656252001,-66.98333126668858,-27.79122957646883,-48.81793806105229
238,39.52387492145701,-44.802002599948636,-48.30710320491201,-27.191304390902427,-38.75095609214505
239,10.3981865794157,-52.57231454855601,-69.67179670185979,-29.877091214247322,-58.17307877227317
240,-2.8817414064259594,-53.00206554652997,-69.84805210276781,-29.753552464095403,-69.30814705360724
241,-10.795368904934012,-54.288532170407294,-73.02312647961324,-30.26082680629287,-77.5330572252442
242,-16.171011203654267,-57.51115985809296,-75.2995881784776,-31.20001860736023,-80.14852411447862
243,-26.033663215569348,-57.22683560629456,-80.63500932377332,-31.609170339437906,-91.93453322168185
244,-34.41464880563323,-60.09935968739107,-93.07952491136807,-32.214598471983685,-100.16818532249324
245,-22.58659292469242,-57.54043746923944,-85.86152213730686,-31.0787887314066,-101.11286778149858
246,36.508720690895785,-46.13755089202492,-63.57735883767599,-29.328988512908516,-83.78341259671403
247,43.532759335971576,-49.36846589533408,-52.33017402792678,-31.0709346093967,-74.04679067462905
248,23.88109472361547,-60.13514975431815,-68.7375252017294,-34.13074353940769,-94.55984715350546
249,7.9779409062233775,-62.38250489695198,-77.90000250674424,-35.23981717095913,-101.50419111836798
250,-4.46675513254395,-70.96339335704985,-77.8495733983222,-36.21219418767715,-109.31294220008425
251,-15.353289173466951,-75.61578839112639,-82.36633594944136,-36.96322689760231,-116.58904086217132
252,-9.527617910168054,-75.46280136010488,-82.57350453759399,-36.10336209964329,-123.97088159754762
253,-11.970635998405465,-76.34738521175791,-82.40819203683166,-36.88318507670961,-118.67043190620066
254,-11.986040292317671,-71.15360512813288,-91.48232504407758,-36.394892520800646,-122.59863989962753
255,44.59686401351432,-62.4603879146975,-56.47363465107353,-34.94512229477861,-83.18472997170704
256,9.978003720406651,-70.69593593665532,-68.25851037017384,-36.55436530140898,-103.41168906740054
257,-0.7713528478924943,-76.75711088556223,-80.78221995286579,-38.05047474674521,-107.47182877999415
258,-7.565411900150593,-78.62646417766503,-84.98629398419146,-38.237629995378754,-107.35788174397779
259,-2.8287251184878617,-73.13423093031534,-80.40297548515913,-37.67332821676509,-97.60854211073305
260,1.413876861653577,-79.16646590407082,-71.90206414814686,-37.95486507154,-87.33696049446755
261,-7.526142689195279,-76.31517165711801,-69.4226741299991,-38.350780557133994,-93.12812466378183
262,-3.532473357101635,-80.06120002406864,-75.62919944035808,-38.575041386462715,-84.1775122009987
263,-6.709245614180535,-75.39332359054043,-82.04821472112073,-37.63352535007926,-92.41441922198965
264,-6.650601094717599,-71.42833752310308,-75.55287604786993,-37.448781626680685,-95.7100873083084
265,-8.47169971133172,-70.0807029576108,-69.22540626269746,-37.12643637932489,-75.2447842939023
266,-5.675587522865335,-70.98918732228837,-76.80682410026637,-38.22397970454228,-68.27751875445624
267,-6.948057343269838,-69.78158692145007,-85.96247738196095,-38.08342470672415,-80.25917561968294
268,-3.862766798616196,-71.31312518177451,-84.33011651211288,-37.22482511273019,-78.71992376075659
269,-8.783988944805515,-70.83884656937208,-80.57620662606296,-37.80760644384902,-83.58722004312276
270,-8.633621536703092,-69.43450612122685,-80.92036426915627,-37.32128583093651,-87.49062014986778
271,-10.514152941517779,-68.93374760952273,-82.91482547894674,-37.10491109477037,-91.18124683383355
272,-12.229434836913718,-69.35075672385348,-85.06772467422435,-36.88548927263742,-99.70623391529573
273,-6.385873763551134,-63.69901498717794,-91.33964360201796,-35.985109714373124,-97.00722524961365
274,-6.358531088785803,-59.976576801784105,-89.10437094547137,-36.457884197089165,-91.31398322980202
275,-2.751237809374455,-58.49587935181239,-85.27879570180758,-35.09951583386582,-87.79362965303629
276,-5.3837147374963585,-56.826157912152816,-79.69276005419275,-35.66885015260363,-93.5148702515719
277,-10.036430031534678,-53.14243653247677,-75.26160524382594,-35.03388468533348,-82.91239921757496
278,2.4456809766869547,-53.790716577786945,-67.4219192430294,-36.40747589414452,-65.14029030761682
279,-10.2924272992706,-57.50410713291835,-73.98143300091971,-36.37907909160744,-78.93726127884237
280,-13.816820053890261,-55.85020918728611,-78.58455390172888,-36.636208536732234,-93.86116524853912
281,-11.76140208639157,-52.55207877908217,-77.96537699925848,-35.6315926677617,-96.88980841567415
282,-11.115453089132455,-51.950420527778185,-78.59986358612827,-35.90763565807914,-100.49260979697164
283,-3.503842657805155,-53.40397912707728,-73.90494203680578,-35.699673006147336,-88.95998599524926
284,38.36079045225212,-44.846774378157846,-53.834520990295864,-34.45809717551689,-63.57052826616138
285,-12.561454127473489,-60.46669171562269,-64.93557512923728,-37.23880816320871,-80.61163339061343
286,-4.533046356168775,-61.88297250175118,-59.84661331123891,-38.91411735808756,-68.71892747330955
287,-14.402023268584244,-61.33296965190681,-74.55967615284628,-39.11926795193564,-81.4609002027895
288,-12.86364896012529,-61.43554539373366,-64.29458844082937,-38.91818175083808,-80.16103950064759
289,-10.886786309726247,-57.593313709190866,-74.11287630896632,-38.6147632190003,-85.29196899191048
290,-10.68398373171948,-55.83238710653818,-73.24390448295777,-38.108337867696065,-82.06251020614562
291,-15.474381631174694,-57.95666278681563,-68.46351187996888,-38.79496320776472,-87.49529601867862
292,37.350177088207616,-48.214992317508425,-49.8611619807472,-37.51542649259134,-79.67252523840196
293,31.63747761358617,-53.29004214425993,-65.22017904494837,-39.33650126149904,-100.62587964184675
294,-8.17758108914681,-60.4631816110813,-69.36519379708197,-40.03845208578525,-106.60414506201256
295,38.95443885276408,-51.922934977215284,-44.51832049660414,-39.769849982763915,-72.70049400141951
296,25.63176700306759,-56.867805243882124,-62.568020621023464,-41.54259360906781,-93.81467429478833
297,-0.9989415477780987,-63.80623615752926,-67.19509560176,-41.968731042112466,-105.80703743468789
298,-6.78953963982927,-58.295078844349405,-64.77829256944136,-41.58220513234982,-96.7332056438989
299,-6.712760093959346,-59.421549182603655,-61.91304831978774,-42.97369077178095,-89.79737652738062
300,-7.926843262635664,-61.5732438153212,-71.63397772022424,-43.00847149095239,-92.29767747551449
1,-23.34664381346455,-11.644000280375904,-24.477208522108278,-11.636669223513579,-24.659189309284713
2,-29.38724117098944,-8.27499497545332,-32.06780091209539,-11.729511946390964,-46.56307385810257
3,-38.878723971866705,-13.415804837583856,-40.892325433099316,-14.041314153387397,-67.61301750573537
4,-42.90447461470023,-16.232859898859623,-47.65976107325338,-13.434385872427782,-84.861183186884
5,-52.901691071644564,-18.69835203303588,-63.49207374839007,-16.903588715794488,-101.68771768381136
6,-33.70186428737459,-14.20932655199117,-62.38200194932413,-6.125754214903576,-106.10578233182028
7,-22.773153802405872,-6.138242670433193,-59.881168372328005,2.0505172369169027,-96.12369268497437
8,-34.70253151609077,-9.855303220182165,-67.10599259052518,-4.113003645556413,-109.93053627232862
9,-37.29371755553326,-6.565238685140363,-72.15895136514881,-3.203961309817039,-123.3190739902434
10,-45.71506826464146,-5.473287600550497,-79.80455099625394,-6.1835615124331795,-138.89951682289856
1,-24.770553783953837,-6.2137643831676685,-12.463751062870017,-0.24820553783953836,-25.067245712803327
2,-45.74392122925465,-11.390305631356927,-23.06707416180406,-0.4562967086266255,-46.194830415961455
3,-63.631470162146286,-20.79856319957692,-41.42214670451148,-0.6351721979555418,-62.73362033949901
4,-76.81906782879385,-24.246230225106267,-53.97995929417819,-0.7670481746220175,-74.85187300440481
5,-37.29330270383517,-20.97101810929212,-36.85571215336914,-0.6675085740074087,-68.85451334028298
6,-57.63397010216278,-27.56293121852204,-46.737766509882796,-0.8700319316692211,-87.20046335249825
7,-72.6366618508946,-33.120934399677644,-53.40345348688122,-1.2188828219381833,-98.8605195117601
8,-85.11581938441827,-36.87275625501184,-65.67959207364615,-1.2824712046074707,-106.44490917519944
9,-94.52927584425849,-39.841645949961155,-71.77987858072491,-1.4266511413451086,-110.85382842111603
10,-100.34862456706429,-41.110406229499645,-70.28479869414662,-1.484844628573167,-115.7170068943103
11,-109.69245614775949,-44.87686572368257,-74.3105528988776,-1.578282944380119,-121.18386896130592
12,-115.20111015918384,-47.715915259024996,-77.09822610394512,-1.6333694844943625,-125.65047765729112
13,-119.0175811776841,-49.288224429028766,-79.1340581555068,-1.671534194679365,-129.07499617066097
14,-124.04498719646598,-49.807936080926396,-81.42291203663737,-1.7218082548671838,-131.91499028803455
15,-128.06681148263618,-50.73854817749702,-83.28013350039468,-1.7620264977288862,-134.48150904966676
16,-133.50389379730632,-52.57521641362563,-85.11297810580199,-1.8031741699736574,-136.37580515662583
17,-135.68435683579588,-51.76275526142255,-85.7436856444098,-1.8143594606246718,-135.26815732459943
18,-139.2346074898859,-52.97055117180788,-87.34136401157583,-1.8498619671655718,-136.78456150524937
19,-142.31294291915736,-53.055689302929814,-88.32853929095243,-1.8696457680017984,-138.18543530075326
20,-145.12227125738968,-54.16741617464803,-89.58908462078982,-1.8977390513841217,-138.9621261474715
21,-99.55666687168225,-50.59888132797093,-73.00264771438079,-1.7771428866440053,-130.5747134804322
22,-64.71117177413622,-48.887362601307345,-61.46785565505171,-1.7276512922549692,-130.5747134804322
23,-81.7618819589789,-53.90495738101792,-74.4633591737875,-1.8939108142295582,-141.5431914679792
24,-88.90211640019925,-56.35082030982734,-72.13937593922766,-1.9653131586417616,-143.57162248507248
25,-44.53849501343276,-51.63345270333791,-56.03821619879244,-1.8246158332280538,-135.32180514375608
26,-64.17447875476216,-56.46354665917717,-64.85725992534562,-2.0178195914616244,-148.96410002041628
27,-73.46708056018385,-61.50373181030992,-73.78168775261003,-2.110745609515841,-151.67569311983834
28,-80.25861387480367,-62.95550521291677,-76.01447938189236,-2.1786609426620394,-151.62911390645195
29,-83.99778707388302,-66.47877787598509,-77.04959772388392,-2.216052674652833,-151.17154660816988
30,-89.63290941028826,-67.60340912767636,-78.17992571892853,-2.272403898016885,-150.04947743253416
31,-91.08475484559143,-67.65649145340568,-74.09204163959886,-2.2869223523699165,-151.25012256743503
32,-98.31203403861048,-70.87865397795593,-76.78408282102367,-2.359195144300107,-152.94781126994584
33,-102.40851141716958,-71.01955177206021,-78.5494533488712,-2.4001599180856985,-154.62457187553468
34,-107.73193531568081,-74.87142476480724,-83.99581859777233,-2.453394157070811,-153.40666270058406
35,-61.88996374554448,-69.71169824966188,-61.24547961902898,-2.3080183303439763,-142.2021400175372
36,-78.12211478451232,-73.4908267124704,-68.7692694134343,-2.463102144779009,-154.39718977254154
37,-85.62070754350239,-79.60425695642877,-71.56089564376958,-2.5380880723689097,-156.14976163657303
38,-92.55563474084568,-79.64677090757719,-78.11858628220519,-2.6074373443423426,-155.246919485401
39,-95.3975451781977,-80.08052051628322,-77.90995366296262,-2.635856448715862,-153.41220335030405
40,-100.5058547190743,-82.74715240080006,-74.15690645539077,-2.686939544124628,-153.00133716835273
41,-104.99337588019986,-83.64417904821589,-79.83651412074653,-2.7318147557358836,-152.486629651969
42,-107.54435185219107,-84.09397979057931,-75.71763198355265,-2.7321063477630183,-152.61699854788083
43,-109.09754528395062,-85.81904036457637,-76.89492401992936,-2.7476382820806142,-153.54613235871736
44,-135.49213903882497,-92.1009534568061,-106.26138837476081,-3.0115842196293574,-177.09873740994323
45,-82.33748077133168,-86.19656107751156,-79.9788495442931,-2.8072125708117692,-163.83191448010334
46,-48.751140221005755,-84.68073545578011,-68.78340269418446,-2.7730075375404146,-163.83191448010334
47,-63.89218673475273,-88.16749381348164,-75.95873522477561,-2.9149628884611434,-175.2420361712161
48,-71.16136324694001,-91.48013052036339,-78.44932621888218,-2.987654653583016,-175.647229111481
49,-78.4996916350359,-92.47985192652219,-80.94921273387482,-3.061037937463975,-175.96989142524504
50,-85.68568235938235,-94.2763496076088,-83.3720780381437,-3.13289784470744,-176.1351018021654
51,-91.89045252798046,-96.39669037609413,-88.37070284433149,-3.194945546393421,-173.22797415400674
52,-45.64413205135016,-90.74940263624804,-64.7645066476505,-3.0375465009450653,-160.9418400973004
53,-12.295716333107286,-88.60676622212125,-53.80254008527885,-2.979175633068429,-160.9418400973004
54,-32.60796968419746,-93.48557524308728,-62.88077340082419,-3.1743279939070703,-174.4593260197604
55,-42.27248529302095,-96.61114202012388,-71.8758055204118,-3.270973149995305,-176.04574421807698
56,-0.4787328659266876,-92.51894664140875,-50.44440117353637,-3.1316616139193005,-164.79551391131096
57,-22.07917286264014,-102.66157272030587,-59.742665917448534,-3.3346082165748694,-177.38422238135706
58,17.77324483780758,-96.14285055981978,-44.68539385098753,-3.2040309206299624,-166.7454253834865
59,-5.5415514963581565,-102.80492408514357,-54.15569915309357,-3.42270448946679,-181.08823703632393
60,32.46577141169396,-98.3839691480534,-39.83980689349043,-3.3019446414436358,-171.20752929480935
61,8.428172251357505,-105.30428166076716,-50.351231686542,-3.5043751833118093,-186.1177553721516
62,47.35673398854577,-104.89947755647144,-29.84555264540844,-3.46298074731113,-140.9408045997268
63,77.5616568632474,-104.01748731589181,-18.84773925006604,-3.448436471024799,-135.3637699770757
64,97.22215526007278,-103.6449940512092,-12.203043667058855,-3.4532035616584627,-135.3637699770757
65,42.16222384584896,-120.74847356090515,-60.51081143942686,-3.986969550852026,-180.475727335358
66,29.876327059172276,-124.84145926241075,-59.64484100034319,-4.109828518718793,-184.71343281205566
67,17.455755645104375,-127.86695529612551,-71.06827719609535,-4.234034232859472,-188.1689250403442
68,7.34240097499648,-130.36773033734406,-69.05985839453285,-4.3351677795605505,-190.75835756452295
69,-3.592869429347127,-133.10154793842997,-73.1985584198862,-4.444520483603986,-193.72001690795582
70,-12.18690289508411,-136.5552082646954,-76.35183484272417,-4.530460818261356,-195.45160851350968
71,-19.805537673986663,-137.4579414638859,-79.01981086098425,-4.606647166050381,-196.15102376940052
72,-26.544507592465806,-139.80381054142524,-85.37804196078986,-4.674036865235172,-194.2556915962129
73,-31.07980783207669,-142.80802668631299,-83.80422949798665,-4.71938986763128,-189.62732278220264
74,-33.32288927269112,-143.8016411407887,-77.88708191869276,-4.741820682037425,-187.58491254239604
75,11.182159162735935,-137.51812230995444,-61.15017211041072,-4.571112026145896,-176.2810190025125
76,-9.980579402319695,-140.2779422211287,-70.48397717081379,-4.767708114609501,-189.95837223481962
77,-19.935573797133877,-145.22976688335964,-74.11174822633473,-4.867258058557643,-191.8150097783169
78,-27.074086896565937,-146.80249096741798,-80.81430546813729,-4.938643189551963,-190.115762388706
79,-32.80915425854614,-148.73729457173047,-75.86918937012025,-4.995993863171765,-188.02019008725114
80,-37.77215814609772,-147.06418318737306,-77.77519213475559,-5.045623902047281,-189.1742581823726
81,5.362323043599499,-143.1523884859307,-61.79527238338291,-4.8918158495478234,-179.127617480944
82,34.94189154855461,-140.8440327150772,-51.9674698224818,-4.839797982413576,-179.127617480944
83,11.562821900426373,-148.14698484175514,-62.022719138336434,-5.058840976043106,-192.70097407981527
84,1.7059594794333997,-150.59917325768896,-70.9577432799465,-5.157409600253036,-193.24722584832054
85,-5.7814275518431035,-151.00727894125293,-68.23107813237219,-5.211476780615396,-194.84078412062192
86,-15.071404120469184,-154.1097622370654,-76.53511801945865,-5.304376546301656,-194.93264806871633
87,-22.512861905231098,-155.9701266832559,-72.78561061512434,-5.3787911241492745,-194.4335510022153
88,-30.161904327853872,-157.76917560412906,-75.50245334633503,-5.455281548375502,-195.3350466814049
89,-37.65477390651306,-161.1749028981691,-77.89240256091026,-5.5302102441620935,-194.6890028115379
90,-44.10870917494495,-163.35201077347187,-79.78164588089874,-5.5947495968464125,-193.11659219460492
91,-50.727442888822004,-164.07675313997586,-81.78995241712308,-5.660936933985182,-191.92896398419683
92,-57.61178923508323,-165.79783972654116,-83.93865530523921,-5.7297803974477945,-191.0524886203712
93,-63.37101344720423,-168.62149651187102,-85.53147127030192,-5.787372639569004,-189.09093598650543
94,-66.8054573407409,-169.16661376939848,-86.40618406225062,-5.8217170785043715,-187.08457991047206
95,-21.100312569613166,-168.63682592501672,-62.857904317772736,-5.758318845280057,-137.20519098586024
96,16.794193202459446,-166.11552786873344,-49.354360431028766,-5.70210877155356,-131.86060636567825
97,43.397389807512425,-164.37706938129102,-40.48662822934445,-5.670486210755018,-131.86060636567825
98,18.380157883225504,-169.98483343060448,-51.639528239129106,-5.897145500151324,-148.93867006556854
99,55.395755388008354,-169.60889257506892,-32.517141474807374,-5.852678741913973,-108.23554448920385
100,34.619083512192674,-177.5829306263522,-42.04190823974594,-6.0924378218257775,-123.83080132720391
1,-49.76663558984738,-16.638894871433862,-49.96778804626612,-0.4986607253984739,-50.11761305990933
2,-65.58187691982954,-25.467989462525118,-55.52203867196571,-0.6568131386982954,-64.69385023260423
3,-78.8828397489533,-29.245918754819474,-62.317844062931904,-0.7833493384528728,-77.85227682280731
4,-91.97436462420202,-33.680644203087894,-68.4606619668766,-0.9142645872053601,-88.52613449597801
5,-102.23670092741305,-35.53177072704063,-73.63731749187353,-1.007831609280439,-97.7306475347015
6,-110.04450409852774,-36.67527740030591,-77.22352434751065,-1.0786650956054238,-103.27005505698675
7,-118.7693306757342,-43.20948389510438,-81.10894370615823,-1.1659133613774884,-109.13291805445935
8,-121.9374912574969,-43.495453429984416,-83.43828175299319,-1.1975949671951152,-113.8737196578289
9,-128.10382412460274,-45.35411431122286,-85.82872908744778,-1.2592582958661733,-117.67865163137267
10,-134.99849144320177,-47.742636639502635,-88.6527693239127,-1.3282049690521638,-120.83355841296407
1,-24.627658500000003,-6.156914625000001,-12.38882925,-0.246276585,-25.077658500000002
2,-46.08204488511521,-11.520511221278802,-23.098601056520785,-0.46082044885115203,-46.304905770639365
3,-64.2909651290262,-17.64518467997994,-32.01009512111773,-0.6394567187455926,-63.71223446962846
4,-30.10390192444025,-15.827178258457565,-20.010611126779594,-0.5865253190938685,-60.08945691277157
5,-51.38428342089401,-21.026880286073812,-30.46079522829968,-0.7958846424220619,-79.83705064620918
6,-66.27091834742957,-25.073112236253916,-46.14335098312473,-0.9447509916874175,-92.46967265212497
7,-79.10293934114448,-29.946968516352072,-48.848393425966776,-1.0730712016245665,-102.23961773154039
8,-91.49235661546352,-34.14538434190084,-54.47212417407789,-1.1969653743677569,-111.20316767156898
9,-50.14403419761413,-30.50465184959944,-39.839679680435744,-1.0865301117669008,-104.85581224971841
10,-68.76391424005735,-34.877529984219464,-48.85079893192292,-1.2627978304317455,-120.60026378229671
11,-80.81206619946275,-38.97433075867174,-60.42728506153114,-1.3832793500257998,-126.91141639550172
12,-40.11138527454465,-35.19199926305101,-41.10988058644536,-1.2742332530842797,-118.28565014533208
13,-7.981959654476974,-36.75126364032196,-24.70576001907852,-1.2935624914220247,-83.7458906888335
14,-25.940788236151228,-47.160727930393264,-42.36255053985467,-1.514253058377068,-98.19720332470962
15,-39.55902762194114,-48.68124716454957,-45.05016230938274,-1.6504354522349671,-108.8958835403046
16,-52.31392460052518,-53.57645246048133,-51.06075523951267,-1.7779844220208076,-119.16272156828788
17,-62.89019913958304,-57.19796275855384,-55.95071502346486,-1.8837471674113861,-127.15325227170392
18,-72.63476853673785,-56.996926954151604,-60.47470949056503,-2.148708831946788,-134.4845292345815
19,-80.82954014463886,-59.50761550574009,-63.952621889294136,-2.130575706168991,-140.20140722159687
20,-90.02828487267399,-63.298781362276884,-67.69805403438086,-2.2225631534493426,-144.27651063604696
21,-92.56629935841366,-61.67045155462854,-69.77283304920749,-2.2479432983067382,-148.13083427547144
22,-50.42773772201273,-58.99541986671764,-54.28708887243137,-2.132305382302459,-139.4934924876165
23,-19.953638554818948,-57.967289729069,-44.12905581670011,-2.1086657418950816,-139.4934924876165
24,-41.530296592735965,-63.1540131660731,-53.79413103315876,-2.3161346793752458,-154.3306277105344
25,-2.318100842681062,-63.661077816775425,-33.38155028884376,-2.283611826512363,-110.27953474475426
26,-18.85451132510325,-66.02136506005503,-39.95094441821428,-2.4805683545797517,-119.19148301102754
27,-33.66233704555265,-72.21673598793969,-46.561784168119345,-2.6286466117842457,-129.2408700695592
28,-46.732787997334654,-76.04793700054216,-58.97094657396184,-2.759351121302066,-136.00392936544281
29,-7.261803107312829,-71.93948777392721,-39.774013056405806,-2.644975288115673,-126.94402153411967
30,-29.200860061975344,-78.47335167104353,-49.73384789801466,-2.8537867532719075,-142.70694875264516
31,-40.75074453621198,-80.45683954307474,-54.73740260140659,-2.9692855980142734,-149.62850802452346
32,-50.91425646483959,-86.28436921040863,-64.32882306480874,-3.0709207173005493,-152.87142825759034
33,-6.18104910671309,-78.68019972946198,-42.271400394691184,-2.9037912109630772,-141.83521313243932
34,22.680385251906312,-81.06404317454887,-26.947556885610606,-2.9510277770145636,-107.6150207951946
35,3.3049706010312008,-88.95986257030238,-35.853417880452014,-3.1875171858647446,-122.29935746249281
36,37.40383788148195,-85.71463433211905,-23.394867851998107,-3.1003255755674526,-115.7603549654537
37,11.870182876174077,-91.31914918556379,-35.1871060453382,-3.325409811843115,-134.84557995627864
38,-3.87232183054447,-97.16115744049323,-42.09991875754797,-3.4828348589103,-144.83744681610023
39,32.32134079175872,-93.28503464862949,-28.740809607485858,-3.378329430434129,-137.0287499340214
40,7.7157702295117225,-101.07452050413526,-39.78678903712074,-3.6117383136300614,-154.0934853873367
41,43.00471563022446,-97.30765945820082,-26.65520208995479,-3.5102561046581013,-145.88185450576646
42,17.002261691819047,-109.18544956269524,-37.943166390580664,-3.7541117537872917,-162.01808000384358
43,4.082893196948952,-109.89238166117295,-43.28180032849215,-3.8833054387359924,-168.33135751271348
44,-8.616289579382482,-113.7180123526772,-55.30340947854112,-4.010297266499307,-173.40178155815804
45,31.331711569978467,-109.46008056658926,-35.1326200224319,-3.869900340649079,-163.0106436703001
46,7.259443981752511,-115.7661564892188,-45.71634888909014,-4.098310301004606,-178.71149577608222
47,-4.986294350493697,-118.78189873877757,-50.674249518147604,-4.220767684327068,-183.98751115913626
48,-16.04587738736548,-122.63155423094015,-54.20511824225708,-4.331363514695787,-187.32489001777364
49,23.338421732917315,-117.81933138018464,-39.3598525537448,-4.201581333026192,-177.02189412726557
50,-0.26100700096907303,-122.64979812329585,-49.731934649867924,-4.394800002750641,-191.3708529988036
51,-11.261325561388002,-125.39987776340058,-54.000351633934194,-4.504803188354829,-194.9170925141837
52,-19.964975563167854,-128.40846273750225,-62.344798146691375,-4.591839688372628,-195.35473170674888
53,-27.097943360789507,-130.80771618051415,-58.24528750799827,-4.6631693663488445,-194.42794676964706
54,-31.466861398541603,-128.790878047381,-60.11721642366632,-4.706858546726365,-196.1935031875469
55,-39.67713480286348,-132.49597171739705,-67.20519601612303,-4.788961280769583,-194.7382531896491
56,-44.10408156439172,-130.50910779601432,-62.2848056455612,-4.8332307483848655,-194.02823591000472
57,-1.1457495016288703,-126.67578670900254,-46.336224726820326,-4.681901570092245,-184.01386555309455
58,-22.998239072753957,-131.777845684918,-55.699727564332505,-4.885983929128863,-196.48990343591743
59,-32.113543495577275,-135.69018751471643,-58.89510703349513,-4.977136973357096,-197.4315714052465
60,-39.4749390067625,-136.1745649400562,-61.78662422487594,-5.028673527240106,-198.95401346971883
61,-45.04734477340016,-137.4941221144958,-63.8128848537242,-5.084397584906483,-199.13995676152672
62,-48.98575015189044,-141.30037985090138,-68.88875056825856,-5.123781638691385,-196.45832492622478
63,-52.62931442322309,-141.03205724081286,-63.0497472739644,-5.160217281404711,-193.87369444821718
64,-59.58841967810633,-143.43009591844714,-68.88323512861945,-5.229808333953543,-191.25896596549686
65,-63.859381130193704,-146.2738583603343,-63.29176769622231,-5.272517948474417,-186.96517287536528
66,-65.65272759661563,-141.8285700753484,-64.26890401382774,-5.270315434483492,-187.48570801825352
67,-72.07725133680927,-143.41641853671086,-70.75255181205208,-5.314338011310588,-187.4040920400272
68,-24.45713338424735,-138.34983002507443,-47.24820419839375,-5.128893232552817,-175.77616667419028
69,-44.41357674162231,-144.55884376890307,-55.73081270056512,-5.314380556968385,-186.75893097246853
70,-51.878842030632526,-147.07654160308118,-58.209932350602635,-5.389033209858487,-186.70311829467323
71,-58.74220993390501,-149.39650720895781,-60.3993281710551,-5.457666888891212,-186.11275741084307
72,-64.38941672672662,-150.72897967447173,-61.49029613256715,-5.514138956819428,-185.16080661854505
73,-70.26852228507809,-152.72570825549406,-63.21802163620366,-5.572930012402943,-183.76894852366112
74,-21.951112155690808,-151.11815707152246,-18.697535359797122,-5.491321512712196,-133.0128752098268
75,-60.13592803623586,-165.28923578914933,-53.96526733110847,-5.929792298488921,-166.72680989768668
76,-58.88982697314924,-163.84119393244876,-48.57689843795139,-5.917331287858055,-167.30010362111287
77,-16.631699042981065,-159.35709630717474,-32.849135684681855,-5.778822520229365,-157.449782961832
78,13.849516547468706,-156.7499652050635,-22.785441787148123,-5.720095208390816,-157.449782961832
79,-7.983704992202432,-165.59561978969018,-32.287248098112045,-5.920954593809264,-170.23719632926245
80,-17.067272879722434,-165.07854010100937,-35.86175771533762,-6.011790272684464,-173.297387645837
81,-27.302562780379468,-166.4619343370597,-46.68297703064682,-6.092482962336975,-178.63573295292863
82,-34.32823392911504,-169.28452507195283,-49.94813530459243,-6.162739673824332,-179.96730028349506
83,8.768192824675133,-168.54784051213602,-22.1824987813553,-6.094580874092666,-132.65664879006675
84,-8.02060921734712,-174.3464797503088,-37.561536974946726,-6.3080880014732745,-143.9093720374138
85,-20.317561066339948,-177.420717712557,-38.59148535407968,-6.431057519963202,-150.6005804527314
86,18.695780016779935,-176.86637279451094,-18.578505258375532,-6.383539801896597,-108.54938204474624
87,-0.11734935720801687,-182.73264212933051,-35.98203202852827,-6.603442655315357,-122.86524053706532
88,-13.064239875913142,-186.39621600995696,-45.893106813857656,-6.732911560502408,-131.22878993319566
89,-22.64685440708702,-189.26078371575466,-53.19370175486192,-6.828737705814147,-137.2153621923538
90,-32.6846954240267,-192.78230660622182,-58.58768361063091,-6.929116115983543,-140.28741446753747
91,-41.1094889779582,-195.60491736333844,-56.95472217678833,-7.013364051522858,-143.10889998699474
92,-46.3033720575693,-197.0749987120524,-59.61655879525222,-7.065302882318971,-146.56902705190248
93,-4.5851939607198915,-191.66396575816475,-44.15650332257965,-6.927811469327784,-137.24505040956592
94,25.257994079876955,-189.03197514408183,-34.33055170324654,-6.867408460712539,-137.24505040956592
95,1.9771999964714073,-194.3149805553318,-44.73628135909565,-7.078728677162539,-153.0158091283686
96,-10.154809673149265,-199.03137216368765,-49.71033683695265,-7.200048773858747,-158.5961226562693
97,30.09771169149231,-197.39897986398788,-29.052421432162877,-7.140386755694811,-115.15367295681384
98,11.592994497132384,-203.14297895714176,-37.52393605377849,-7.35867160370036,-129.54996216239056
99,-2.3514709951055437,-207.0904358810752,-51.16797791958157,-7.498116258622739,-137.86949034989001
100,35.74422246879169,-202.7915458811891,-32.7658473980694,-7.373488708688183,-129.31414129957037
101,11.732431436077452,-207.3349782329143,-43.8075745809386,-7.538086474564977,-145.8817417909744
102,-0.5232743444082342,-210.85600502373018,-49.16545733527466,-7.660643532369833,-153.34986439152297
103,-10.958655527809167,-213.27944247261726,-53.54144174726477,-7.764997344203843,-159.2440673388137
104,-18.656650626210002,-214.18314631361088,-54.92763661582378,-7.841977295187853,-155.11639753989948
105,-25.951635001039474,-216.0454067134798,-58.379762412957916,-7.8848956009281705,-159.59343898197545
106,16.29316494726772,-214.00370348027187,-36.80373312671894,-7.814974680192843,-114.62686316115597
107,0.01220344419923336,-218.79713436274042,-44.60963167809196,-8.010352857841823,-128.09560776336124
108,-12.599255080362418,-223.59801856676373,-50.0049933958881,-8.13646744308744,-135.24486102101477
109,-23.312352804024496,-226.08590752912224,-60.883073784726726,-8.243598420324062,-140.1027937291765
110,-29.20302740818137,-228.98488114150535,-58.98312175374424,-8.302505166365632,-143.571360029863
111,-34.55471233636014,-229.4437902231539,-61.59741471018246,-8.356022015647417,-147.41433927113593
112,-42.04117969067117,-232.7655534380586,-64.6088323316881,-8.43088668919053,-150.1879082260348
113,-47.03541560436011,-232.24318511027207,-67.10707939061518,-8.433497985090192,-154.91423619207532
114,-5.075393497716195,-227.37268961063478,-51.66329113209741,-8.295172376663501,-146.1715508542565
115,-24.477019221561143,-229.2356142124911,-60.5136849525373,-8.46118670257215,-160.15522411369383
116,-34.8281654140717,-232.4873259552743,-64.62919617733351,-8.564698164497255,-164.14599907745003
117,8.995076362700779,-226.33998959309798,-48.5433205625646,-8.399740704048556,-155.27722894238153
118,-12.807086100393263,-232.73057082268613,-57.8345843598575,-8.59162058254168,-167.42048679995085
119,-20.43246237273904,-234.8774625718784,-60.647056203684855,-8.667874345265135,-169.04456531822336
120,-25.81762024507151,-233.13794716082512,-63.10900747452362,-8.721725923988458,-172.03844612360612
121,-33.383326055457474,-236.70965817018885,-65.89565822866118,-8.797382982092318,-173.62693902765955
122,-40.152877803241836,-238.20969727421493,-71.85830348865488,-8.865078499570162,-171.31875303261955
123,-42.71523661346992,-239.25846412194153,-66.4587656676666,-8.890702087672443,-169.17638661723322
124,2.8837380073525836,-232.47568733062798,-49.62594687898029,-8.711413764909558,-158.692975564196
125,-16.990132275244797,-235.24407800786835,-58.62401141081761,-8.827046071651475,-171.38096835572753
126,-24.02110550431735,-238.38163639051464,-61.31600941285795,-8.897355803942203,-172.98273721547284
127,18.06674477157299,-232.2850092183752,-45.53271245189518,-8.744418326736918,-162.45865600147687
128,45.85696985955296,-233.72375662855282,-30.572522335371985,-8.778507108971658,-128.2779654782977
129,27.03615967650618,-239.70673295374868,-39.14411623838233,-9.001785171379133,-142.0915400214601
130,63.23094129442798,-235.25679972618943,-25.73302400700276,-8.880373861104102,-134.63061915093505
131,37.44645843008671,-240.92223474094573,-37.19263867478506,-9.107979674764671,-152.01655199658373
132,24.12213320699444,-244.78617056990447,-50.29587937305151,-9.241222926995592,-158.86548513183791
133,15.4753813272443,-243.88332973395595,-50.017796704519526,-9.29285763048775,-159.52205676005718
134,52.07293349455793,-240.36336449705777,-36.57732850448159,-9.175239496112406,-152.07435189445687
135,27.09781982552002,-246.36800016653018,-54.557430245822644,-9.392414441186148,-166.5569476719495
136,66.13710532211003,-241.17092957930402,-34.88651070168571,-9.242634855879427,-156.54664970794562
137,40.286441034402515,-248.12233677361198,-45.28889330440853,-9.470742763900901,-171.5311636331988
138,28.694935694847654,-250.73346514284057,-49.9157048772786,-9.58665781729645,-176.61072181244293
139,18.073036246516722,-256.12765777837035,-59.596279253571296,-9.69287681177976,-178.77054768378642
140,9.916030861886648,-258.8257667005948,-56.38665945796571,-9.77444686562606,-179.11444244180822
141,50.00296145469049,-252.73158688341383,-41.27893756242019,-9.623860510262437,-168.64197225414276
142,26.188076322839077,-261.373034426677,-51.04429348008172,-9.828221584904243,-179.57387771846786
143,18.70472478031562,-265.11471019793873,-52.98303733659715,-10.078379754125642,-179.8455016020061
144,12.31491641966802,-263.965790165145,-55.22148092735243,-10.010483315695604,-180.20172446193757
145,3.599159138917649,-263.73589389552507,-58.83314165491813,-10.097640888503108,-184.440174265831
146,-4.574271957582428,-268.632034838372,-64.65292159875118,-10.179375199468108,-182.42791398908406
147,-7.623457571310757,-265.57794367392444,-57.88732645677745,-10.209867055605393,-179.9509260257366
148,-16.032432873855033,-269.18238635598885,-60.805293225629725,-10.293956808630835,-180.6407760337617
149,-20.7531269770763,-269.46432322716237,-62.59760658824659,-10.341163749663046,-181.18596419204613
150,-26.780045043547727,-274.73714940947826,-64.13054389670255,-10.401432930327761,-178.32975190983902
151,-26.266530874769323,-272.0732117133571,-63.5907601603149,-10.396297788639975,-175.23915702645272
152,-30.36593403871371,-272.02407139893097,-64.93575869097153,-10.43729182027942,-175.154903244127
153,15.415579777145322,-265.7248867790879,-48.26651161748499,-10.249303700759542,-165.4054188709777
154,-6.371559884418442,-271.9908749980712,-57.40448525686824,-10.437768588617313,-176.65898138414968
155,-12.5979039163411,-274.18721550455655,-59.63856557136344,-10.500032028936538,-176.92683926580756
156,-18.903926768343155,-276.338033717447,-66.67139137838426,-10.612650545195121,-178.2770333439533
157,25.946425774795514,-274.4072906354204,-37.92047599343859,-10.520681965039428,-130.83571564242732
158,59.32504062116427,-274.6942883829827,-21.012320535077254,-10.533812847150045,-96.14401258499683
159,38.086272307595934,-278.5972602899116,-31.78667167253235,-10.694071747671371,-116.91091872931281
160,72.20999666369475,-274.40133922502,-19.38346979206562,-10.587496882898792,-110.73915615871006
161,45.107097881726375,-280.1399931971729,-31.523781549563992,-10.820820634316371,-129.43960910789497
162,79.29833229405415,-275.83619033773476,-19.00797027645308,-10.709751756086202,-122.72721029388502
163,51.628163341382304,-281.7980355157529,-31.269697132761216,-10.948225563206925,-141.1196626064885
164,37.31845301617123,-287.8536541389583,-44.66423170540732,-11.091322666459037,-148.64660862238864
165,76.4201895899481,-285.0442965662929,-19.78581561337014,-11.010225609363408,-107.63582962306084
166,51.399528971340686,-288.79670419261464,-30.87486581479319,-11.276790673063902,-126.44192713589403
167,35.788411073843605,-294.4865235518969,-45.22637502986953,-11.432901852038869,-135.52223077667404
168,25.272843008606863,-296.66893684926373,-52.60077050595607,-11.538057532691235,-141.23793923799246
169,14.31678535100952,-299.8918439092378,-59.42917821804615,-11.647618109267208,-146.0025219773289
170,4.260371675439361,-303.3522771752668,-64.16261448997054,-11.74818224602291,-148.07446954743043
171,-2.5664533464324446,-306.40704519423883,-66.39866289334739,-11.816450496241629,-148.01512964155978
172,39.700355125223076,-299.57598998522275,-44.944501668970496,-11.650166547341538,-136.9672920408222
173,15.77953117885659,-305.6039988977489,-60.99866652881826,-11.850884119453957,-149.0881273574106
174,7.204079435690467,-308.4330521111266,-58.836439527303966,-11.936638636885618,-151.11309059815358
175,48.428160228071185,-305.57252909154175,-38.00910943606847,-11.8557632746663,-108.59727163550212
176,30.12761669280801,-308.6562813178763,-47.616036612607076,-11.983790713299868,-127.2421423203875
177,19.447225962806442,-311.0552509668038,-52.668584251758446,-12.090594620599882,-136.0108602591952
178,-16.12042614809739,-323.02692356627455,-87.87000032190485,-12.446271141708921,-165.0485588010299
179,30.662257843856015,-319.02480643604594,-57.80871282967985,-12.330114608886497,-116.97269652638587
180,14.633801004854654,-327.7692114165066,-64.60733558003082,-12.513687507690683,-125.70751935048895
181,8.067457513476782,-324.1098230329591,-67.68766318526211,-12.579350942604462,-131.05679799912093
182,46.55248933355639,-322.8125304644731,-48.40697695835513,-12.520694282670405,-92.34274427783822
183,77.05751268792591,-321.925594333099,-33.291332266642065,-12.512482263542104,-62.6589228362989
184,103.39745266552497,-320.5456127843184,-20.399844867198887,-12.495773308180725,-37.989878394837916
185,76.10879488219126,-326.8780304291379,-45.121755980575884,-12.744907324646803,-63.20985827578106
186,57.358863103256994,-331.45005793935184,-51.93047249137552,-12.932406642436147,-79.74107678218829
187,92.05381055339654,-329.0523903687267,-20.54806605871498,-12.870346506182669,-46.81761951613378
188,66.95945134107517,-335.2101996877767,-44.12524608108452,-13.111711730181069,-69.6362099435274
189,49.354176807199366,-339.8314196297772,-59.51991672365271,-13.287764475519827,-83.92557864044178
190,34.515569019459974,-344.8082207737263,-70.56454036496315,-13.436150553397221,-93.07321020853774
191,73.3736616987887,-340.79118465312865,-47.1974349384391,-13.337665115349257,-55.69443675251682
192,50.08089428066414,-346.16276850534246,-58.54788268091569,-13.55759204054917,-77.22933154227846
193,83.47582276238114,-341.72780158280057,-46.67791947488445,-13.45715754123572,-72.799409269525
194,56.92632642022031,-347.4997353444259,-67.78589563883772,-13.677251743956786,-91.21508351207473
195,93.46788577479333,-342.17726596628836,-50.912846112065026,-13.540808360197117,-84.13139608944505
196,66.64429236849354,-347.30853525860715,-61.618453838595066,-13.767163571347748,-97.71028160424083
197,51.136072252109,-355.1160081336308,-68.10649915073328,-13.922245772511593,-105.62211324430109
198,41.05272399410666,-354.9521738996,-72.6421140897415,-14.023079255091616,-112.63197636014317
199,28.735552177247513,-358.3282417551848,-78.37633398648876,-14.146250973260207,-121.99887466941459
200,17.62393050877781,-364.2004682237066,-82.53013430389176,-14.257367189944905,-124.69843323689317
201,63.01203276998625,-354.1054107862774,-65.56947842109571,-14.051168528528903,-113.11786057811801
202,38.634813106157864,-360.7977795985047,-76.0922122574818,-14.253482859197206,-127.49982426877774
203,30.65456270797298,-362.0846944271523,-80.12235943961811,-14.333285363179055,-134.08851705980493
204,21.008807761221092,-364.3461785130975,-84.40792111812975,-14.429742912646574,-139.98727101453446
205,61.474655329483035,-361.94249939338516,-64.15049479404487,-14.35126753570992,-99.374408206549
206,42.616489872300214,-368.5331861023863,-72.88526362037305,-14.548594599212286,-113.82726391303865
207,31.846122062504513,-370.97392303482127,-84.43295993892782,-14.656298277310245,-119.6966007170917
208,71.46514749119729,-365.0537839849065,-65.22981596795563,-14.503255265404677,-110.70139747497977
209,96.38092851393993,-364.31818180997925,-52.04152246974442,-14.499959535492982,-81.40319853119779
210,123.22590092165419,-363.06675585210326,-38.822625829868876,-14.487744161654087,-55.77976350737306
211,96.47479249040943,-369.4856964760294,-62.359653007729094,-14.736455890375037,-79.11970172790339
212,79.08901862693665,-374.12190661106786,-76.83664516730266,-14.910313629009764,-92.14230303552736
213,63.84928719557381,-377.9318394689086,-80.34609937465657,-15.062710943323392,-103.6276170322529
214,49.194663680915866,-380.4399252071808,-88.08339783883959,-15.16303437285428,-118.43102050725048
215,38.12696869391554,-384.6160956151913,-92.95919469726134,-15.273711322724283,-125.3448337368481
216,33.356617527804495,-386.3882340722811,-98.50863564937862,-15.321414834385395,-118.64336179825926
217,75.69619623718586,-378.74385797309156,-76.72418302049455,-15.140954740404924,-107.13647220962383
218,101.4940101233607,-374.67303784550995,-68.21397332534619,-15.062069935024088,-107.13647220962383
219,76.16156288255965,-382.08785829839195,-86.16482177466617,-15.271738110409022,-121.46639323874334
220,66.24507550013907,-387.31551742937773,-84.17380739527499,-15.370902984233227,-122.4733924845336
221,57.67686506333489,-387.7963033899329,-86.97728249239319,-15.456585088601269,-125.65927116174842
222,47.79170970296943,-390.976773633426,-90.90449982799755,-15.555436642204922,-130.53185387781699
223,88.50929440956126,-383.5952012887072,-75.81953668887755,-15.384253439867273,-121.36660610514784
224,62.941472186359405,-385.99538607113203,-87.25040036016742,-15.592546167038167,-139.23109668609706
225,102.15106679667745,-379.2140121235426,-71.4775766033423,-15.428454522619687,-123.18424862680652
226,124.92395037933916,-375.7468315040723,-63.886615409121745,-15.372186909799922,-123.18424862680652
227,145.0596593449503,-372.380314940392,-57.137567951555795,-15.32256510438362,-123.18424862680652
228,113.92546953810803,-375.9825488394748,-71.01784010121854,-15.584644575310223,-144.1975019110985
229,145.5698621017786,-371.6598773016295,-59.443944311052206,-15.471094948145115,-138.04291229744163
230,115.67969997448638,-375.7917787585789,-72.8644566460255,-15.636371006423092,-156.67045015473172
231,99.9564220944256,-379.72259822859405,-79.59443765484708,-15.7936037852237,-165.60378044753966
232,85.92910723223292,-383.07372309122644,-85.37994631142999,-15.933876933845626,-172.59053136329996
233,73.69049338934877,-383.2769113838788,-90.49246020607829,-16.05626307227447,-179.30105510711206
234,111.29901964800933,-377.926961165772,-76.42753405818581,-15.90421259941389,-170.8666183950251
235,134.5105151774318,-378.6512994283993,-63.56026899092892,-15.932024126730687,-140.0860190503287
236,161.2165028454304,-375.41697853814895,-54.26654734541071,-15.882164919917548,-137.73566451321665
237,179.96768913399694,-375.6424770964222,-43.673001019099466,-15.90227984832503,-111.67675913248227
238,202.4943471417741,-375.37422969423693,-32.21892216788932,-15.913724839164322,-88.00560204077568
239,221.84447798399844,-374.69977514005024,-22.47152573831349,-15.918064699672144,-68.22148514776931
240,186.72223996413987,-381.02467191676135,-52.503592858390334,-16.166799419468788,-100.35123652271258
241,214.1570315551314,-378.84515111610693,-35.57746952016337,-16.109376449783635,-72.4100763440104
242,178.14600096558365,-387.705934880858,-64.0637035065269,-16.45234911753079,-98.86920181040988
243,206.96496602757202,-385.261299327733,-46.228323254738996,-16.386686390999298,-69.83609465709301
244,225.5361227895488,-384.1470570342178,-37.01262256135027,-16.38249372974332,-51.68420402071415
245,188.7487834395921,-392.76624570616974,-67.00585967610391,-16.72184341623176,-80.73031345659011
246,215.41403509107082,-388.25853708699606,-54.23092862987854,-16.62018892736815,-74.90054271299141
247,226.9424931821153,-385.9731539394862,-50.2001387827146,-16.605967027694664,-74.90054271299141
248,188.80890193788414,-400.4318722358297,-66.22987143470706,-16.93229577778777,-95.51731169184245
249,170.89655227898723,-405.0718461507314,-84.21624106941331,-17.111419274376736,-106.0775128289924
250,152.61203663668152,-410.26675621735075,-96.13120157955962,-17.29426443079979,-114.93162533637876
251,134.88381185456194,-413.54161129082416,-98.1556434759328,-17.471546678620985,-124.8245848215146
252,119.04923914792904,-422.23241370869346,-104.29385159817349,-17.629892405687315,-130.4801842153208
253,108.89223623005313,-423.40632931582826,-108.21140439449913,-17.731462434866074,-133.67149515752286
254,96.24248809051291,-427.5432782144404,-113.30851766709608,-17.85795991626148,-139.22100805039443
255,85.50499566715986,-431.0816510856685,-117.51522929616632,-17.965334840495007,-143.13934979229123
256,125.57125095267979,-427.1033444178521,-97.45401696622851,-17.866114734915378,-102.90458638370428
257,102.80914151456211,-433.1712572488973,-107.91321760919514,-18.097025437874077,-120.7056555257061
258,89.44980622111561,-438.0425130066571,-113.59660069411332,-18.230618790808542,-128.25765492704974
259,79.15039705727462,-441.4559158116018,-117.7290394630076,-18.33361288244695,-132.51989906737808
260,69.95119047992767,-441.8137202063591,-122.86909959689203,-18.364980139259394,-141.93060626793942
261,60.85040090611119,-441.3010160559036,-127.07476706613947,-18.455988034997546,-149.28578918645783
262,52.28334351446601,-445.3272455709243,-130.49121684384178,-18.54165860891399,-152.4410768060243
263,48.92932287330631,-445.06613380110156,-132.04475245250646,-18.575198815325592,-153.82326662904845
264,41.67866520589709,-446.87879821795383,-134.87786217515108,-18.647705391999683,-156.02001426577033
265,37.3545400200246,-447.76782330397486,-136.79574394829558,-18.69094664385841,-158.06326913542495
266,32.400772321233184,-446.08436552913133,-140.13113912014856,-18.684972380971708,-165.50115172182183
267,26.475707747309265,-451.22261516501936,-141.38530212830923,-18.744223026710944,-161.17600062293783
268,74.67701140085784,-439.1046697741657,-122.78561379656576,-18.513813739515577,-145.98047793957406
269,51.193197486957544,-445.0448401957494,-132.32605993953732,-18.693981867469724,-156.2555269696029
270,93.60116794903577,-437.0376185770386,-116.37479225041217,-18.510355919625997,-145.3638617590085
271,68.79317910541393,-441.85235310748993,-126.88171724985638,-18.70294530084405,-158.75996506881063
272,60.62841877525618,-441.02811319424103,-130.52269080189032,-18.784592904145622,-164.1798543863
273,53.28271556527628,-440.7138121675889,-134.01482218634567,-18.858049936245425,-169.95422686615427
274,94.79319045030931,-439.042532497977,-113.12783070692073,-18.780085442416404,-127.65322775967067
275,76.62459323835475,-444.84816774027894,-125.51694649562079,-18.979194356673446,-135.84588217643105
276,119.89478956769287,-439.5934031012656,-97.5984537424644,-18.84568573311785,-93.16374073103157
277,147.61600775779107,-438.0682867254982,-83.98682376688456,-18.830746985949695,-66.93639725774885
278,171.5922414463983,-436.11851619993377,-72.36895250567316,-18.808532250964163,-45.18163706769503
279,142.65994019182037,-444.60275549631,-86.14778504693163,-19.066455393754417,-69.99002980608994
280,124.1485627337779,-450.66833457040127,-94.62214335394287,-19.25156916833484,-83.8134247320724
281,107.94646202184502,-455.97140631259566,-101.8678777562683,-19.413590175454168,-94.8836297221593
282,93.70498213493738,-460.62728429857765,-108.07605007489813,-19.556004974323244,-103.64970386012297
283,131.1935215698355,-456.25638385694566,-89.65679803865507,-19.45759628305142,-68.11127051246086
284,106.71847395321832,-463.70078741527345,-101.09547185093268,-19.683891995832013,-87.79321815289224
285,142.31323852982115,-459.3155896204095,-83.7174062044766,-19.588935796826423,-54.71435342736133
286,114.80413027094582,-465.5266692192347,-96.61197834514645,-19.837378980779434,-78.43819680896507
287,98.55488577060257,-470.793076000125,-110.7548182274544,-19.99987142578286,-87.6404355006004
288,137.83760941223608,-465.17185918034784,-86.47760396128437,-19.869350766928996,-51.192982604976926
289,111.97709232544918,-472.73637489979814,-98.71958324917243,-20.09938706278863,-72.92382415873138
290,96.55303413372674,-477.7812803205459,-105.67033799683078,-20.25362764470585,-83.78023626123662
291,82.89783665967151,-480.6157509691586,-112.01064986229093,-20.390179619446403,-94.52504882608021
292,118.7154453763947,-474.5893631785131,-99.10750379766306,-20.25611432657361,-88.74138987175922
293,93.4709927448962,-480.68263740184096,-110.14553566517228,-20.447292416477683,-104.31240245449112
294,131.39044476205976,-473.2440440913543,-96.02997824286233,-20.28495530406311,-95.45796195495853
295,153.04196721940235,-468.64537741083785,-88.78785302042661,-20.210756634576093,-95.45796195495853
296,123.34527180390052,-476.3986464393123,-101.45737706283674,-20.44773773455691,-112.58110214553878
297,109.84357714368815,-479.534666672354,-114.6136280840758,-20.582754681159027,-119.28752285765715
298,98.55776532367584,-484.0184125405582,-114.25124156578046,-20.695612799359154,-124.02282824140529
299,88.28252006486807,-485.8310850066759,-118.75379952142447,-20.79836525194724,-130.64373184025655
300,77.68475833933925,-488.29027199419073,-123.3920471624265,-20.90434286920253,-137.21503023848342
301,68.35080848752929,-490.427611222671,-127.43176142137268,-20.99768236772063,-142.6271482843681
302,108.11329232865872,-483.5356885492104,-112.75626591030601,-20.832189833237155,-134.0991429002269
303,132.64889946968313,-478.4427139003753,-104.57960784505217,-20.74301578368754,-134.0991429002269
304,155.3785760675222,-477.4997215227724,-92.2577207373159,-20.74113111182232,-105.62717344948756
305,130.90129841110522,-483.38236729416207,-103.56880819512332,-20.98286226462027,-124.82803296114386
306,117.06192428131133,-491.17736051893587,-108.81293342058143,-21.121256005918205,-128.61403605430473
307,108.79389344608168,-489.73480342818345,-112.09619038429436,-21.203936314270504,-132.1761565677079
308,145.00323596735922,-483.2570798527652,-98.71823804951872,-21.051967923789633,-124.32712760160902
309,116.5397737662667,-490.5191783614169,-110.65761929855948,-21.273036532630588,-139.0364906936686
310,155.04821582978883,-486.13154730939385,-91.496932352727,-21.17008704354032,-101.08925314571792
311,180.84306447524656,-484.5027063669696,-78.83284051084705,-21.15608709468939,-76.69439938535365
312,152.09310324919906,-491.0147238501941,-92.27013046944904,-21.422673280611654,-100.46903601940727
313,182.8649796805298,-485.2194183261817,-81.0235593227095,-21.301912508112657,-94.81850889151164
314,150.41651545296392,-491.74463689565744,-95.17586151063001,-21.56292125089169,-115.46655449281059
315,131.87621314924124,-496.37971247158805,-103.20658554877055,-21.74832427392892,-127.74101338270071
316,117.54502061837671,-500.9702450008186,-114.75053221860605,-21.891636199237567,-132.35252862519394
317,108.58174919676581,-501.98768176454314,-112.1198142144619,-21.981268913453675,-136.32141207238186
318,96.30207735947594,-505.0575997238656,-117.41172379351433,-22.10406563182658,-143.6751278924052
319,85.85992535698776,-509.19578760037797,-121.4628318815065,-22.208487151851457,-147.11840354187706
320,127.7693330884628,-504.3410519250768,-100.66876367697162,-22.09234398074946,-106.1728097776179
321,106.16769806549722,-511.3159371920539,-110.38594668540509,-22.304787361691716,-121.27263778228762
322,94.68066042193516,-513.4370802614334,-115.35626474588406,-22.41965773812734,-128.16653451901152
323,131.90097066136576,-506.72969172474404,-101.70259409865496,-22.265042814929725,-120.68513111449808
324,104.5399234512898,-511.7448847853795,-113.47496919357165,-22.473145998720696,-136.73639319930783
325,93.91203331585152,-515.9722344619886,-117.66017221068752,-22.579424900075075,-141.40851933074504
326,135.21347242511592,-510.9838046544857,-97.21320081401629,-22.46146554963096,-101.3295691692465
327,161.82927235748136,-506.350251235173,-88.46562289612504,-22.387254074820003,-102.07570152662989
328,181.79311608490084,-504.5287935150157,-77.65005177516909,-22.370090847777877,-77.10996225573317
329,202.5225349129162,-500.31720322030907,-71.02374520058419,-22.314453213048164,-79.42294467354475
330,219.34502067615762,-498.23070555362796,-61.860621194219284,-22.2937375824721,-58.08917216183825
331,186.56539739845417,-505.3680467635339,-77.35229836206129,-22.58614593622176,-86.28058241988442
332,214.93971464026006,-502.1379627529571,-63.51516842305014,-22.519768570474515,-60.006437269429256
333,184.08238831773878,-509.2481707388151,-89.4158272334204,-22.793857723676457,-86.01507057546908
334,163.97119176246784,-514.0917597508661,-94.99599737731617,-22.994969689229166,-101.1781116170481
335,145.10096551353877,-520.6691599809378,-103.16947030742597,-23.183671951718456,-112.99189332008169
336,180.8815662645226,-515.9176702100309,-85.58008082274303,-23.079344948186534,-79.01675791395178
337,203.69925280989133,-513.6507406882408,-74.5834769916137,-23.054610581693233,-58.67250801791334
338,173.8759789518356,-516.2762623471004,-101.44302997692654,-23.204429682483354,-90.05886410531136
339,155.57056313545942,-523.0718844646296,-106.50195323330574,-23.387483840647114,-102.37122477058139
340,139.17520777253267,-526.5173730245091,-113.72224949493798,-23.551437394276384,-113.63042549052426
341,124.0494064027074,-531.9989677125486,-120.1582657940222,-23.70269540797464,-121.99492054537899
342,113.22552888758203,-534.2257720712246,-130.8227546919008,-23.810934183125894,-126.03119054563582
343,153.85221984554462,-526.3320575519001,-110.08104529192221,-23.612112753385432,-115.19798948677723
344,175.46419033109333,-524.6070032493236,-98.45075135378306,-23.596894737221263,-88.64016682903987
345,148.92448189767217,-530.8111172362158,-110.80733192517944,-23.84505929669695,-110.22793587247477
346,132.67449096286887,-536.6149204726361,-117.7169731958204,-24.00755920604498,-119.59207649163118
347,169.96296544131906,-528.3743507775733,-103.74443293081482,-23.83247249713228,-110.34081085938534
348,140.382276290473,-535.8648616150883,-116.23414468024296,-24.060960953662143,-126.11770305426211
349,127.84977578707327,-537.845023506297,-121.48891573759751,-24.18628595869614,-133.78705153063126
350,114.86909124837238,-542.7025874567574,-126.71966283738792,-24.316092804083148,-139.21016505197193
351,155.09437646398064,-537.6595799622945,-106.84469718750728,-24.19989004416012,-100.41094158390456
352,181.0357629352522,-532.5803006822363,-98.34381491113521,-24.120498715255493,-101.50697964024985
353,198.50709286787747,-528.0092225793393,-92.3502804729889,-24.058524571505597,-101.50697964024985
354,214.73835084693545,-523.783966655617,-86.8267148060991,-24.000924447911853,-101.50697964024985
355,231.35152895895803,-522.0545670505691,-77.57394500711513,-23.988371786452532,-79.21671707039121
356,198.7122770575356,-529.4015500708059,-92.64212789999382,-24.28822339558849,-105.3586734272723
357,228.25462729224702,-526.1431089740717,-78.11396433931013,-24.216505103049823,-77.274392532593
358,244.83688273679564,-522.2547289397799,-72.88696670537018,-24.17563180387711,-80.05081380228616
359,207.58020164393088,-529.8091614953146,-89.14882993923838,-24.477809106098494,-104.19852318974166
360,184.12016136607906,-536.1030248995179,-108.45780612650758,-24.71240950887701,-117.88082008748437
361,218.45211143520157,-532.0129371586407,-86.78765570604813,-24.60502691948804,-84.84630114368704
362,238.38660536989482,-527.6224032148539,-80.5308721858303,-24.53987635785022,-87.17458789176669
363,252.90343175957878,-525.6444333593463,-72.31921216956258,-24.52352606826508,-66.93828057352833
364,218.32280334619844,-533.422353845079,-88.42825450101516,-24.83464288769439,-95.61659347063757
365,196.84801256694897,-538.5433169984994,-99.41338443203188,-25.039481413831204,-118.0823224154549
366,176.58974417439234,-543.4394274317261,-108.28494387335643,-25.242064097756767,-131.5585636571803
367,208.73268139739562,-536.9237589719595,-96.3525664176528,-25.096603170625347,-124.25017336896512
368,175.2722775087077,-545.2325198460811,-110.19762688637638,-25.358359593950702,-141.14641784578967
369,161.99355363022556,-548.7667219990569,-121.40881089975731,-25.491146832735524,-143.7206720460532
370,201.75886154518236,-542.9648297369158,-95.07340146290967,-25.352346754145163,-104.68623680631961
371,222.9709702749299,-538.4825113162062,-88.09783167033234,-25.294264362975067,-105.97974814968012
372,188.10641980644334,-547.2837309104942,-102.69641602031972,-25.572036509627985,-124.70922864645823
373,171.27822330008763,-550.7251445672705,-109.90424043234158,-25.74031847469154,-134.9927873761763
374,154.18832923519616,-554.8336040209201,-117.17609527482394,-25.911217415340452,-145.2236116435512
375,140.29822812291977,-560.0140539601422,-122.6577614263196,-26.050118426463214,-150.7053664463228
376,129.33862850079365,-561.8418649689372,-127.04051852057505,-26.159714422684477,-155.0827097676033
377,166.41842844115754,-554.5368962023617,-113.24200889911806,-25.990267021558896,-146.45125191958903
378,186.2799263303215,-549.2695080744439,-106.22877050629815,-25.908814188362054,-146.45125191958903
379,154.98426217532256,-555.3571009599361,-119.32248819667902,-26.152317903781746,-163.08122547066472
380,191.52830479464447,-552.1437601779679,-100.82375651933708,-26.065169173641312,-126.08418702866778
381,217.32022639176103,-550.6135012178592,-88.06927606041023,-26.056680353263424,-101.1411474693398
382,239.09100970820856,-548.6873533895837,-77.43895939061511,-26.041375853957703,-80.90081408346411
383,208.52809191889583,-555.9563366536604,-102.38643730541195,-26.31790027089854,-105.2234291324246
384,190.6651152018089,-562.430563466834,-106.10505187994696,-26.49653003806941,-116.10411600110123
385,222.63292905492057,-554.7907622391194,-93.95364445786335,-26.34503805082531,-107.54336154630849
386,236.7849033835503,-550.5165720806233,-89.0981461190016,-26.29025711867303,-107.54336154630849
387,249.41542726442933,-546.3153189815044,-84.79354813018875,-26.24293687734039,-107.54336154630849
388,212.17686363018373,-554.108962345755,-110.27829450395632,-26.54218640152043,-127.4215236617469
389,194.2376669863217,-560.4329626969125,-112.55122726764596,-26.721578367959044,-135.58938457046435
390,179.447743869151,-565.2143780477741,-118.57914675838667,-26.86947759913075,-142.1770552805673
391,165.30484218514908,-569.7273746416221,-124.03941396258443,-27.010906615970768,-147.24588592054906
392,152.91652083807392,-572.3224838556981,-129.0935034333286,-27.13478982944152,-153.093530935065
393,189.98222911686673,-568.742554527203,-110.67750462300982,-27.040800621484788,-116.72895463073795
394,164.62106004203775,-576.5159257544046,-121.71763344629659,-27.28674020756779,-133.31378271853916
395,201.0704289830658,-568.0150452945414,-107.85385728178285,-27.10430108939267,-123.02986361351269
396,169.454822843722,-573.2985617064021,-121.03513353367356,-27.344677531674446,-141.40102842303435
397,203.42876892936357,-566.0624498923239,-108.28238321856114,-27.185819731364575,-133.29990934475492
398,170.8787419506853,-574.0357702924208,-121.49166267504239,-27.43864890729019,-148.65570095339405
399,208.70762874450708,-568.8996703222399,-102.69875228578249,-27.321316523635844,-111.5560122054781
400,182.63816627034961,-577.0360816934493,-114.45939590935681,-27.5699994894359,-129.98094899860908
401,218.05024102025612,-572.0374366584498,-96.9905216605022,-27.46119529000179,-95.99185300529432
402,188.1694742105343,-573.7919227156184,-110.72398076743372,-27.657181808342127,-119.97322540020255
403,167.7404247514302,-580.9502994175488,-119.4657979620803,-27.861472302933162,-132.15339148352686
404,154.73094062960615,-585.1133223783614,-124.51200761246136,-27.9915671441514,-136.95022962591798
405,193.14195404311488,-579.7538250122878,-105.58273617839686,-27.87159562516822,-100.1966278485483
406,217.2369571200166,-577.4214255083625,-93.93111642295196,-27.84784271818786,-78.47691546968238
407,187.1863335398374,-584.1636937998876,-107.95754832252227,-28.117533449848864,-103.30183278928806
408,217.89249601199413,-577.6639004431123,-96.75710317365123,-27.98166234544571,-97.51148684037527
409,234.55490391453927,-575.3382086236242,-87.50776307756182,-27.95885540143994,-75.34026206892904
410,202.7653733555993,-582.7911678772023,-112.14926596062949,-28.24309250585637,-99.16221308113754
411,186.13226703524924,-585.2816849015637,-120.13683658479003,-28.34271318683083,-117.3884818563854
412,169.17504425788533,-591.3296718283034,-127.3688056229648,-28.512285414604474,-126.86585053070618
413,204.83414762881551,-582.9768684605078,-113.81256728217652,-28.33680793225912,-117.29028383255661
414,222.78338612828014,-582.3728721400826,-89.45210251239908,-28.35612441389839,-89.90367270940797
415,245.45019970401648,-577.5111487937005,-81.89807450368644,-28.28341159663862,-89.90603748420719
416,259.8030766120667,-575.1334947532323,-73.77165961717435,-28.26090536091956,-69.85330198123505
417,223.90320254847387,-583.1330625413274,-90.1949711358721,-28.58088807244336,-98.3694439707594
418,201.44904970652462,-590.3682553254456,-99.25051456870358,-28.805429600862855,-112.49804758459746
419,182.90367439936145,-594.291313269108,-107.11908033142038,-28.99088335393449,-124.14168322932284
420,216.1374201592206,-590.4065823935855,-90.82507575907903,-28.901430552693817,-92.845147314993
421,237.0430132400147,-585.410688283506,-84.27908784433637,-28.825872043647077,-95.3804059881252
422,199.960353534186,-593.0815233489386,-109.18910794771344,-29.116762722651348,-114.77169408639398
423,183.47354613967923,-596.9625728188028,-111.69921997492682,-29.281630796596414,-125.46174169071125
424,214.91993832995553,-590.0487354658071,-99.88554479350671,-29.140483179953122,-118.49136283956148
425,182.10085954933706,-598.0893951031672,-113.4672984433059,-29.39458111500849,-135.02777900980175
426,168.05914333737832,-600.5561548568177,-119.38447343936055,-29.534998277128075,-142.78525216920994
427,153.20728650627944,-604.2691190645924,-125.65147812494635,-29.683516845439065,-151.07625776389563
428,142.05286818610284,-603.2346426727319,-131.04843468912213,-29.72327144815799,-157.5596814844557
429,128.82635003491546,-608.648074935595,-136.178842298342,-29.855536629669864,-161.88909083740032
430,121.1402899376562,-610.4847640577656,-137.74292689381986,-29.932397230642454,-160.87118001166877
431,113.93101575518112,-611.2976179440782,-140.3310889026846,-30.004489972467205,-161.9819367422078
432,106.94383661752478,-614.2152920426099,-142.700994100379,-30.07436176384377,-162.13829552927987
433,102.71019951745797,-614.6618706669193,-144.2560152354175,-30.116698134844434,-162.0955333451012
434,145.08085622991254,-610.3281856437253,-123.36170949545419,-30.00120058791597,-121.47101233023068
435,175.0283342166461,-604.2535609640942,-113.43986797996544,-29.892073845240127,-122.11894152867063
436,145.5129715505464,-609.8205568259874,-125.98003763158803,-30.114753679715864,-138.63529610248978
437,132.98388357346536,-614.5257180716072,-130.90780791803613,-30.240044559486677,-143.14374186701622
438,173.8492892818457,-604.777636103383,-115.4837106871669,-30.029202709963165,-132.41220313723653
439,194.67745738923497,-602.7680183984958,-104.10731329673607,-30.01150115874087,-105.81015500943015
440,169.42521720590543,-610.4362083975763,-115.51657365393667,-30.246159042714048,-123.76123678597476
441,205.2519014809196,-600.4722533630434,-103.68119034876668,-29.995001062104077,-120.8049244909002
442,173.88253099818772,-608.1996010727479,-116.75463386506229,-30.231472085688374,-136.50684462321001
443,161.00051032668893,-612.3180636947297,-121.72090329163112,-30.36029229240337,-140.98639926764878
444,149.50125066638853,-614.6525674369284,-126.42451207583267,-30.475284889006367,-146.56886416029027
445,187.13314592022869,-610.540787518675,-107.90151934316536,-30.373057379861383,-110.69469827196676
446,212.44424836648105,-608.1048585639203,-95.66451862894027,-30.347944349327317,-87.89489887912084
447,234.39768129664952,-605.3165133254826,-85.20584503250117,-30.316861777208608,-69.04972316082322
448,204.03550197789525,-612.2041963722419,-109.70988757602989,-30.580074598787867,-93.65537018736053
449,186.16496606751286,-616.4771052638456,-113.83455943816699,-30.758779957891687,-106.65768120864793
450,218.69636548774355,-612.2589259790644,-98.06981480521698,-30.668097261811223,-77.13201225140926
451,189.28078520012517,-618.893673948167,-120.75099063486712,-30.927174098408923,-99.25226047190621
452,174.9319980162385,-621.9888732497496,-127.22038053341207,-31.05098207047223,-115.56903763334886
453,208.73928877409102,-614.4518550549898,-114.71695012797217,-30.89211488356529,-108.56400329576277
454,225.57723861921477,-609.0284330284541,-109.0077561586771,-30.814729528745428,-108.56400329576277
455,241.65277837534893,-603.8334646544691,-103.64924290663238,-30.735685507445922,-108.56400329576277
456,254.61207386555714,-599.1841871663908,-99.13440501808766,-30.676338093311042,-108.56400329576277
457,219.9268181894321,-606.3492222197065,-123.22997269837616,-30.943566021885008,-127.364726978133
458,253.9368837469194,-601.8572995067293,-101.50374014427372,-30.8291926080674,-94.8508677939281
459,222.31704818791064,-608.9214049938266,-116.08510317023861,-31.118922249820294,-119.71780280095496
460,253.05459084001347,-605.1283082916752,-101.01009704202089,-31.03531770161862,-90.74285133585431
461,218.1852380387035,-612.9403411727187,-116.26347938661803,-31.35511434184938,-115.77967250247363
462,198.68207817636508,-619.7295864019479,-124.33000382290203,-31.550145940472763,-126.20953701811263
463,232.8069404657781,-611.0435481174331,-111.2604887354776,-31.374751376520656,-116.44072441955223
464,198.6812595901829,-619.4899647866841,-125.30844102937326,-31.63633859418784,-133.27514956442613
465,183.43183033843596,-622.4581064287804,-131.55764896735374,-31.788832886705308,-141.31595129592102
466,217.71159516233445,-614.7172571193323,-118.72122066968417,-31.62119755055738,-133.1720743184633
467,185.36455166996248,-622.0755441680582,-131.1296742846211,-31.865463105919243,-148.19185229461334
468,172.4951527406851,-624.3874575889921,-136.29878810535232,-31.994157095212017,-154.00107828951883
469,159.6290794126514,-629.2546889558333,-141.2304627630417,-32.12281782849236,-157.85897957958747
470,150.12115462996064,-630.4452353146511,-144.89205512568978,-32.21789707631926,-161.02548421988237
471,139.47303577315844,-634.6326906494074,-148.6962619999255,-32.32437826488729,-162.55448775169228
472,181.63329651642158,-624.548559423163,-132.66867197168924,-32.09949956023509,-150.59795596304332
473,153.46365232844028,-631.0553299854549,-143.98205402985963,-32.30441932113881,-162.4656717150738
474,194.07229351500212,-621.2068222233135,-128.3852185596298,-32.08771555715812,-150.35005425894312
475,212.85913224198103,-615.4352571031004,-122.04944610381364,-31.999571743584152,-150.35005425894312
476,231.3618492302006,-613.9428249286536,-111.58161588134563,-31.994070783611665,-124.5485069005743
477,253.4526691161721,-608.764406943586,-104.39881289512326,-31.91602744953762,-125.6333287551831
478,218.86338191321602,-617.3489740702289,-118.86770956067795,-32.17885805042161,-143.26813434259918
479,202.78431664201443,-622.2339880269478,-125.07523045202159,-32.339648703133626,-149.18424374724762
480,237.00941010460812,-613.5667626661435,-111.65503665709463,-32.1610966166859,-138.21614975432732
481,253.54706359419416,-611.9285900953827,-102.18903125578349,-32.153766797114656,-114.49542432563265
482,274.3321749720659,-609.9123794187802,-92.02720326155695,-32.1399231354321,-95.09467911601679
483,243.08639466193893,-617.4238661714817,-116.84979822434934,-32.423154617330205,-118.897655495379
484,223.72506843378744,-624.2997411473148,-120.10230368435691,-32.61676787961171,-128.29761935391141
485,257.6200392208279,-618.926344378159,-103.43409926851412,-32.5027056899646,-96.07833443293555
486,272.7618669515255,-614.5969099155187,-98.40117702492293,-32.46594567242241,-98.85572450652255
487,234.97953187810896,-622.3030613432392,-114.66441447005084,-32.76398270030506,-121.53882622071222
488,264.1480782821914,-615.4623863245117,-103.83686486499674,-32.62024887685572,-114.91062139855258
489,277.16651731433205,-610.4143377961512,-99.49738518761654,-32.545995122731625,-114.91062139855258
490,290.1342429685142,-608.4719136900316,-91.79990923137163,-32.53429380438815,-94.66121696944728
491,254.60178463134164,-616.8611460480588,-107.84653826795864,-32.85952278040706,-121.72248399093294
492,233.85201622358406,-624.1357849825397,-116.83258394953789,-33.06702046448464,-134.13922126489334
493,264.4107062634931,-616.13715203681,-104.87470505769761,-32.909429314603294,-124.45080559025922
494,229.3946558718244,-624.8954273404272,-119.56490032326752,-33.17765367292171,-142.5598764003413
495,257.1092481431479,-621.1370815318419,-103.64168812832824,-33.13309884016225,-109.13758874696073
496,275.2052036639695,-616.4605557500382,-97.60918269783714,-33.082688630711225,-110.18254073075644
497,287.65235583207374,-611.4742338999303,-93.46013197513574,-33.01025999531653,-110.18254073075644
498,250.53995581769325,-619.1062044016126,-119.46296837376833,-33.29611964905126,-130.63059532151513
499,282.6378147259259,-614.7445835893444,-98.68219845769603,-33.18660681910647,-99.6484379662077
500,293.5961897027219,-611.4274220226179,-94.78844151077487,-33.18054019541178,-102.3731936953987
1,-24.793070239190445,-6.220637018620755,-24.922954572471603,-0.2489254885585711,-24.693591622523776
2,-45.0478243451967,-13.163074122500655,-34.121639657546154,-0.4497553191847447,-44.823464245808715
3,-62.92906080556033,-17.410137303992556,-42.96154904272136,-0.628567683788381,-61.94859662983035
4,-28.338455854580136,-15.722101273902522,-30.874239822980098,-0.5688673653346423,-58.42015299508705
5,-49.96495511330122,-21.03900588755906,-41.35109972031204,-0.7822925550818406,-78.04148970506357
6,-64.52542463159278,-26.085175097223228,-48.17915112720654,-0.9278972502647563,-91.45104839591615
7,-77.67146176739895,-30.226815312177663,-54.05222478896189,-1.059357621622818,-102.1380472049568
8,-88.05256772095731,-33.90257150974013,-59.168418277280274,-1.1631686811584017,-111.03623976040369
9,-121.81698449142709,-42.271171911991416,-94.32805755421157,-1.5008128488630996,-141.76273391188627
10,-74.57749090321217,-41.609585798545375,-64.7085445598675,-1.4267341153580444,-91.0794960361956
11,-85.70003215835231,-44.21926678293849,-69.8489399805869,-1.5855115062228358,-101.56711036178143
12,-95.88451636272987,-50.81008803735871,-74.13579747831832,-1.6873563482666112,-108.92155699287059
13,-54.239194134187706,-48.69116814627492,-52.92922840940069,-1.6397350106996895,-64.97278703644915
14,-69.17555532843535,-54.283578961301735,-60.283745384940495,-1.8076843780166036,-79.41569171409833
15,-82.16538848274,-57.48214771221245,-73.31953145461765,-1.9375827095596503,-88.71423455161988
16,-89.81018321690522,-60.514542994412906,-73.50687442936298,-2.0140306569013022,-96.25578998087498
17,-100.40671160549316,-63.603054178640654,-83.66648173995893,-2.119995940787182,-101.52833902584406
18,-98.61833935401337,-60.65636457932874,-86.09091277671656,-2.0886559332628876,-105.25629747824563
19,-103.95456108402064,-63.369450722679446,-83.61075374427303,-2.14201815056296,-108.88105965433074
20,-112.77919149149048,-65.80449126111333,-91.83000651491162,-2.2302644546376587,-111.62765489312767
21,-116.76420303003408,-66.87164348705805,-88.61777930253544,-2.2701145700230945,-113.91037171317465
22,-72.95091486962028,-65.71304761447601,-66.3845902706217,-2.216928744107661,-68.13781384251985
23,-87.4782046848312,-74.40363980983133,-73.24835782491934,-2.564552431921874,-80.11454188492185
24,-97.84258611049032,-76.87464900740521,-78.01990845827096,-2.6051956237070435,-88.01508283371336
25,-56.970160753067574,-75.66799460622222,-57.43008467681098,-2.55754528221804,-46.220990859798874
26,-72.9741734323027,-81.52099536481684,-65.1558546221433,-2.737263262598655,-61.6359688303304
27,-33.24432848571199,-77.98717031747516,-51.263774406091194,-2.6360818884027295,-57.39603205404171
28,-52.7452177502024,-82.57360913591559,-60.80138433697689,-2.824321974682807,-75.57867985542349
29,-61.5130159096111,-84.54075651749247,-66.00452710855646,-2.9119999562768943,-87.84324010774347
30,-72.35443940066779,-88.36690930322904,-77.6590087884919,-3.0204141911874616,-95.36720916174649
31,-79.81286169937304,-90.21685883967955,-82.9892634520052,-3.0949984141745146,-99.6333800076638
32,-88.05521779926126,-93.02366617835425,-82.28630078659658,-3.1774219751733965,-104.50345261044328
33,-96.81371648309432,-94.20128506874326,-86.5338186471875,-3.244036651901747,-111.42304690082368
34,-98.58420242746915,-95.73580754657681,-88.42943742558815,-3.261741511345495,-116.61957106397679
35,-104.71357664360289,-98.8379589906291,-95.0962238389636,-3.3230352535068324,-117.60986908781439
36,-132.50438272686108,-107.68865641538059,-120.41096319803549,-3.6009433143394145,-141.48180912641493
37,-131.24740939723077,-105.44732256431676,-113.89334774649664,-3.571248480638202,-138.60254701858736
38,-134.22801474356368,-109.69588278867894,-114.62413433372862,-3.601054534101531,-137.02605584931337
39,-136.7103982470827,-108.96823638774963,-115.09407855127186,-3.6258783691367213,-134.8809541475348
40,-137.78537359021183,-109.14638544514224,-115.00830785299108,-3.6366281225680117,-133.79381680685893
41,-162.91189869398977,-116.52942097669954,-142.23231768513455,-3.860100034179868,-156.61507981069468
42,-104.31585574241899,-108.16132818086362,-113.40436042025597,-3.618848768366663,-142.66024117241813
43,-63.27089123532571,-104.67099609649222,-99.83422400284297,-3.522905301171215,-142.66024117241813
44,-77.42088689851508,-106.14084232224324,-106.4201757889432,-3.6574413659635447,-153.87596056264073
45,-81.77676414567969,-109.19376748956518,-108.18450779083098,-3.701000138435191,-155.03562229876448
46,-87.62640411956527,-110.4000539606499,-112.927480255108,-3.7594965381740466,-151.96214003012446
47,-89.29830112164477,-109.80662078632422,-107.22142380975548,-3.7762155081948414,-150.03407177863588
48,-95.49581428208097,-111.89151004465432,-112.08670653910339,-3.8381906397992034,-147.55234697789274
49,-94.69815475334687,-111.49823691255541,-106.37557669454088,-3.8103344613611023,-146.08599169722692
50,-100.78032878970988,-112.23997330284843,-108.46097158282481,-3.8711562017247325,-146.43401295420452
51,-105.05569660676296,-115.72264753186427,-112.44230540583906,-3.913909879895263,-143.8178006312551
52,-106.96357729583815,-115.85216927044644,-109.713310623177,-3.9329886867860147,-138.77036811272438
53,-99.09762493447025,-113.85569606654313,-101.86586881397253,-3.8543291631723373,-137.65191368352043
54,-54.29027233692972,-108.87412044937075,-85.35280902026902,-3.7195303947318243,-128.1882601163804
55,-21.492329055672755,-110.47373020367688,-68.26183674832811,-3.7494224166070915,-91.23831304724882
56,-36.37738615319303,-115.07283676196298,-75.41313035642727,-3.9358477771847467,-104.10313825523068
57,2.7057512452649064,-111.46069209817794,-61.396413930926855,-3.8238891961757795,-97.96792526979759
58,-18.696626708860563,-118.27915606094362,-71.31322570221121,-4.025744426357858,-114.55764009599292
59,-31.533008572916536,-122.58559264120161,-76.94773122980709,-4.154108244998417,-122.69190953345634
60,-41.971803753994564,-124.51521823958842,-81.65739963921538,-4.258496196809197,-129.9031414141772
61,-1.8782154331147538,-124.07519349945898,-61.14550314767408,-4.211627866340479,-87.01893910668898
62,-19.843482928224503,-129.3725233493784,-69.54155803686925,-4.423521060337257,-101.46473345164054
63,-33.91269529386298,-134.026867532778,-82.39765647836309,-4.564213183993643,-109.52942005768837
64,7.888553677803177,-128.8609845961883,-62.62430943302596,-4.422546338112209,-100.72326052513019
65,-13.903259173723125,-135.16851726751364,-79.6441297331788,-4.62609701520854,-115.34844945213538
66,-22.432834183791154,-135.5129691119131,-78.92366403093595,-4.6951328461607185,-116.65195527942552
67,-35.0504723961753,-140.61419470399886,-84.42835688100665,-4.82130922828456,-124.44483595508146
68,-46.201111347131885,-142.76821452379468,-89.17565924993205,-4.932815617794127,-130.6273722667207
69,-5.9361210997013885,-138.4733872697234,-74.89250689880608,-4.797196268621296,-124.5184880534475
70,-27.088526051736928,-144.97803068438841,-84.2582651700575,-4.991665489193897,-138.40822777688498
71,-35.585035250838175,-144.33267621987918,-88.0878895275713,-5.076630581184908,-144.39295552376527
72,-45.05842836781365,-148.8738459688231,-91.90650657481052,-5.171364512354663,-148.63582655006857
73,-53.2540031667552,-151.63996465423574,-95.00319245248001,-5.253320260344077,-150.8247922182023
74,-58.191344180425105,-150.08116083239315,-97.20076759594889,-5.302693670480776,-153.79679748134282
75,-16.469696183065512,-146.69225900095066,-81.89099614907607,-5.178118381924523,-145.38146479482504
76,15.208088623006727,-144.27884662383627,-71.41657995498318,-5.117524861012439,-145.38146479482504
77,43.59016268934354,-146.25489505443755,-56.27651473754422,-5.159142024863049,-111.30522162286485
78,24.17405033931109,-152.08701969989525,-65.19224052854756,-5.392427010681357,-125.96735166881997
79,9.208951120905056,-155.69940090851085,-71.85663709349167,-5.542078002865418,-136.30214208377683
80,-4.030420563344988,-160.74819474398296,-77.48070252540079,-5.674471719707918,-143.56779130673144
81,-13.499744839530644,-161.3556924814863,-81.74641201134025,-5.749843747927384,-149.25733894287745
82,-20.16621518362814,-161.47495694890117,-85.32046653026124,-5.8165084513683585,-155.7739178653717
83,-29.283901875941275,-164.51454977493592,-88.99901636646682,-5.90768531829149,-159.46140476932356
84,-38.04890908520309,-169.83728510820572,-92.06895363863968,-5.995335390384108,-160.35101398383716
85,-43.49655846281968,-168.54628670929142,-93.9942154658507,-6.049811884160274,-161.0072861918701
86,-50.68875955105176,-173.27418070648451,-95.61811829105028,-6.121733895042595,-160.7488493192248
87,-56.003473078977386,-173.19728819705912,-97.20091986118054,-6.17488103032185,-159.61623168415508
88,-61.8454455236674,-173.3998290481116,-99.71040489818293,-6.210264511466613,-161.83738485168246
89,-18.69410599873884,-168.8544052923547,-83.78241492008675,-6.072903716143733,-152.57212403296245
90,-37.492937820323824,-175.72307572111328,-95.87804625809899,-6.240699664579409,-161.31615512918833
91,6.6219706404915115,-169.584160774521,-73.03231048689358,-6.078403473835741,-149.1050057027879
92,-13.970624476178223,-175.83222981692185,-82.0604667842594,-6.26260996074243,-161.88592019659387
93,-22.664559759605652,-178.19346755433702,-84.70927638565001,-6.349549313576705,-164.13896719529382
94,18.24409161618933,-172.8881287556192,-69.43424325775098,-6.212527853067434,-154.3060711794896
95,-0.7925317963681113,-174.9492685904503,-76.81482501707664,-6.3801612491394835,-160.6272720313199
96,-10.102162862314353,-177.99203139932072,-80.6301251759721,-6.473257559798946,-164.72589576786027
97,-18.326557501349054,-181.56701054127913,-83.89595414947556,-6.555501506189294,-167.60891249411804
98,23.961584098869622,-179.9736023748048,-62.11401371851615,-6.491825147014819,-121.49355310879895
99,8.262620529007727,-184.23567440144967,-69.97024442476808,-6.649126456148076,-135.62839965481095
100,-4.155359792948625,-189.03702012396724,-75.19006192611599,-6.773306259367639,-142.1113440189856
101,-15.075514910807204,-192.68384872688068,-79.63243462994713,-6.882507810546225,-146.92527000625526
102,-24.40230879974443,-195.31419278439543,-82.77207808973559,-6.975775749435598,-150.5090170296202
103,16.296591875413082,-190.02588805676166,-67.66686389089197,-6.8415709347307265,-141.2755331868735
104,-4.85254349871475,-195.49363507097138,-82.37656134607577,-7.028466540467489,-152.8615904413145
105,-12.409235276121404,-196.43199158477026,-79.63039395119192,-7.104033458241555,-155.26563234500796
106,-21.231787453705756,-200.2049072062174,-83.17093229223289,-7.1922589800173995,-158.70509853655108
107,-29.51056242097331,-202.9766513614307,-86.19731568698069,-7.275046729690075,-160.30584897050278
108,-34.759256029072056,-204.70994074359746,-88.17582742263322,-7.327533665771064,-161.48651603390422
109,-39.51809385653912,-205.9275352040591,-90.5667529730813,-7.345427768065938,-163.74000848140787
110,6.790287412783634,-199.22873901410475,-73.5624492338236,-7.1612012942542655,-153.4839419712469
111,-14.324351187148789,-205.56937399960282,-82.59736182976025,-7.351288748158604,-165.46414034700197
112,-19.156395932953586,-204.3375528488382,-84.23216801129716,-7.399609195616652,-168.578285417721
113,22.95721352690253,-204.02805080326286,-62.59646087315838,-7.339223680408669,-122.99126150860059
114,6.599492212124517,-205.47710567079298,-70.79402335127256,-7.497474921114354,-138.22077417541712
115,-4.143174541418787,-205.712621536987,-76.49919484163827,-7.579466920923665,-149.45329995089816
116,-14.906971628160946,-210.87787704314346,-80.80341151366888,-7.687104891791088,-153.75100580959742
117,-22.922936512407496,-214.65738371803607,-88.3934426767593,-7.767264540633554,-154.14350102237054
118,-26.4585243229799,-212.38964774899844,-84.08561385055586,-7.802620418739277,-156.014113519631
119,-34.26193790914117,-215.66838627478862,-91.79552510367168,-7.8806545546008895,-157.46164595538875
120,10.560828119882324,-213.97865065717744,-63.32502769032811,-7.793112823270205,-110.1158381779189
121,43.484663212530805,-211.73544239906497,-51.7961707720226,-7.752718982259863,-106.7903668533828
122,19.138248766272245,-217.0235336898499,-62.705508326402494,-7.967517038569373,-124.32408310908666
123,55.93140565106844,-212.8232715618285,-49.303065263808165,-7.848145854717401,-117.40483732123542
124,30.745773240599814,-219.86137187990994,-59.92715852806858,-8.074049391586877,-134.0909800773694
125,66.67328107613031,-215.0652071987153,-46.61942071793088,-7.957174238670904,-126.09956888760416
126,40.34175803636339,-221.32032751899925,-58.32371139171395,-8.190202152266139,-143.79429097583633
127,26.178782332337235,-226.65807526569864,-64.30274560303275,-8.331831909306398,-151.34254483569683
128,18.01498146066487,-225.46554219039288,-67.21675418188212,-8.382029197098829,-150.9269585192336
129,55.53125236372159,-221.6878582850565,-53.46475675678313,-8.256373135068076,-143.30570668868523
130,30.876225747488782,-228.28099662068627,-70.69065662978315,-8.475060880155322,-156.81704319006886
131,70.3484966823885,-222.19394182054722,-50.23154260864149,-8.321429827140703,-145.86945335918773
132,44.20892232897542,-228.51459137290135,-61.68289196082154,-8.55411107332849,-162.52687140746724
133,80.2380358945417,-224.15630210099812,-48.21751563246619,-8.429320539075565,-153.86867258436075
134,54.31901515355841,-232.86518076327664,-66.44591762986103,-8.659046954022424,-168.25176520996138
135,42.855467352791116,-234.78286885375255,-65.2958140297051,-8.773682432030098,-172.68888706501608
136,30.64214121090604,-239.60396486142545,-70.10609549635933,-8.895815693448949,-177.1962406939713
137,20.87730828706837,-240.55247675894964,-74.56596954611676,-8.960653876084638,-182.78531181470632
138,60.8727859644609,-235.30213086304707,-59.61988182550654,-8.808464074122268,-173.05363444130268
139,35.05281110917884,-238.43012976680632,-70.5886288547477,-9.03760272026353,-188.42988975227755
140,24.51254105406204,-245.25982890495467,-74.13735456772436,-9.143005420814697,-188.64170391990396
141,66.14103397954855,-236.37281744663912,-58.09057762020947,-8.97142651668011,-175.61802808578767
142,89.65709875701555,-234.17199826002894,-50.25188936105381,-8.934667725957473,-175.61802808578767
143,62.06307602222612,-240.2322569622883,-62.03072103669778,-9.17707807404785,-191.47255318809067
144,99.59653119434745,-239.88772903229201,-42.422482140536225,-9.128225066006234,-148.89003015536403
145,77.92118012118118,-246.88634817516467,-51.96933763362115,-9.388157566940986,-163.11665373048606
146,62.63854917205629,-252.63735287171212,-58.306326148374495,-9.540983876432234,-170.57332292075637
147,50.06757325617096,-256.1866045502603,-63.96499873944913,-9.637588473377981,-177.92814852477815
148,38.896653471810225,-259.8780495764405,-68.18512973308165,-9.749297671221589,-180.90709491785188
149,78.82197202475149,-257.9568073997563,-47.57028188432251,-9.683020155466028,-137.0686449311796
150,108.06419641810052,-255.66894789760727,-37.209764792712626,-9.646211009551282,-133.38999116821836
151,79.44333707413772,-262.42028850619704,-58.74023507988795,-9.895330391328525,-151.37526692699996
152,115.02064572268583,-261.2363974382848,-35.851598228175895,-9.835090342337697,-112.66598816160695
153,89.16353185255656,-267.2608944638257,-57.259553756524866,-10.114895250038126,-130.35847054263016
154,72.77592950854242,-271.3577950498293,-60.072354910709066,-10.278771273478268,-140.6936094264892
155,57.2331988431431,-277.1079763133828,-66.70071508481813,-10.43419858013226,-149.3783091403449
156,43.99631095132201,-279.6712582978428,-72.2825013954988,-10.566567459050471,-156.3952512207867
157,31.46628564165924,-284.50057774182756,-77.33035728595111,-10.691867712147099,-161.6223359441751
158,23.662398463500942,-284.9759180010827,-85.66408950874927,-10.735312837735377,-156.97190562972196
159,16.52131235476853,-288.3698658243017,-83.04983368729836,-10.8067236988227,-158.67115032503813
160,58.22507489683631,-285.6763643351384,-61.8401614346784,-10.725751227043686,-114.82064189345392
161,89.35491983805534,-285.7258480464827,-46.113406655338984,-10.73546116556748,-82.71980309985548
162,65.28574495320402,-291.79398562495965,-57.37420440179383,-10.981963943159078,-102.60177301689781
163,51.62248908629291,-298.86655148119934,-63.244082082993685,-11.281931286445065,-111.76189272619726
164,90.53490204433464,-293.40284531013435,-43.72837603270332,-11.077940397585587,-72.49248234053852
165,66.5248200355192,-300.8232794902916,-63.9230997010312,-11.317575880515887,-91.02406298020978
166,101.6559118380281,-295.2562280214566,-46.94084980399153,-11.190201394424312,-83.13815013247435
167,122.62091326658863,-292.6962578065913,-39.89678560074528,-11.154078493861494,-83.13815013247435
168,91.16252677811786,-299.50153481254165,-53.876816240703015,-11.429717737153087,-104.92268343538353
169,72.55098781636718,-304.05673937144286,-62.36273441877677,-11.615833126770593,-118.81132607291501
170,56.51892278168951,-309.882466805846,-69.388099996028,-11.776153777117369,-128.89938946706707
171,43.69666309833465,-314.1424655405419,-74.82149764460203,-11.904376373950916,-135.87705147355214
172,32.69304028202456,-317.2047359764649,-78.79111825428714,-12.014412602114017,-141.0753089893763
173,22.3303076120213,-320.62393458220305,-82.88553626948014,-12.11803992881405,-144.91635174052774
174,12.84839570726962,-323.7536577784784,-86.52530553955339,-12.212859047861567,-147.79114355146385
175,55.158252087734624,-316.8574678888992,-70.89375568229823,-12.042540307483817,-138.246299007779
176,31.261245796048954,-323.5074104718405,-81.0549287433166,-12.243233363822107,-151.41932479051786
177,72.21684027335769,-316.60029216748654,-65.84228275848854,-12.076534788802858,-141.8411715241484
178,47.63823030460105,-319.86990035499593,-76.96501536242849,-12.207319116303236,-157.26466558000027
179,86.630754765432,-313.399925638765,-62.55998387173471,-12.052041116325887,-148.81952555749942
180,109.53753182772556,-310.5264410601123,-54.924391517636856,-12.00504541843159,-148.81952555749942
181,80.91840463451095,-316.6049799236725,-67.25803557584211,-12.248186972973999,-165.9538585539806
182,66.92873992027552,-320.62187874350775,-73.06563419856663,-12.388083620116351,-172.96763267131527
183,54.99591691852949,-325.3386169304785,-77.6789314098208,-12.50741185013381,-176.8591399548163
184,94.15342649909077,-318.625228855894,-62.80015439304278,-12.34654379107451,-165.90149701527065
185,116.29874387498174,-315.7368989773277,-55.41838193441247,-12.299709097003559,-165.90149701527065
186,136.00620023733754,-313.0995501924285,-48.779427779563804,-12.264742926130017,-165.90149701527065
187,107.35630109212298,-324.7262226713311,-60.57875062334093,-12.509975707293473,-179.39763578750419
188,144.44502024231238,-315.24147625928214,-46.824823191509,-12.301959228704902,-169.67476611612324
189,115.23572186642085,-322.01182686758193,-67.28357532920501,-12.572773253036893,-185.76676919191274
190,99.78831455849658,-325.7793413353607,-67.12766424939288,-12.727247326116135,-190.86316288353697
191,86.72660979866168,-330.9223235421466,-72.10005987672179,-12.857864373714484,-194.5741271278406
192,75.43722578869424,-334.60127435508446,-76.08439753759406,-12.97075821381416,-196.2326436679727
193,65.4946052620891,-336.7152405212263,-79.69392439897888,-13.070184419080208,-198.17844099425855
194,55.41536667923788,-339.1095544072594,-83.42872903169192,-13.17097680490872,-200.49250222525413
195,46.224572618528256,-338.71288990890764,-86.89369900358724,-13.262884745515814,-203.4402683569462
196,38.05274922526471,-342.2574463867525,-93.08797844347228,-13.344602979448451,-200.9143197243734
197,33.496150555014964,-343.73245860219544,-86.46405007721117,-13.390168966150949,-196.36183183738058
198,28.223696847138324,-344.55610380955324,-91.41979568402833,-13.442893503229715,-192.12258374377336
199,23.83242952138479,-345.97957868165315,-84.9869834485848,-13.48680617648725,-187.88833945621778
200,17.580254719922635,-346.5759677944195,-87.07968372897359,-13.54932792450187,-187.63155209890397
201,60.839216738868075,-339.84571825299344,-70.99602332980902,-13.366528605450043,-177.2831815041294
202,38.12714547552288,-348.63827958516396,-79.89502531426014,-13.552497831619863,-185.25305088414578
203,82.90592825887876,-337.7334863948343,-62.57439263308506,-13.341331758113915,-170.9376298449859
204,107.51741467220953,-338.6845673891551,-49.06432049158752,-13.371434051122456,-139.10016982266217
205,87.42484249875892,-340.60411054581823,-58.054009755263365,-13.52065117722395,-150.7129218923507
206,71.39712424841547,-345.71201340815855,-72.32374306198773,-13.680928359727385,-159.23893070990806
207,60.09885142849659,-349.5518418464177,-77.43250521179557,-13.793911087926574,-161.25293752466038
208,51.122632116926226,-352.48856926697573,-74.69615692272845,-13.883673281042276,-162.63156658829453
209,41.84740744312455,-354.26805508893926,-78.44812244570319,-13.976425527780291,-166.54113906386584
210,80.7139455881377,-348.52269247259676,-63.959970558936774,-13.825786875823312,-157.3453040332936
211,103.97052209551501,-345.2597978606641,-56.207778389811004,-13.771826784406505,-157.3453040332936
212,76.39482548279507,-352.1881330024612,-67.76157419131447,-14.00091832025557,-171.75786498013855
213,114.22214771362476,-345.41845848105896,-53.360336776263416,-13.841061667412339,-161.21594435028643
214,86.17379213541449,-352.5822342195032,-65.11975733841061,-14.07830159339841,-176.0092754157967
215,123.24566620659661,-345.8747790811968,-50.98224652569454,-13.92080260231704,-165.32795868186452
216,143.2702077518191,-342.88758128190597,-44.307399343953705,-13.874211658949932,-165.32795868186452
217,163.04914464371058,-343.9454203023635,-33.02295113903282,-13.909348103909904,-137.1791432361221
218,187.58796389572507,-344.42706896452637,-20.337635858608426,-13.934302443174932,-110.14489005760473
219,152.31899164866078,-353.1520399004604,-35.21739494453344,-14.292408226445945,-133.0242026790158
220,182.11512254870067,-351.5788564755733,-20.006441946983596,-14.24134204134334,-101.35074649379649
221,202.28063567595643,-348.9331521731142,-13.277045005873784,-14.204864311870727,-101.30539110164914
222,216.80312409466995,-348.7433598503742,-4.916566198690839,-14.218106738531052,-80.18749509597849
223,180.66985324581213,-357.57475370950385,-34.708247933538445,-14.566387085519263,-108.02553542990054
224,207.60735760413957,-355.78516304259466,-18.023298613912786,-14.516942396169743,-79.9720870620943
225,171.65321526568732,-360.6312537785451,-35.61467449621726,-14.787022537711303,-111.71891533466341
226,197.9886866945693,-359.47275617388084,-22.256446343665658,-14.752614316805234,-84.2404892771178
227,217.04276189454828,-358.8304370516968,-12.655705851952508,-14.757036490308655,-64.74419672679683
228,183.8600993695397,-366.812542337491,-42.060778068936216,-15.067713815580086,-93.84667128816731
229,210.1158879367895,-364.84469100359166,-26.2122734975815,-15.018773258300433,-67.18050908529683
230,175.48959828424603,-375.30932825822396,-41.96623656073235,-15.346129230103868,-93.81415618206445
231,152.38593812684957,-379.7093937421337,-53.67233625869182,-15.535970548018678,-115.29840642341239
232,127.81566400595936,-385.85196227235616,-63.98560826702519,-15.78167328922758,-130.39141879571764
233,110.77731313242532,-392.0496737143054,-71.32874601020923,-15.95205679796292,-140.3735435077538
234,92.64735545153826,-392.5058641577778,-78.41505266219758,-16.133356374771793,-150.56023608924224
235,79.55938889167558,-397.66243143150217,-83.77886624796241,-16.264236040370417,-157.11287394615726
236,68.90573979364723,-396.557226897728,-88.16510444703411,-16.370772531350703,-163.04418755930536
237,57.215424432839946,-397.35430977240395,-93.21366213452225,-16.487675684958774,-170.70075134362898
238,96.76730990314809,-396.09498024181295,-73.18595222621347,-16.418052001548286,-129.63826283439255
239,76.91466522201567,-401.39321444351697,-82.21993457583142,-16.635743242993055,-144.23388529639536
240,113.21905249934724,-395.6572253498524,-68.79315655177346,-16.49437042887628,-136.2819917067108
241,134.6008767866714,-392.0858877926526,-61.63036874502194,-16.43703937141878,-136.2819917067108
242,104.56148607619309,-396.2295258440235,-74.67065742503056,-16.686546778442803,-155.12396280331623
243,89.85132282267905,-401.31853435825036,-86.62392145068327,-16.833648410977943,-160.08454368698648
244,129.6583335474624,-393.3489410825438,-65.12059684392915,-16.647898114824496,-147.77308545578222
245,100.84217365409734,-399.1684017544789,-77.50698079595983,-16.8858354689482,-164.64834038728827
246,86.56891874780858,-399.77575238595676,-83.56457319027513,-17.02856801801109,-173.15248031357788
247,74.88070118619093,-403.38481632246084,-92.95936965826212,-17.145450193627262,-175.4416182564112
248,119.44176138830628,-393.9188679245918,-70.57187460268362,-16.870204109015024,-155.9922155760263
249,141.92498605894124,-394.1797278423729,-58.1694490100532,-16.889665225734422,-126.54411136151367
250,117.7166651356661,-400.95162496030633,-77.64396939136009,-17.145819963370204,-142.72737702017824
251,103.11234395141692,-401.42062428970536,-79.24763338785226,-17.291863175212697,-152.52105621544678
252,87.85506318548352,-405.68501094553756,-85.68640919092009,-17.444435982872033,-161.53159831136566
253,125.67281983117043,-403.48561454879336,-66.54487406099781,-17.36987391952645,-122.31790082320583
254,102.74788256367597,-409.5308363845862,-76.9638906682981,-17.611682792958167,-139.3440638589262
255,137.11314321005202,-403.75935289626,-64.19377519985275,-17.476239776889063,-131.85816704249493
256,158.2370715403526,-403.4607102768282,-52.628595593761254,-17.48564537215854,-104.71494606654703
257,131.35064763798448,-410.0802885865072,-65.0171910536723,-17.755250074887535,-125.64454534858136
258,113.31724385827556,-414.0568981680188,-73.05171075789463,-17.935584112684623,-138.05443719664387
259,148.10739263410923,-411.6671980476132,-55.560433142201035,-17.86450509985087,-102.68706905414979
260,172.91387715409368,-410.69975160573745,-43.20566490151097,-17.86159665869274,-78.17142864997831
261,140.65432110211395,-418.44465562096843,-68.08039796286272,-18.169168706929366,-101.36629315606419
262,97.47989845824816,-429.4819252192629,-106.69768253674701,-18.600912933368022,-137.8605714204656
263,136.39767561868257,-422.58308240170504,-86.67664061618694,-18.424291093603706,-127.28274100077665
264,156.84856188410976,-418.90370612041283,-79.79805828621906,-18.367798576347774,-127.28274100077665
265,175.05181373405333,-415.51877624552566,-73.63792879238403,-18.3208353025819,-127.28274100077665
266,193.68814499824342,-415.21928917977954,-63.21070770560657,-18.33202503190287,-101.99207700849203
267,166.03096552889733,-422.49769567597946,-86.32372470996516,-18.60593486447586,-123.03265993939242
268,195.25914905835194,-417.4705955562358,-70.69241530649171,-18.49222625885157,-114.56079898888031
269,212.48980289553978,-416.96793383455275,-61.02368324772065,-18.500297159712815,-91.00971431062959
270,229.38846320176526,-414.35480112736104,-55.368764863556834,-18.479601743726082,-91.96065516645919
271,242.8275573456475,-411.2356552904337,-50.88906681559608,-18.436861364677632,-91.96065516645919
272,255.73723537961183,-410.49988573886725,-43.32463425392964,-18.442296773508684,-72.39341586438921
273,218.15794520672273,-419.2597340598227,-60.516718315702974,-18.796067757345075,-101.84932321614103
274,191.24391267958418,-426.39754517835433,-83.51570298695242,-19.06520808261646,-119.4499300435663
275,218.81225186666725,-421.36843727292154,-68.61609571774832,-18.955262221354644,-111.12665330836549
276,182.17359047962015,-429.4355081992281,-84.34523712713536,-19.263862576353873,-133.72598777608795
277,211.3592024109189,-424.2056196883536,-73.44892625235985,-19.142542572161993,-126.71934639003244
278,175.0845596669117,-433.795630830196,-88.53023817721513,-19.444635914595874,-146.05038266964016
279,156.4521732439825,-437.65263599573007,-96.16122565327039,-19.63095977882517,-155.87951953611906
280,139.3371116800547,-441.9314013867121,-103.30351002719249,-19.802110394464442,-165.14633796095356
281,121.82299051604943,-443.0470615669624,-110.31502515468338,-19.9772516061045,-174.26940704571135
282,156.76842138132207,-437.6981215747597,-97.29716754665992,-19.831442927464014,-166.05312312811586
283,177.41363860373997,-437.9959864565995,-85.61147096136455,-19.854181124128914,-137.22937806117943
284,202.04042510876792,-434.3527949464644,-77.14518776127001,-19.799476387884038,-135.6852518706681
285,217.73205811870827,-430.846722470927,-71.91464342462321,-19.748181497124826,-135.6852518706681
286,181.58015717928333,-435.15866416627847,-87.7955959018492,-20.047953357908835,-158.66716485517418
287,162.1190836684649,-442.60708913695976,-96.02014920423646,-20.242564093017023,-169.09233764786086
288,196.34641254212443,-435.37501948782165,-82.84392455460724,-20.080432807856,-158.4896474974046
289,210.8804960018244,-432.1318147832977,-77.85496385444274,-20.04565241704114,-158.4896474974046
290,177.35370521587737,-440.51549191608143,-91.08036804585103,-20.32246884823243,-176.04884373342222
291,159.80814636459004,-443.99658004176115,-97.88768267028463,-20.497924436745297,-183.1371578665932
292,193.63739199368246,-436.6994570555698,-82.19405670494206,-20.34109348881741,-162.11495065668697
293,210.31305646212698,-433.1177988484484,-76.63550188212722,-20.28795694560875,-162.11495065668697
294,177.19554384536582,-441.9783364597832,-90.5652956321168,-20.557576629141252,-179.4586879231022
295,212.05204507198334,-438.8337953776317,-72.65521131371878,-20.476609783100894,-141.7111844659491
296,234.11641883961775,-435.3897643888089,-65.0577939847283,-20.427530998775858,-140.25542802727512
297,195.37224864060192,-443.4959370195927,-81.10917658520411,-20.751777904007213,-161.89999764566969
298,223.19454089802412,-438.13845144596115,-70.27176099136027,-20.63726465289722,-153.51535973056747
299,187.04100433459274,-447.58906958711543,-85.23126166195512,-20.938928044024543,-171.89124616854014
300,168.42496598142674,-451.3399827051259,-92.3970564315629,-21.1250884275562,-179.73652175182932
301,202.76716066133494,-449.3441054435385,-74.78542396230996,-21.055681504766103,-142.7511162961281
302,177.28159198205776,-456.7082395851745,-93.87018973797036,-21.32510697164093,-157.54274711382567
303,161.81648076969697,-456.315545796972,-94.15191122094228,-21.47975808376454,-166.10932774485775
304,142.57457694864627,-461.71002648070134,-102.00777553898868,-21.67217712197505,-176.1087300282958
305,176.71859142873512,-453.60807970721777,-90.13360522284668,-21.46574292375468,-171.28932863361896
306,147.00087960807997,-459.755443254099,-107.99466838104246,-21.70995883433329,-183.32189103479624
307,137.96650049981136,-462.65531234493005,-103.566380860175,-21.800302625415974,-182.7904007808663
308,176.53192730907182,-458.9838447891596,-83.9291075509222,-21.70565131000521,-142.09761454387035
309,142.6199383466218,-463.9199395381044,-96.94088103699451,-22.060152963321606,-160.6986864781263
310,126.6570200049121,-470.3743049197746,-103.21273132624735,-22.219782146738698,-167.14028091278738
311,115.81065730394623,-473.88620761617284,-107.17240807736498,-22.328245773748357,-169.20561601756143
312,154.64590763972913,-465.62415865444376,-92.33494667078159,-22.143786898111394,-158.08466438555314
313,125.4146352765084,-473.2464962375661,-104.29927746987832,-22.376923877249794,-171.93791055821512
314,114.8607962140224,-476.66091084857715,-108.07839276182237,-22.482462267874656,-173.50492418490745
315,104.89088957186671,-479.2258291863155,-111.50966842897012,-22.58216133429621,-174.37422431130096
316,146.009070195728,-475.01559094375574,-90.78443927969636,-22.475566773188582,-132.25921066338094
317,124.18770499551249,-482.5414950384181,-100.40533286885618,-22.70464762690896,-146.34184179790887
318,111.14723774751785,-481.8099974547759,-104.42039600290582,-22.835052299388913,-146.5583240794156
319,146.94212941990432,-475.83919154729506,-91.28974760243803,-22.684891034313765,-139.49607751078148
320,167.21519521767948,-471.4404785859744,-84.18714216488986,-22.618002225748818,-139.49607751078148
321,185.41347860521944,-467.3728567240077,-78.0331332078859,-22.561503980543367,-139.49607751078148
322,154.20861095237703,-475.61274749570987,-91.21871231155075,-22.812401562212298,-156.19981682708573
323,190.12280899949994,-471.7858411778726,-73.10145686592152,-22.720725835082487,-119.32468024755615
324,162.71741130156568,-477.96356451102343,-83.53431675396138,-22.995568007023458,-131.86531985014545
325,144.71397307412118,-483.6827597849947,-97.96833167257002,-23.175602389297904,-139.37172211788763
326,183.04413200868038,-478.6625009519728,-72.77608548291067,-23.05343179618661,-101.16360758310582
327,156.66028784446115,-485.4596252969,-94.34122077218504,-23.30852417176804,-120.97534338946548
328,138.9458988325218,-486.5545727595948,-97.6910462960935,-23.485668061887438,-133.4354192714085
329,171.85578502346914,-484.5401083332433,-81.29549280766383,-23.4262445983459,-100.88187072272513
330,196.15410494656558,-482.9951304228383,-69.33870786426975,-23.414702097256647,-77.73780090855357
331,214.93851933456813,-479.26819118148603,-63.312342272894305,-23.371763074732552,-79.93252614241672
332,230.61394197303076,-477.4550497188037,-54.659217456538705,-23.356473319856075,-59.36462252120843
333,247.77633946140142,-475.35550841633074,-46.414190387807615,-23.33630301932882,-44.219255085563276
334,213.24648414278488,-483.1078818652855,-76.05548146784486,-23.638881294063058,-74.62028493020574
335,188.55841589047873,-489.44998531695353,-95.38768628635037,-23.885761976586114,-91.52657808071365
336,217.4951737612699,-483.8877406767988,-80.61829758298724,-23.76494724075453,-84.04146546636308
337,182.16815873500929,-490.9530528678131,-96.11994316634141,-24.053141957533402,-106.94930320992007
338,210.31851831027268,-485.52606859665156,-85.64616008406918,-23.944877880337227,-101.13658543825306
339,226.19214122679813,-481.53495652674576,-80.35495244522735,-23.88572581990172,-101.13658543825306
340,241.4019801189988,-480.26825016978574,-71.68874855142741,-23.88165236053433,-79.55903985985478
341,255.98309321313909,-477.1477391796098,-67.00871657453119,-23.85885707454558,-81.83497483991509
342,219.6012467133047,-484.95734958880286,-94.83684438664429,-24.156706711311635,-105.38624330816754
343,248.05229528704984,-479.19292239889546,-80.2211615235986,-24.0245016859852,-97.68824330047157
344,210.34675054385903,-487.3546873873775,-106.88390387468743,-24.332974223984024,-119.13464031339518
345,237.80378069787758,-481.9819051797311,-91.30894452661296,-24.2180917346379,-110.07829540688523
346,252.92305897905396,-480.99723489842995,-82.64715121479657,-24.220020665873278,-88.34609209833965
347,271.0139671458544,-479.6601081931811,-73.67157804090664,-24.21582781130266,-70.67446938860091
348,282.8301968882133,-476.9202006622644,-69.96390108698229,-24.201331999991933,-73.51617331417944
349,293.2725166275664,-473.4285227795887,-66.48312784053127,-24.155111913549103,-73.51617331417944
350,250.896929063209,-482.15934344666056,-85.04721093340008,-24.50844280867566,-101.07871438423615
351,223.66101076748433,-489.2605252959571,-97.23366918289676,-24.780801991632902,-120.50426824090809
352,248.65559572799003,-484.0867529179638,-87.72415552422245,-24.684166265852596,-114.21220849415161
353,262.8932911269679,-483.22420181374616,-79.42243364288646,-24.689097167784286,-92.8772680040915
354,231.1707774656855,-493.07968949177524,-94.08453648800693,-24.989584693565796,-117.40485775224948
355,259.27722846900474,-486.5808827861081,-83.39449745982064,-24.855443032718394,-109.47752558977024
356,223.81248959660437,-499.6796763956352,-98.06484295735204,-25.140164269502865,-126.57012083015778
357,257.9036986986215,-492.3348097090462,-80.978504893087,-25.015488834480735,-92.23451064860177
358,224.29553846587365,-500.29484189439955,-96.33823035118027,-25.33389012189487,-118.50016255666237
359,252.31758815850728,-497.65241844520204,-82.3273761051887,-25.272444406016458,-90.47913646598022
360,269.8642707298664,-493.7967466168408,-76.79086852539113,-25.218386981840442,-92.35345612991308
361,229.66722415823656,-501.7774131028698,-94.15105631601087,-25.548978465093192,-117.26534311311833
362,206.3139760417558,-509.0775978717904,-112.4196221120556,-25.782510946258,-128.67287517739558
363,191.66445631705514,-513.8161873309718,-112.4852285038965,-25.929006143505006,-135.45413437884696
364,225.374862958964,-509.6630487493487,-95.62719413159573,-25.835938964711662,-101.72674142886001
365,246.64054265248666,-508.20725366621593,-85.110159878246,-25.82899062910697,-81.15589529580703
366,261.6657222195815,-504.75458105236186,-80.30485714234499,-25.799819345293894,-83.55915629502468
367,225.42099066481464,-512.47838106441,-107.51197582423123,-26.093120799460845,-106.2474685404706
368,254.6554973578186,-506.3287419132301,-92.3070800866179,-25.951718189239013,-98.05737828055257
369,218.9451678804953,-515.6819085243771,-107.75024115506474,-26.23704839428204,-119.29568573658707
370,198.59155436589097,-520.6035842982441,-125.34410873419475,-26.440584529428083,-129.51133189361633
371,233.06339892194825,-516.7918853211992,-102.96957674823169,-26.33403194637825,-95.32301650439493
372,253.73163795397087,-515.1829737559351,-92.79517578972481,-26.324448832927985,-75.61308881739885
373,271.5959914435336,-513.2586587141326,-84.11297533237887,-26.30945025568186,-59.248593052448655
374,234.8345808600851,-523.8485086158747,-100.66706685918008,-26.640160164372137,-86.95771195339364
375,263.065595002006,-519.5664677969161,-86.82797411651403,-26.554883023424754,-60.385183781239164
376,230.00325833864582,-529.209209537135,-102.38115131998623,-26.84915777500977,-87.57957367535211
377,207.25631858210645,-534.3358889555903,-112.56261732681362,-27.076627172575165,-104.25763405481064
378,236.78027019692723,-531.0855061991322,-98.03639181668194,-27.00526715498193,-76.14818422366216
379,204.84532974917983,-538.3859931769204,-112.84742019862176,-27.29728663409346,-102.1947983303544
380,231.82102828440088,-532.9452444027714,-102.69467105397169,-27.192394046306095,-96.55646350479351
381,196.6069779242788,-539.9998025095059,-117.89983107003381,-27.474576370575473,-118.326527959634
382,226.34445814456384,-538.3989624691374,-88.75948484884483,-27.445647619129787,-84.94325958290133
383,246.4447891774889,-534.3382712847302,-81.69728087349431,-27.401088131397028,-84.64057579397593
384,258.42352919889083,-527.4957926278117,-78.08494402871246,-27.23634962888067,-84.64057579397593
385,222.3918198822025,-536.9377335193209,-93.78499045277658,-27.524581121077464,-106.777435704984
386,248.58282971040958,-530.6442077967198,-83.08711193733501,-27.41520136799647,-99.10288416233234
387,211.3820766550888,-538.6244591826276,-109.02850124033684,-27.716843700479824,-119.69212273758617
388,241.3439819624725,-532.2938746269629,-92.70904605390153,-27.57528531214125,-110.42376302440721
389,253.60164106060998,-528.1148053829751,-88.46710640907007,-27.53200226136645,-110.42376302440721
390,218.3669256942615,-537.3224713162457,-103.5899364168007,-27.813106975134627,-130.69131233809406
391,196.6363448231099,-542.005906723402,-112.4056933136613,-28.030412783846142,-142.24677333131413
392,228.22936666496602,-535.428992174348,-100.53599890310424,-27.880867488764324,-134.21465055168392
393,240.6188589203513,-531.676413234612,-96.09996186818671,-27.842418422648656,-134.21465055168392
394,206.68816635384601,-540.500879367489,-110.430864713147,-28.11185718402703,-152.3386824884351
395,238.05323163970624,-532.8586315237911,-98.12510749791554,-27.958965133388215,-142.121761859218
396,204.91690753425908,-540.6029019299648,-119.01999480753614,-28.219488719929473,-156.8959307709253
397,239.9265808318471,-535.6572921959882,-94.00895238573332,-28.114463047017367,-118.9232362521855
398,261.5717142961894,-534.3872831596876,-83.21528114302376,-28.112729317649674,-97.45147572461273
399,276.1643223004117,-530.8173036393739,-78.47038120166874,-28.084140502578993,-99.42911536217224
400,288.4274777966658,-529.2808955902981,-71.22166297798847,-28.078325229392167,-80.46311701259887
401,248.88893514296296,-538.4749707710866,-88.60192992602332,-28.443472553626016,-109.55785554320043
402,274.51057926925273,-532.7949368839237,-79.09571800262724,-28.32535563827986,-103.76387225540346
403,281.32139966256494,-529.847321484385,-76.38621633879968,-28.315288922970964,-103.76387225540346
404,241.0320739140036,-538.5738096758907,-104.32340155717094,-28.646153971611948,-126.008728597055
405,271.5779866845747,-534.982886137848,-84.43723980277989,-28.552096506375197,-95.59731766558221
406,237.54695549583928,-542.9618795438832,-99.96498635555659,-28.871256242616607,-122.0508548816793
407,265.68909519684735,-539.9973168111061,-85.95355973539684,-28.80423161137193,-94.26657456273682
408,283.6495327047407,-538.2855309474895,-77.12899889601876,-28.79489213649781,-77.24008454225503
409,245.87598197520953,-547.1583017426777,-105.66930189603242,-29.14059141007241,-104.06374152092947
410,275.2417674717773,-543.2733189303402,-87.02648095421641,-29.045881596113126,-75.86129978101012
411,242.39972991883465,-551.0652808657754,-113.83459491807244,-29.342424226408045,-102.04328284291094
412,221.50423771770886,-557.6027152616543,-126.99937947858517,-29.551379148419304,-111.51329324200357
413,206.75338672816778,-562.3607618829659,-127.28157633075205,-29.698887658314714,-118.9096144715832
414,239.06520742212842,-554.6859569894249,-115.03894688423826,-29.538977096895906,-110.0774791804217
415,252.1932207859503,-554.9729166119816,-93.35631840235018,-29.587315132441304,-84.50855824726494
416,221.67148487422844,-564.6426871988333,-106.79845037203123,-29.893784225046733,-105.64955783726215
417,252.88738650434445,-559.8507380734685,-91.47681636037542,-29.794584408015098,-76.15155702755933
418,219.715070401142,-567.3428622783066,-106.8571641223158,-30.094269376208626,-103.2107255716188
419,199.23306678517034,-574.4764267858703,-115.90791720643568,-30.29908941236834,-116.55123684439482
420,182.04672090779303,-577.8634609531182,-123.40020975961548,-30.470952871142114,-127.57889772071579
421,164.68598196038033,-582.2036456899713,-130.80996723664379,-30.644560260616245,-138.22915274036572
422,150.8945600397824,-587.143233522114,-136.3039420780843,-30.782474479822227,-144.0199052637722
423,140.21914169551508,-588.904466425758,-140.47953555000547,-30.889228663264905,-148.66382827154555
424,177.82124707643726,-581.2310323576919,-126.4164060721872,-30.71084631501619,-139.48926216648044
425,148.53318228879394,-588.3302071180345,-138.3648777432585,-30.927916150691345,-152.60396261762142
426,138.49988083927093,-589.6626722404858,-142.08780995781515,-31.028249165186576,-156.4842230677067
427,177.48886368815528,-585.8154008447351,-122.76583854968499,-30.9264857681926,-118.53036031669441
428,203.4122590137655,-580.1073245353253,-113.8021094527335,-30.84224020440996,-119.21796841190258
429,171.17209217768885,-586.1082030134122,-127.45066125008103,-31.091467097553107,-137.53998365834764
430,156.87648964541705,-590.2751379694624,-139.83459756863073,-31.23442312287582,-143.02071049879777
431,146.48251246839305,-593.2372529731964,-138.16249512088376,-31.338362894646057,-147.38617858909873
432,183.6104931359893,-585.5824185258755,-124.31247975179794,-31.161285617442534,-138.7745437864157
433,153.7097022875013,-590.9989626619418,-136.9028981165272,-31.38616662806371,-154.79711017398466
434,190.18048960817345,-583.4418049034538,-123.25752667795554,-31.21199688271348,-145.86645618389883
435,208.18953126430495,-578.3821644310523,-117.14970369118082,-31.13510015496278,-145.86645618389883
436,176.1304308711116,-584.3640251518267,-130.61801825863395,-31.382026075943834,-162.9662206781131
437,162.25738789425046,-589.5640771739692,-135.80947456364328,-31.520756505712445,-166.98651755536068
438,152.06293887354948,-590.9108772160722,-139.67027140843788,-31.622700995919452,-170.03610605973122
439,140.3855130450976,-593.8302336731851,-144.22013333333234,-31.73947525420397,-174.27845245846578
440,179.87145385935938,-585.4286894017056,-129.37721287533657,-31.541691643349107,-164.33038130158047
441,199.675356066433,-579.9196043775261,-122.70928597653618,-31.456227355786673,-164.33038130158047
442,217.63953851034847,-574.8549031538442,-116.7212251618977,-31.377611929141523,-164.33038130158047
443,233.9269993914179,-569.945481634747,-111.29207153487457,-31.302754981304336,-164.33038130158047
444,247.47852836987036,-565.3885412851581,-106.62465820015593,-31.246907140284982,-164.33038130158047
445,211.86603220570433,-572.9373428188104,-121.46382429387059,-31.5281884311681,-182.7521050923793
446,195.25295426256318,-577.0906123045955,-128.02955254285206,-31.69431921059951,-189.78204953362086
447,180.51133361237768,-580.5877941067926,-133.69725506606923,-31.84173541710136,-195.017395586752
448,167.58736666152848,-583.8187858445048,-138.51199591887365,-31.97097508660985,-198.63892317881977
449,206.5245663616171,-580.6436320724845,-118.82116191987484,-31.874704122388305,-158.36831858500395
450,231.30187135935492,-575.6406539465964,-110.29274444949837,-31.805185356630886,-157.1908983460336
451,244.3429553219492,-571.4335510964517,-105.58939011381882,-31.757890913791016,-157.1908983460336
452,207.72885378807314,-578.7274137397959,-120.62044257757117,-32.04964541952478,-175.7181083519258
453,191.11915210140694,-583.3921948337539,-127.23774399392721,-32.21574243639144,-183.01228709275475
454,227.3365029791568,-580.2158950720362,-108.96516258308465,-32.125094324062154,-145.81150038319907
455,251.63602918273472,-579.0551770742154,-96.79585078930364,-32.12626724558168,-121.39468202766884
456,221.09912522016285,-588.5042071612238,-110.02562942137531,-32.42064313421758,-141.17010532085138
457,203.76960827815012,-591.8154895336303,-117.30093122572845,-32.5939383036377,-150.70364409032152
458,237.17985061399708,-588.3591310343605,-100.66240001629691,-32.50763548078603,-117.69294150542625
459,207.55717505969528,-595.7758348522539,-113.95981728444893,-32.79107926795165,-139.4842127841552
460,189.50905089017067,-602.1739716799522,-121.22839516023897,-32.9715605096469,-147.74787933593728
461,224.32725917925148,-592.3127004596001,-109.31363445456185,-32.719310560705146,-143.31701031580823
462,192.43084915086558,-599.0737830398596,-129.9819272387328,-32.96459777623839,-158.3712444778717
463,228.32800034291114,-590.9308820656695,-110.00361849292274,-32.77362972622338,-146.51497858768815
464,241.29513667885948,-586.6596627566021,-105.38836163381796,-32.72757220120402,-146.51497858768815
465,205.53428150255922,-593.7510072938003,-120.19437721059548,-33.011225982691954,-165.30594202970235
466,188.83899476188236,-597.7336107782783,-126.97753999837843,-33.17817885009871,-173.36576916882683
467,174.23319968775294,-601.3850595468106,-132.77257184713773,-33.32423680083999,-179.52670151954254
468,210.39518648295433,-593.3902386253847,-118.98410911519564,-33.14169902988792,-169.59040918725924
469,229.02209378727852,-592.5323542897668,-108.29765430218912,-33.1481368692087,-142.72549491786856
470,253.08729777584398,-591.192323483638,-96.29765785813186,-33.146180536195175,-118.85592423065599
471,270.75459732506886,-586.7519641283624,-90.53283868889477,-33.097858911872194,-120.2314173498533
472,279.4013848368531,-583.0275096499709,-87.2606906372735,-33.069654804637494,-120.2314173498533
473,291.1892385372068,-578.418335995881,-83.33140607048891,-33.004038256799504,-120.2314173498533
474,250.82897530501714,-586.3076686519851,-100.52701127933494,-33.3257497029907,-143.478304431816
475,231.44566415390855,-593.940112942488,-116.24910522749633,-33.51958281450179,-151.7750962801344
476,264.55564031732376,-584.9687794973727,-96.1301161357385,-33.33485891084123,-138.40599951302232
477,278.62961688898065,-583.7375387399741,-87.77068638238411,-33.336120790920624,-116.39737413620986
478,244.88563288991566,-591.607665892832,-102.89054607091632,-33.65728442012136,-140.93759275802924
479,274.5414721034698,-588.3347201765447,-88.10257602041564,-33.58046195293729,-111.52145088213346
480,289.4112778183977,-584.2468997233894,-83.25252381936608,-33.54371351189745,-113.42093674820494
481,252.09096062963033,-592.07675305612,-109.86945223356716,-33.83745493902818,-134.6861707751229
482,283.31976307675063,-588.1119479883812,-89.50396036150464,-33.73607748282432,-103.9340415705383
483,297.0590529804923,-584.1284591355825,-85.08588489887416,-33.70284079289078,-106.24033935351665
484,255.38322491460994,-592.865434333245,-113.17765608492189,-34.03979810454591,-127.89389410012511
485,285.53967209259685,-585.6804606148446,-96.6109868081081,-33.87358515697727,-118.12211377389785
486,296.76295016538694,-581.0580694521111,-92.86989411717806,-33.80789368873896,-118.12211377389785
487,256.76812968548626,-590.5102386980457,-118.05456322993376,-34.125530409263355,-136.25712856779373
488,289.5172812824561,-581.6083745389387,-98.6973601004028,-33.93165280792654,-123.59589967198224
489,247.06626265021407,-583.5196145044192,-116.25948953504762,-34.149052336244964,-142.00821330282974
490,270.97925547327714,-578.4696079342472,-107.33303980495222,-34.0548745150823,-137.3754300196866
491,235.54408410024217,-587.5210074624941,-122.20186555476681,-34.33173507220781,-155.71804177250417
492,267.94529532519067,-579.179532387069,-109.63240808519835,-34.15468705209531,-145.1037194049904
493,230.43597503126676,-586.3806056350281,-125.37930546946058,-34.44939880358443,-165.26184506692053
494,213.53993344452022,-592.5872532255478,-132.15900313225447,-34.61835921945189,-172.14794787019082
495,248.61685201607418,-583.7170014148267,-118.52121922553499,-34.426355444885296,-160.475081572982
496,264.2090924208169,-582.9522769785342,-109.23594830568733,-34.43592591772816,-135.94793686338153
497,234.1121045373189,-590.3877743447714,-122.60093790623766,-34.73334581237764,-157.1493035973711
498,197.03021254118372,-594.3357033652957,-134.60079344177387,-35.104164732339,-169.1811120330277
499,181.15800269022918,-599.0319382069331,-141.0076505244516,-35.26288683084855,-176.55541856430222
500,216.27649217181033,-591.2776411471862,-127.48227769576,-35.08917007741751,-166.72280807719352
