Episode,bias,closestFood,closestGhost,foodCount,danger
1,-25.664542335774474,-6.4437237579851985,-25.191463092882184,-2.0531633868619577,-25.13188544913737
2,16.355066621880603,-1.7135248346006282,-13.88137462854899,-1.2394100892347355,-20.494975035045538
3,-6.284834583385887,-8.624857062241354,-25.843529347180827,-3.131937805102667,-45.059167160127735
4,-22.595678203504743,-11.480040991135969,-34.13766382560914,-4.272735311875326,-61.70163861877462
5,-35.54952834609061,-14.92111801933468,-41.334685812531504,-5.363216005107384,-76.85807442189608
6,-46.04017344706221,-18.886531024543476,-47.110622736052115,-6.019618973402257,-89.5066488678577
7,-46.41691921309486,-17.91356596866219,-48.157692369900886,-5.930925776594132,-93.17521365736195
8,-47.10312098947328,-17.8945782940426,-50.44495395427479,-5.902762552314501,-100.2451961472068
9,-41.996612070538546,-13.5673218858685,-60.151841136728564,-4.853436921719011,-109.80218524919056
10,-33.10995284387711,-10.90519948166817,-57.876463579109156,-4.435082958964155,-119.56156469372148
11,-30.601484448105875,-10.278881403293326,-66.84597368743417,-3.6540542797324034,-123.5307720807714
12,-33.39649730644168,-10.064758353308832,-73.4039441564973,-4.124809701959397,-130.96124688907278
13,-21.832874186489335,-5.3619802076717695,-67.92740551751582,-2.5647603341857463,-137.88100197603725
14,-24.244989443820668,-6.830773430319122,-69.90795659263043,-3.465520891376899,-142.4729306909599
15,-23.64855683132787,-5.666400280701794,-72.06361824416581,-3.420361263878253,-148.97535280317976
16,-23.278407709259604,-7.454679734242451,-72.89423766701354,-3.3922542357129237,-151.9912678294426
17,42.80917123282914,5.853196745092027,-49.89756923545918,-1.7196648641595507,-118.60883292359654
18,26.85145942178032,-2.0256761011919373,-66.42595840209101,-3.04546227666501,-131.18592237289323
19,2.470886653503154,-9.110767960987737,-66.75757786199465,-3.9156570416858085,-138.9584253339805
20,-4.395336215246738,-11.347645999304572,-69.52224290429837,-5.045255054555213,-144.01360742745393
21,-3.915333044492776,-9.831019802234401,-76.32142747171045,-3.9802987180637657,-142.97724612302864
22,10.867808804958578,-4.5415283671985796,-57.67069546314114,-3.662628856645775,-120.70574283082338
23,-0.17836550911659899,-6.344229798494071,-60.0353228208681,-4.020743754630209,-123.65070328422883
24,-6.2729687095201,-7.317483145647496,-71.33610278552383,-4.978131942271317,-129.0646988135466
25,-12.713597716422278,-8.936443046605667,-68.72899340397524,-5.546890984504778,-135.43204560488607
26,33.53028368350346,-3.249337856728692,-53.069687763328986,-4.208686421711708,-118.71863357064642
27,10.623128345376116,-8.748658682144557,-59.361391850158256,-5.5507746753733,-126.0217000694046
28,43.08180108830006,-6.0205272610078975,-45.328039702039206,-4.934079343992069,-114.09880585207502
29,22.57024021737137,-16.39738505675675,-64.34626204286914,-6.471664174542289,-133.0602917440582
30,2.226356691657564,-16.14021766710338,-71.05021140714895,-6.384406659516539,-133.89097042372975
31,0.5569707374695909,-13.740947452698226,-60.95691928810567,-6.116586362090734,-129.35770196832763
32,-9.679965682876002,-16.12727712017636,-64.71187034736805,-6.415061168537818,-138.26612180804327
33,40.05531976255502,-8.627471332049415,-44.8044686884226,-5.9165231120598465,-111.7294717807119
34,23.29492016794394,-16.127060004245887,-63.181881597286264,-7.536387549651115,-130.93549651755282
35,63.09606925072311,-9.268367295550831,-42.09668022382395,-6.016111751136179,-108.40226243279645
36,37.76161020167335,-17.483594985047937,-53.533000932118725,-7.766482523018104,-129.71929395512637
37,15.725698131018003,-24.01815869938607,-69.35131387063504,-9.365624770139235,-139.93023057164416
38,4.788293627097033,-22.768200979368032,-65.62171787658335,-9.009881527609119,-144.63755763215025
39,-2.8973423234511664,-30.027239546516952,-69.14688869345788,-10.23731365447841,-151.367175518413
40,-7.444929073963791,-27.706227885992853,-78.94671091745202,-10.450228691064186,-156.0149030935859
41,5.356528025838635,-21.954666156061773,-67.15842461169402,-9.440583577755365,-145.6942023875332
42,0.7232475686941804,-22.920581797855263,-76.77886073622327,-9.765627610235594,-149.59524739598277
43,-0.9779116135936405,-21.93212162694271,-78.57596400287412,-9.73771663605509,-151.59892898068716
44,-3.768484077869518,-21.572593463678047,-75.02394672336646,-9.230720723441992,-157.56766086610847
45,-4.665618504884806,-21.603343407373067,-75.6092852772302,-9.892241389323225,-159.0634451571863
46,-2.2363335036377627,-23.024653489315348,-74.83432775969983,-9.483625909451748,-158.25550640871094
47,-0.13739401322669664,-21.54119330419322,-73.35405582834255,-9.549008138508524,-156.82942066101305
48,-1.9702482091608484,-22.126193072831715,-74.1654922155715,-9.999944467587365,-158.36742378661148
49,2.696426024033361,-21.55886368710341,-80.10141053596317,-9.50966214707852,-155.62568278329445
50,-0.32700615677801537,-21.081311635826403,-74.37576321228325,-9.869281506467663,-158.3270868401881
51,-5.81321818531192,-26.332996712846228,-77.34881515040765,-10.25532758188523,-164.73643430110118
52,-7.512207199540043,-24.874550104402097,-78.96403169148962,-10.364253891201878,-169.7324347001546
53,2.377564758877096,-20.780025929491934,-81.44250608518652,-9.67237537206231,-159.38445370298206
54,-1.9604095060696896,-20.67816828473594,-76.4025601583121,-9.79728272350068,-162.91265256013
55,-5.745538283902178,-20.48234091788464,-77.76760465764939,-10.024212199485294,-166.0296390745699
56,-7.100452143946288,-23.121893193449036,-78.43951527459744,-10.259619282070165,-167.85839055134642
57,8.249481777847269,-15.946117247379938,-71.52999151794565,-9.025330444784599,-156.0470474071282
58,4.151464722044494,-16.723904664601324,-72.37129051080714,-9.416381872836501,-157.43442820208506
59,-3.7725989092050174,-16.65759931783225,-75.3770294607001,-10.309908034020838,-163.94444556838715
60,45.9407364785914,-8.46545141616355,-56.54005437584975,-9.293313173530299,-140.08722251857702
61,14.845030356087062,-17.232459232082807,-64.43731839024237,-10.715216524482354,-151.05870680333868
62,11.961642794458179,-16.15180426868085,-63.5484515040687,-11.472922624659446,-147.61089924899935
63,1.3664871412523354,-13.269593603244907,-68.4851692465129,-10.897750236852776,-132.891420352839
64,-1.5955564651725496,-20.66551545091323,-59.166893898185165,-12.26811218607154,-132.54151297440902
65,-6.278327450850615,-17.858823645529704,-59.96405195516131,-12.45676936006893,-133.7204152384679
66,-10.197919730470423,-23.684229139721708,-61.834477775420346,-12.868366897539591,-137.89536459837623
67,39.54584205419051,-14.662643368358811,-43.93395144114468,-11.791202248738458,-113.45980501429565
68,6.730952356281165,-22.634700385370543,-51.321146923536716,-14.022352646220622,-121.19633188655226
69,5.400060528614691,-21.31142383214271,-51.60271315029117,-14.52476085427161,-121.36664660598089
70,-6.220189771698591,-24.118554892792908,-57.196706540779715,-15.527129427623901,-132.54990475049857
71,-9.386091077714138,-25.469954969782815,-67.8971986091829,-15.092553746486129,-140.10677933215837
72,-13.614527134173473,-29.572047227019056,-65.00632256976255,-15.653049721531753,-145.99540790805068
73,-14.638336278770993,-28.05848188689393,-67.19563932094843,-15.216386733660139,-153.20089636829059
74,-7.181971404052641,-24.708996256315412,-72.72279988509163,-14.90601870283789,-152.08819299923584
75,-7.093901842272036,-25.294859413190988,-65.04887434570053,-14.899880610156886,-153.47273794124018
76,-9.024155702642867,-25.10338427513736,-74.13900486456255,-14.962381023053041,-159.04193180902232
77,-10.884567952136207,-25.354416178821644,-69.18812435833243,-15.052931729836883,-162.64425217523373
78,-13.13850364349554,-25.32937246535218,-71.37066451133457,-14.869001845994658,-168.64011620016186
79,-13.565654626798901,-26.30248896865257,-79.16296654357737,-15.180668648012858,-172.3499599100868
80,-0.08449993227982944,-17.89690545058127,-72.16191992047057,-13.518188865992354,-157.06913387213805
81,-4.801056793525179,-17.074041911481633,-73.53485866003862,-13.587830021920796,-158.39134939723633
82,-5.282403152109849,-19.10697502719051,-65.5075594611467,-14.607629519690104,-158.8422044883132
83,-7.421398387993881,-19.262301075546485,-74.55208487425321,-14.610052356348854,-163.7249112530814
84,-5.673384215764113,-18.250279361508902,-67.61297677574822,-13.774404161170404,-165.9811730000835
85,-2.754883660085545,-16.03088075581943,-66.60668494278107,-13.19295363014895,-165.82218790295164
86,37.00824496265582,-12.348595251538597,-53.51747272498273,-12.937624386168784,-154.04125955490736
87,6.318480660436229,-21.11573570488737,-68.22126353619265,-14.111103198038265,-161.71518406773976
88,12.33151803068245,-22.688831317797103,-55.20544246757003,-14.749321373102042,-153.68508312053154
89,3.4662719778860875,-26.683966960760586,-59.06519736374916,-15.290437074728047,-160.99022984029995
90,-2.552968434446015,-25.18686738456949,-61.70486156841574,-15.573424882165172,-167.31711426248276
91,-4.110414464271246,-24.35459052330251,-62.76658102355792,-15.649970206512178,-170.26646862908387
92,-6.925004323648076,-28.890004479351703,-71.11565891192544,-16.09033154245531,-173.4678710065747
93,-6.370788800834422,-24.813305995384685,-70.72050561941926,-15.76583512170834,-173.23825814961043
94,-7.427183880674194,-25.20972769773756,-63.8263479851037,-15.070181279932513,-175.0946125889914
95,7.631655050184449,-18.767232276014795,-55.8296651964385,-14.046541498065782,-159.01241041665318
96,-0.5147255506359194,-22.20990246884962,-59.30030215988342,-14.36541506190821,-166.54555526879838
97,-2.896964470248374,-22.52689362562382,-58.53115908164261,-14.394870525430752,-163.98251738841563
98,3.621015246571428,-23.142851412975144,-55.28319077236266,-14.477380892666886,-157.73438649784183
99,7.173858140879265,-19.9681229008346,-52.34737556430074,-13.967186384990507,-151.22748164069444
100,4.6167808024977965,-24.245853943312508,-52.404022305383556,-14.109187986042244,-151.02124504222903
101,-2.301320515101061,-27.54748106184893,-55.61619994498439,-15.205383446557592,-157.2389128103963
102,-9.368170421797643,-28.165556076668864,-58.93233167533525,-15.770731439093321,-163.71963566423122
103,32.66324848070994,-22.131055593460463,-42.84797794305813,-14.630841491072937,-152.8334837193302
104,26.789826284392102,-21.3314721505378,-43.83582415796331,-15.016706654095493,-156.56460584698925
105,14.895237956581592,-26.521015316393274,-56.77166857334072,-16.31775843382151,-164.06715593632507
106,10.104579352756588,-30.71555115631594,-60.97290063908286,-16.81895640245696,-168.11810225581962
107,1.4515299177765897,-31.311361430113973,-58.08031783288594,-17.511200357255365,-172.75677379556467
108,-0.674499625047492,-29.946532048312932,-63.53690658558057,-17.295701117958277,-166.79076009462503
109,0.6999920816666858,-28.663992194585237,-53.14650727752048,-17.396368120297364,-164.97734428287418
110,-4.5705470192999655,-31.263787207457987,-62.76660752688054,-17.626778575698985,-170.39431691090238
111,3.287880224670932,-23.71918576646822,-58.46570915444979,-16.396572282229585,-162.2453708313015
112,-0.5421079615634099,-25.29067747025285,-52.04653763945642,-16.614899759770925,-164.65225194508074
113,-7.986496528505931,-26.891403881286653,-54.76515649812955,-17.714720258400774,-169.41352686775937
114,-8.49280093767146,-26.561697329477926,-55.3633787014534,-17.58859389115621,-171.26903580077814
115,-9.814161389017794,-25.790987506941494,-56.53882417362423,-17.63939403110179,-174.87864196204492
116,-11.976070097358042,-27.92219372037294,-57.911015236760726,-17.899028788309188,-178.35517512470167
117,-1.5040997465321961,-24.36996639624627,-58.34840423535854,-16.75974564882006,-164.41044328677793
118,0.3753401966440535,-18.09708081729608,-44.72462242410229,-17.791361729626498,-159.20812785616246
119,-0.8536882537056467,-19.532982803888494,-52.53347859215239,-17.256856832112504,-157.8326293938947
120,-4.626966822416254,-18.42179733287224,-47.362396685446555,-18.219038946283145,-161.34202484908946
121,32.5373135212336,-14.925210280367034,-36.792985364043,-17.500133656526646,-151.59705055606818
122,53.22110666504756,-18.26720467376459,-31.36894705477125,-18.178593651789523,-151.59705055606818
123,21.53979050295028,-24.64048462931452,-40.907861212261814,-20.316115853620108,-162.53840478110496
124,18.152154501098234,-25.245528940557083,-46.16893602807416,-20.284753727910143,-145.9930598705795
125,3.6183333198706293,-25.560828457999047,-38.31865723028309,-20.787230192693347,-137.1558362503539
126,2.4934029112165703,-29.446196208096644,-47.26909123996751,-22.072335820052704,-135.78024067602698
127,-6.0926350496733725,-30.730171000422267,-54.37111662923601,-22.861653055401128,-142.5735866986778
128,-9.514538797712639,-31.387529369751526,-58.63695662778042,-22.977891465064136,-147.01982685754402
129,-6.870010514649527,-28.394220489902775,-51.59964760628988,-22.696041485077018,-145.8734320628723
130,-14.295169584184444,-34.99483430124084,-55.44836764975739,-23.45885154512436,-153.77289115828253
131,-8.776218275042382,-30.59170616314016,-61.135187149501704,-22.793467736965347,-151.87114916516163
132,1.9579216849752221,-25.37358913579622,-44.13216921069396,-21.888765980148513,-132.99948988452158
133,-6.295705188682938,-29.350895916429796,-46.94272744488416,-22.416101445158482,-138.33057360092812
134,-10.994032961044937,-30.789204823428303,-49.35284741503067,-22.701158498030658,-143.74152451673552
135,-13.308477071250582,-28.73613608929616,-51.41645313993138,-22.6373255432404,-151.70589683606119
136,-9.825120742462937,-29.06946222339687,-58.09521990176975,-22.58240253140104,-150.43951168488678
137,-7.554147605000654,-27.8203849736949,-58.808615774647535,-21.95905508764895,-152.61634499753765
138,-3.047579091574688,-26.99492632094225,-49.27006303429647,-22.108118497328324,-148.8616791605442
139,-6.306448723605023,-27.483313601828684,-58.842254609154494,-22.300968505842523,-153.1287567954709
140,-7.252718085176493,-27.4088231347951,-60.326018504305885,-22.50538305305483,-154.81225886228773
141,-9.71110024250003,-26.4060165415219,-55.34103594397899,-22.51999288285534,-158.8506582484658
142,-11.10888920520945,-30.53267985024063,-64.26707944083333,-22.297482966454474,-164.30990770186654
143,43.91050345482085,-19.041590656256222,-35.620261318663225,-20.922828975649253,-137.15801114722572
144,9.21890079710617,-26.872242321312164,-44.938511346817776,-22.025524633808118,-148.56508625744382
145,-5.338112087637491,-30.07237431610077,-47.372230646555394,-23.938839376886854,-149.74820440661676
146,-0.38073412825757913,-26.908444126996763,-50.0084161224642,-23.648918306335858,-133.98090433676683
147,-4.140390112771177,-28.156999329476626,-49.28759086406865,-23.801842522737562,-132.8508294001494
148,-4.069144180818508,-26.94187034502911,-50.152294246797766,-23.736556361045057,-130.4010888754245
149,-9.16504155423835,-28.76144579419799,-46.240460173238574,-24.355665205199344,-135.8089607812865
150,-18.17786170987503,-35.14125570449148,-50.71435019624803,-25.154476226558025,-144.78494888168242
151,-3.5000603616216175,-26.931882599532464,-44.10547008874573,-23.294348748322992,-134.034772936288
152,-10.468895770212699,-27.90335142861317,-53.91607831163857,-23.143952920345065,-137.13506883546893
153,-9.688394389155214,-27.707475265239673,-42.15352089049727,-24.57401300862098,-134.30978689567388
154,-13.922737398256139,-27.430307526701032,-44.05240776326859,-24.58839220980585,-141.54590619663142
155,-3.71770237458745,-27.817706682251522,-38.795625300278324,-23.99117069323365,-131.37135063150203
156,-13.723842150132416,-29.7301749288428,-52.08522458640527,-24.93654049067143,-140.94936867866457
157,-6.375631324365694,-30.78862288754511,-41.83159579654156,-23.66775863882056,-129.48282314182097
158,-7.807736800925223,-24.605426585541622,-40.80330450772074,-23.17943128660417,-127.84609018110915
159,-6.376383120874975,-25.168586547681397,-45.53212799719347,-23.154611061831496,-114.52438144386419
160,-12.608712188411097,-25.262069192542114,-37.33297684029309,-24.140762595989425,-115.63049412500668
161,-15.576862368268554,-31.507738455989585,-38.76219912650366,-24.696051269095864,-118.5870099989643
162,-12.927882545303863,-28.685939218746608,-39.12716216239657,-24.31259214530186,-124.0116267802137
163,-11.348500583591974,-29.652083206777185,-38.1932050852708,-24.22936227632973,-122.72888094324858
164,-18.889204038785824,-32.191653013708006,-42.38460629718721,-25.007589888016696,-131.9171031095019
165,-13.748518093433777,-28.284621798367418,-40.83479078863879,-24.479833061826724,-134.05057421361153
166,-10.85981167305791,-33.92662739199919,-39.10578949670349,-24.686385487958496,-130.52479882099178
167,-9.911257295085559,-29.30989202305095,-48.05988418890267,-24.396424630300526,-132.01977704344014
168,-13.192583854480294,-29.46384023306005,-48.9338295434698,-24.592620300730225,-133.30672494160396
169,-10.434183901729991,-30.4613395739908,-45.02522243401916,-24.63795784872349,-129.36499825988508
170,34.01920009189175,-22.268256555576222,-16.676131660507433,-23.50316802584041,-98.37866600585927
171,-3.8802066635191466,-37.541938774804834,-32.87471470499592,-28.16633010998255,-101.46144544721848
172,-8.139596714890175,-44.45902837433588,-30.81482092386095,-28.97388314285174,-97.95872953534062
173,-10.87182414910951,-41.95269047720206,-25.86545790238254,-29.164802215703315,-101.31023245965362
174,-15.045769044363691,-41.41132599181928,-28.163315269373165,-29.229565580029785,-107.0723422860988
175,-18.953077681571997,-43.14550088388071,-30.106062727634523,-29.851801812217424,-110.97992995691561
176,-14.08110371569277,-37.215180198911774,-37.48360627418932,-28.815886712676466,-112.96725455316853
177,-5.035940228228867,-38.91115867260487,-25.87321678866803,-29.659974917447055,-100.70983113005006
178,-14.887908729585682,-39.97025399090368,-27.15948083116539,-30.052060957102267,-112.4875741960586
179,-16.532637892569824,-40.458935084668425,-39.33238941710077,-30.133284435151925,-124.21466351607268
180,-5.347600656009833,-38.74877208830894,-23.607193185966857,-29.09857688186658,-113.61974160034414
181,-12.00863396174514,-38.953791528907814,-26.618824865373114,-29.76343982653695,-119.78411401978671
182,-16.78265526263243,-38.98184434983429,-39.37632681292381,-30.15772042047349,-129.19210264502604
183,-17.82459159467149,-44.206461360698036,-32.46951101647427,-30.225645987936648,-131.6170291611635
184,-23.63442253490808,-43.382672299759776,-44.324349690984306,-30.612308511350808,-139.74363501253885
185,-20.4484499685544,-42.45861276700673,-48.23789323043923,-30.249543770095357,-146.0279035620911
186,-7.505610971775406,-37.01890789605183,-44.20757574876236,-29.288419736796918,-136.0769011122774
187,-9.59905730362781,-38.229756592384,-46.19425274890718,-29.766969716401384,-137.96465539855228
188,-4.8035778966697755,-37.880126105931,-48.73462878632366,-28.644443432688593,-138.70948954444847
189,-1.7084173396660738,-36.74225038545439,-38.815570912498885,-29.205728610579428,-134.626154453331
190,-10.776052325782054,-39.71453055786856,-43.266161937024485,-29.931139409468702,-143.41028409746045
191,-8.780260256815263,-37.571488191229015,-51.282629778827854,-29.687298547057065,-143.12093498590184
192,-4.175230574481841,-40.32718908437039,-51.26907364887667,-29.353894049343264,-140.177312884599
193,-3.185659839938605,-34.23990856469385,-43.70540983035893,-28.63321503277248,-139.64243398107016
194,-5.079581430854075,-35.684803284430586,-44.848205171869395,-29.336745841244735,-142.75591670201123
195,-12.272217002586945,-38.70514884898728,-56.457169405610344,-30.071618545738602,-150.56252567342992
196,33.114386284087956,-30.77128659958578,-32.619440566511074,-28.630643995107913,-138.44143724362692
197,5.030303560262055,-37.974378486387494,-48.70052225176565,-31.149209411356388,-149.0336911656797
198,-2.7671848285069043,-40.292148921308964,-46.808629651157034,-31.536566903494805,-140.86113920844548
199,-3.5039530702539707,-40.07709558636342,-36.897182768395524,-31.595593245938332,-140.12509597969296
200,-10.699870161986734,-41.15362156525771,-39.964679953964,-32.00267774659607,-147.31020228964832
201,-9.29598290884933,-39.63710190518373,-39.577417030535464,-32.075863503068085,-147.0413595494035
202,-12.161471094371686,-38.952292983981344,-41.52996670636153,-31.80701070455228,-153.19163957060533
203,-9.33912936607184,-39.08694579948611,-48.996293443235636,-31.59394761861023,-153.67740828827192
204,-9.663039369691454,-39.00134623229152,-50.206025713597484,-31.754850740393504,-155.20248593119692
205,-6.649204318437748,-38.11639249829366,-43.10673956670447,-31.295093726459132,-153.6190737159297
206,-11.137017642275811,-33.81572525540915,-37.45373503177971,-31.23844596626506,-137.4760966001251
207,-2.623544833526804,-31.685104581722754,-37.26049510104995,-30.55039555427458,-108.9502719130614
208,-7.039642548129564,-35.03650328606746,-40.99014619837905,-31.343256881395938,-112.54554990104336
209,-11.280697268934986,-33.14415054619597,-47.1912839792182,-31.29855528463447,-117.1892569661879
210,-13.210372617152917,-33.21838621958542,-25.662540891997143,-31.750131084546346,-93.0595074452443
211,-5.867515766013394,-34.642618954001925,-32.266349293522545,-31.565436756201684,-83.47984189456568
212,-16.922035530914442,-38.16377915999135,-34.6404907472095,-32.138263891092826,-96.50067058115249
213,-21.451031167140805,-39.88205916129357,-39.148030857529314,-32.498415225097574,-109.0763650260141
214,-13.43702682607756,-34.39816607745393,-33.65247175429491,-31.689885066435142,-98.48649350654676
215,-11.843138459690364,-36.668733952701984,-32.19880444204166,-31.823390827749783,-95.04891035583674
216,-18.935400092817485,-36.48620788531073,-45.68345236400834,-32.31610253711676,-104.3622688932357
217,-15.546180151842407,-33.27474391436305,-42.33533812586647,-31.46385386320851,-114.97112361243774
218,-11.053313749733647,-31.109250998543057,-46.1832083100568,-32.18477128182164,-100.54181026998279
219,-12.004715101297728,-32.972682974172145,-33.723993378914365,-32.50318346269166,-98.0195544288126
220,-17.60069311468156,-35.768747435335946,-36.905906629638324,-32.892432382036965,-105.23626191062898
221,-25.498339257681227,-38.46762387963743,-41.08932971839108,-33.61850077456338,-114.25334439264273
222,-15.54879166208919,-35.61512384458522,-39.91990133716201,-32.11874985894055,-119.35791574306272
223,-13.29645809013947,-31.901744787308402,-39.09390910245618,-32.35888102143478,-119.10578283529841
224,-21.60076651583342,-35.89756750057405,-43.509507856928835,-33.28639557216777,-128.18840903212228
225,-12.466979745953335,-33.59880015549097,-40.1998130095609,-31.924138803631376,-125.97888087885407
226,-7.393487936196566,-31.396660630563858,-34.68539115567201,-31.730885415450707,-112.59005617923543
227,-17.741969989552338,-27.683011653986224,-30.37868098830908,-31.572172784229114,-98.02092764900387
228,3.4322057839102484,-27.57029433481732,-18.653509372637473,-33.03713293776032,-72.74371554182173
229,-15.220071751702234,-30.142357015380206,-25.532608476069633,-33.44839760030427,-85.56928269598248
230,-16.43316105432193,-28.38944911592968,-35.32402857517948,-33.78488306965414,-83.25957873884796
231,-16.96873131473917,-31.39644484754978,-26.616893004951695,-33.58917483159643,-85.84741876254061
232,-18.679433575759205,-28.847137024284805,-38.85420970658281,-33.59815869819625,-95.47546023402813
233,-13.235592193828296,-30.196771351639867,-33.364807347414086,-33.75010744515506,-89.95847758887464
234,-18.430923658352214,-30.640355801779126,-34.512971165501824,-33.27094816582097,-103.3029791135904
235,-23.2451768473405,-31.78245727266782,-37.73022459771856,-34.358091704876855,-110.69133592120517
236,-28.588081022010286,-31.929397863764574,-41.26826820566882,-34.45852208449793,-119.90220331598675
237,-17.723942333786457,-26.711818381289916,-39.43644031798687,-33.526386521344165,-125.27535988905123
238,-10.792735949096866,-26.31171719041217,-32.464118143893415,-34.790788537609394,-108.27979926471392
239,-11.98701968558224,-27.285458004890454,-42.66783288342741,-34.870590586909465,-109.90422230782097
240,-16.600883243179158,-28.155951446610544,-50.41503108291917,-35.10185234839866,-119.12987665390547
241,-17.624837271168218,-29.414441689762615,-45.28798209004684,-34.95681131950841,-124.1112144482817
242,-20.54420542929076,-27.74900765316105,-56.34301594494286,-35.215242700165625,-131.2194016742959
243,-13.560111047613539,-24.261269962878156,-58.476953155772115,-34.362647378824015,-136.3456934240348
244,-5.962353235552561,-25.9071184011967,-40.28121951822807,-34.12080686707183,-127.88224716322219
245,-14.535123687814789,-27.160916355783222,-44.8085406640869,-35.03630602954533,-137.77141956201902
246,-12.444195557031321,-24.398454876814395,-46.231100866795266,-33.9446984532589,-146.3539315866345
247,-6.3911299253132405,-23.746592379068993,-42.449435364552095,-34.52361369377332,-139.32116921824857
248,-9.759423537418973,-26.066247941406328,-43.701098023228184,-34.022520201170174,-143.05531190578964
249,-12.705835221236029,-23.067751589299455,-43.004493208352514,-33.5463764130268,-142.32499122652203
250,-4.355497276541522,-20.93091190616492,-46.507094990821315,-34.31735762905226,-129.8516558974397
251,-15.339967797173793,-22.60527483772581,-39.62769771068242,-33.938212732786475,-128.47911608478452
252,-1.322361919971872,-19.117249826626825,-32.300452822445365,-35.309479534045245,-113.37435779336906
253,-17.57231966397008,-19.542761933401433,-38.293926338372,-34.97944219730405,-125.55379864563562
254,-14.938120572202891,-21.391554452531054,-36.35052549944473,-35.95794410639858,-122.15921120455289
255,-17.575646050958575,-20.139341741925964,-38.32763310516222,-35.90315282519397,-128.12514415485106
256,-17.607639310493227,-19.38755394823682,-39.69912232493296,-35.16018372021555,-134.9810761275133
257,-16.5030151481791,-23.867942230955826,-40.15996632397297,-35.30651030792501,-138.04805419982839
258,-18.532108896806875,-20.85610662402496,-42.62460423367189,-35.63391994961226,-146.2422261799195
259,37.53399681748577,-12.635958297184809,-19.301969994237325,-33.739265131856214,-118.11220093185965
260,8.470049413248507,-19.758386705371805,-30.848749900698206,-35.85484047164752,-137.88246703125165
261,-2.054703009273041,-21.764215657549585,-43.91099015355134,-36.50444751933133,-145.28549003604013
262,-7.610745783279736,-27.806919193836222,-39.047329279467704,-36.10126632666214,-145.5234197413579
263,-8.76453043325339,-25.236932103589755,-39.51766795388063,-37.031896704682815,-146.50680973976412
264,42.03784730279355,-15.634738844479868,-18.317057256180632,-35.79280517987349,-123.02054979841063
265,23.175238967653197,-22.999411547005437,-25.66272170694239,-37.7196216570454,-137.4886441572478
266,10.924660070538177,-23.616225542944875,-36.314224588069685,-37.39553387521796,-129.2995622909769
267,-4.20784837211672,-25.668535816611488,-33.988096428920365,-39.02273372704438,-135.24678297775847
268,-10.083069138838958,-28.20221097460882,-36.634528767590794,-39.754077502238616,-140.3907705893239
269,-17.920920696990947,-30.167319313419657,-40.49997968439351,-40.381105626890786,-148.03408998302632
270,-15.040024776580399,-30.201851376738233,-41.22346208583853,-39.7136291811166,-156.3457545437863
271,-1.8192319963734676,-21.78550317423375,-29.494404426789927,-39.099929966601906,-128.75851824992125
272,-8.058552282648968,-22.922272072710722,-39.80193976882565,-40.29380283054378,-127.9126614298638
273,-11.896699815496461,-28.220976640701238,-43.69757236507087,-40.70315302070923,-131.9447781520784
274,30.62124255531137,-20.57555714458939,-22.836519614932012,-39.601012361562844,-116.1964387588468
275,-2.1738394253277527,-33.18300482653357,-33.174975859371656,-43.323283208559225,-135.20462686127684
276,-3.578635077901689,-34.99393074644381,-33.05726149199182,-43.643173033425725,-134.36814943260225
277,-4.197890901335169,-34.0950606105993,-39.41861950325847,-43.580567498139835,-125.1831295295638
278,-10.631367349388885,-33.14658142276036,-36.285871645272685,-44.0154567575017,-120.16625329101646
279,-10.841105662793831,-31.4290825079239,-35.328787880965855,-43.05757383485772,-112.65493336024467
280,-9.883029381284333,-34.6579548285932,-23.72967169486565,-44.28428733861965,-110.9631166466002
281,-13.829947938762583,-35.114972798093355,-35.499114896539616,-44.34140289254489,-117.21950731912676
282,-15.456720656238563,-33.44188607791626,-40.019036875641945,-44.22630922228907,-122.78511739934433
283,-16.738827679702858,-32.72096279576853,-30.950762978510582,-44.03402098319183,-124.01958361825261
284,-9.577809286709886,-32.66605862993027,-36.110693773126826,-44.27781740727653,-113.63774841120767
285,-13.48836851566205,-31.243836965197687,-31.726341480143226,-43.59838520044309,-120.18724853644667
286,-9.069357628907296,-27.55253045410514,-40.92598217187604,-43.05845369581662,-124.5515959195092
287,-11.292299500659087,-28.701709730036306,-33.870170437680656,-43.681867399788985,-127.3495544876564
288,35.62588003263981,-22.700272093910073,-15.906168101603376,-42.54621491516648,-112.9720405079483
289,14.689166458515231,-35.702329966602804,-34.33067271746,-44.89357654167802,-132.54886666795235
290,-7.441487013913276,-35.5728007933614,-32.552948889948766,-45.05560452088397,-133.67723558938047
291,-7.821993041359173,-37.76032473685228,-32.44707327525995,-46.00375312949372,-133.96717821244698
292,-11.953144032016965,-36.48819698176442,-43.16809344282933,-46.12017876755777,-139.59654112510194
293,-10.523807264910458,-35.833259097371744,-31.51259214075055,-46.03424296624929,-137.20058905459564
294,-12.344370015477768,-36.06935080585955,-29.373683244230754,-46.11956810986242,-131.5893953326459
295,-18.540510014707905,-33.60048447953709,-24.153427686223537,-45.25002954063707,-109.67298592431302
296,-16.402346613734938,-33.075039004791286,-30.818230208551576,-46.03681549121039,-100.8050423025447
297,-18.0410297864585,-34.927121370818476,-32.761220802912305,-46.5227294892556,-102.84423780387282
298,-26.686990981998477,-38.63235385449531,-33.00373667093695,-47.214406384898815,-112.55806600197899
299,-26.442940337498065,-36.067358602671725,-35.79752459408964,-46.894314161593954,-123.27312441728938
300,-28.048295938171652,-36.139146738312405,-46.359415226113356,-46.91868888107296,-129.71194803637243
1,-23.60970041898699,-11.804850209493495,-24.33291810982041,-12.023403306791408,-24.64411006809543
2,-34.631187129373785,-18.0847348311221,-32.51746849762663,-17.26864015222539,-45.661268193878435
3,-26.059733579903146,-0.6321488148645249,-44.88086611002434,-1.8414283865229346,-58.48374585181538
4,33.98278954995172,4.940359389942193,-12.937568962026159,1.3403449221334447,-29.601919590821215
5,-13.759262198543594,-6.10182541122278,-27.765635209146183,-7.221357269046564,-53.29203257217763
6,-18.425533044264363,-9.604788706312878,-37.94463631740034,-6.860779772285946,-78.27777078941995
7,-21.674828502897302,-6.841347356457413,-53.42514362083519,-2.43159839966398,-97.29978119932952
8,-11.48693225291174,-4.296595349470611,-45.91021945439496,2.4566268728600225,-102.08407951195728
9,-20.19840415975649,-1.5250019091822056,-65.84536259544417,7.1582825753752015,-127.50819027250145
10,-15.849579296703004,4.703074991520999,-71.7438889099561,12.524460522179789,-144.92944668180806
11,-21.39224786224701,8.261633534562463,-77.53160881319914,12.678742625093847,-160.6513570709608
12,-16.393484743948555,9.50799926595813,-84.62753734528701,13.946140138779382,-162.99476481734735
13,-21.229513043004854,9.13295304554146,-85.45526189163205,13.756857627598801,-172.65104583148715
14,-17.67454031902549,14.969819622434455,-87.18257405651994,17.010086330359957,-180.01510483747484
15,-16.565472939744126,21.126293648563593,-89.7614356501945,22.783746708162447,-190.41437277356985
16,-23.132816080898476,15.998065259076967,-94.07040656968644,19.311959068982652,-200.25783762420605
17,27.76211850545704,26.795229458442645,-84.78324050042781,27.962575781425716,-191.71990160637915
18,1.0223024758903918,20.891640512975172,-93.38399062447462,20.724166454550993,-206.86490245072238
19,-3.445202125501188,20.666052971135002,-95.24175979453898,22.807767075537605,-212.61605134297184
20,-14.193102602591605,17.685438588846708,-101.53195285591406,19.377334075118775,-226.4088058953046
21,-14.70525379262579,19.830504151355548,-103.2518077389945,19.172489124503805,-230.6001230650626
22,3.406111363788387,23.946275710119544,-97.09823980937244,30.24896922977648,-222.46933659829202
23,-11.044950151205434,18.151558237456044,-109.48627170970309,27.362348465067633,-239.0051083097002
24,-17.857755038315887,13.771344067635546,-103.88887349974664,25.718545150173448,-239.25783110402875
25,-11.76179324801457,17.114737837671502,-102.22570757334893,30.131794846017865,-238.51139209366139
26,28.174491581913074,24.615174335405452,-94.74606435914664,32.46301471848197,-231.02951571075005
27,-6.033161856432168,15.442148286935714,-102.40725524282101,23.265042236337955,-242.9353144326298
28,-12.960287244137726,10.93529201491274,-105.89975721186072,20.878747571077465,-240.10768267589867
29,-9.447899571084305,9.838795912586297,-91.81396446053212,20.015462030322617,-232.12825638884473
30,-10.558597146839764,6.99180803146307,-92.40293066986803,21.794053607122386,-234.06029338559748
31,-17.012833422047066,9.736281378435745,-94.0769719114998,20.708100387605256,-238.39180881980008
32,-14.718650824491528,6.734249137275951,-92.31260662801157,20.513614892032567,-234.96326287445214
33,-3.624595079204779,10.688642082138013,-90.75735649587234,26.6137830483546,-237.00656688183037
34,-9.612626118804409,9.166342750597327,-99.5573290325773,25.31644378625789,-246.73568347672955
35,36.04780899148957,16.816349721920517,-83.57048086803836,31.436543353142113,-236.01204252734925
36,2.192612886498642,11.923131061389979,-92.43641838458936,25.642662232517406,-248.75920947939457
37,2.2088627685949707,10.350267393609005,-93.2029468544269,26.410088762806133,-251.24090870064362
38,1.5804794558054507,13.654822016034258,-93.88177528965451,27.784649000589297,-255.37699940621488
39,-3.1628263376902632,13.632349804297837,-99.35110808350174,30.081191771932772,-262.58296459592
40,-9.275389540045335,14.028477295649987,-84.68580256883433,25.771352840024164,-238.12188471157089
41,1.7870953499960756,17.59178391891338,-76.55551757364594,31.887077216517028,-189.53438431212857
42,-11.778732328277709,14.166732024695996,-81.42611332271565,31.107871111853594,-194.61360285380385
43,-12.864232181886676,13.776183312659803,-87.50652303648671,32.627962444992086,-201.99274320750246
44,-15.096036411183007,16.91474802214042,-89.85303432895019,35.6447247405546,-212.94377049788832
45,-9.60788212711551,14.805713004494509,-93.92277566231266,31.145149464609275,-209.2022498881943
46,-9.304327197477468,15.155027651710045,-94.89693877705878,31.650457778243954,-210.5749623477488
47,-12.850355440113416,14.906839291690494,-90.63574870507901,33.54927400694266,-213.52247024695865
48,-12.541464676927525,17.46331913760059,-89.30258260658154,39.60694507373017,-212.5606945887692
49,-16.22042397761021,12.886182902096124,-92.18793476792916,35.9782039946633,-219.55154178801683
50,-13.431370449810021,18.43479901183936,-93.11022374475627,39.86759838254293,-224.46863205240987
51,-6.382288719232498,18.280150769483267,-88.2348962339182,40.05146218534914,-217.11475472926892
52,-15.723373669541086,13.600801952122985,-95.020550990915,33.38232410726242,-218.94411454235322
53,43.6016091235211,31.214408884382916,-64.42911335538182,40.381579436332295,-184.68962483201403
54,5.388822071179256,26.30965304832134,-78.18057572225194,34.220138317702414,-201.22433010502252
55,-8.716539658785042,21.81812060602469,-78.07881727242474,37.17274849513005,-199.27135524012468
56,-13.752995317841402,19.766952538532685,-82.6167263301467,39.31791569960772,-211.71428500394467
57,-21.37743409725812,17.870301657671515,-87.69269695494167,35.347563936436536,-223.3117185861283
58,-12.305955491340445,20.799906490531534,-87.94055773539209,42.25697547155901,-227.3872663952756
59,30.1501328810599,26.586274894409854,-81.60400591883493,46.34984748123314,-229.69414560210905
60,-1.6152572170955999,21.074896974903467,-94.52230219742914,39.38512558852031,-240.54987063296724
61,-11.14956416222643,17.15188609219046,-88.88222442932592,42.08693536854334,-241.51050179273253
62,-14.812110549053493,13.709424998770423,-91.81640483415596,39.4182386668549,-248.65795411454494
63,-16.63422090485812,16.224424631044478,-96.46047317995423,39.65725012355045,-249.36584468907654
64,-12.564471962811727,15.482159608566676,-88.6582217424991,40.23482957375266,-248.26057494395886
65,26.435071378736616,20.31744040305405,-77.05517227629515,47.58878714145105,-226.18719493496386
66,-4.697907430392125,7.676834234305689,-84.65199310337938,43.16681272359045,-238.41759623879122
67,-9.000691859516415,2.282359821658747,-87.23355704169416,37.36346100513937,-243.7632695433773
68,-12.248945825715293,0.8719755597011369,-87.26036399814771,37.80811991380364,-244.23841044920363
69,37.885395954191495,11.25718849871334,-72.42602472294188,43.08274202525254,-222.16393171869012
70,-7.837975861811356,0.36308532973138385,-78.61555075535257,37.07007719869091,-223.37828847084236
71,-4.878323275679409,1.2007864900889293,-82.35004774296615,33.772024971353744,-219.81479800593453
72,-12.362681493092003,4.71057104691457,-79.35958486563244,36.031422791315556,-224.22005903533503
73,25.401074786085744,7.78139092554374,-65.86900578288342,35.61639456339043,-211.9991408620479
74,-20.666808448197006,2.7060869136541217,-71.28467003487116,26.586537703176568,-213.6325461730744
75,-9.120065410150229,4.4010482710027485,-57.81148986721905,25.851077457904857,-184.73217836797966
76,21.696037462619717,9.508969806905245,-47.63739466418199,27.21275161480783,-170.9771908242976
77,-13.672172531956994,-6.621508076085533,-54.61134698636902,17.343907449191647,-177.95113245414032
78,-14.468275502951187,1.2865553293573462,-58.3179047836004,21.41818416432055,-189.355897994897
79,-12.561746485265408,4.43852444265201,-61.53926826955975,23.48152503404552,-200.33687147990625
80,26.841941984745052,10.026800813912953,-51.897870446670204,27.849229801680742,-188.97972290037518
81,1.1201489946682024,0.6805481424648887,-60.81341667485791,18.134952055821447,-204.49903236226535
82,24.68376596076534,4.720605588034683,-53.65118015208874,21.66632979910681,-198.6838964056479
83,-11.81090847359581,-7.373674778696838,-64.38535547749544,8.172461487077202,-212.62773523155985
84,8.816034188079108,2.729705568749605,-56.14316677620354,18.992392426370817,-198.9215806245396
85,-22.200627787987244,-6.0187756752872605,-74.46603212038846,20.32073596691418,-221.98641717361338
86,-2.705630174295127,7.773251012560278,-64.13781552711865,23.194380973553397,-212.79270984157384
87,-16.299388703956215,7.536252831472326,-66.9137063695852,24.62319905428408,-208.1978764557955
88,-11.207015779393654,7.969451409517546,-72.02024956666051,24.07250061356344,-206.38182303164487
89,-10.011048908872299,17.429486468507044,-57.62257406443777,30.421628223214583,-183.78644153092253
90,-13.231739037179285,19.221272905542538,-65.2029187191921,31.87410379109395,-187.12065263999574
91,-20.28007055403478,14.543006078746128,-67.99563565882953,28.10105513975547,-198.14056863428104
92,23.71875030227146,22.812971600329075,-58.23911388960233,34.14554876627066,-192.29893726465576
93,-3.1695234086451265,17.218624800491554,-66.87128788359264,32.344461077849424,-207.32819885909547
94,28.55880619809915,17.129377616426364,-58.65874218577265,35.64290625544439,-198.49100520096104
95,2.715903481355685,8.18457578516048,-67.33248349701785,26.27626344880866,-213.84119634213556
96,-9.133580860283075,1.7513450866495068,-70.7049078458556,27.79472469765826,-220.9074526745474
97,-23.939920048960467,2.1717657075024164,-76.80782363539834,30.864565277927746,-230.87553513080073
98,-21.7532435719659,1.9414689353881895,-75.92834807774877,27.24118695674,-230.0192040339981
99,-9.23165772088037,7.685426562458284,-79.51476455602555,34.679086508232096,-230.47468308452858
100,23.08376337521184,9.747147601161712,-73.85518508447142,36.280193394118776,-227.87406210315203
101,35.43090762790252,6.133583678788473,-71.72380074871312,28.543944535820266,-227.87406210315203
102,-13.393185796528124,0.15551259747749557,-82.90413061509497,20.982186498744706,-237.75782034735434
103,-5.822841832274452,-6.897114132068403,-54.76225744919621,18.565780547750045,-215.51695292211818
104,-18.73975139713675,-10.621817963661575,-58.96826983665894,15.176636021953604,-224.92097260066163
105,-16.99551985767834,-2.7900678776964236,-59.65938694608181,22.608102689928998,-216.44146828154206
106,31.909882977244806,2.392168914490952,-18.145274378392475,22.955501587572705,-165.09474563103896
107,-9.73053028768079,-8.58557833015511,-28.19818277238732,10.441740083437338,-181.99441271007518
108,-20.73302675120652,-7.801287556390908,-34.37988250342784,6.344488355280508,-196.11965894911765
109,-24.52076407004533,-7.566797650045653,-35.634608738683056,6.828735335823546,-195.23892747041702
110,-21.299363755517525,-5.305310435135513,-37.348985059913,9.521703935073173,-200.9782273402873
111,-0.7109066512481501,8.475841653702105,-32.945203680624005,17.912601271501153,-198.78170511268513
112,-12.211339940665582,7.426859393231023,-48.66486465856635,19.531654592485534,-220.37870949736416
113,23.898903587889137,13.021908866887141,-41.140729780377534,21.642451863834722,-217.8189720591032
114,-14.94930420912542,-2.15793447633717,-52.237224089922,16.033575264866535,-230.824180411687
115,-26.426939439922325,-3.027836864863408,-58.18229114824194,21.266277168664555,-239.59846813774067
116,0.22344700040260612,5.775671354576909,-49.67684631169762,25.855552726861102,-226.33452315832082
117,33.87936152020802,10.450939499225582,-41.30021724610774,29.072698719633156,-229.44618232322875
118,-14.394147650501289,1.0591410222668745,-54.47330795220677,21.409469108747277,-241.8931741580813
119,-15.920406972886772,3.026186448251911,-54.82288315677653,23.644234305423666,-245.38492013178282
120,-7.46698746551355,5.013411442740438,-53.41177172679228,26.510996364354853,-245.44954182031574
121,-21.943246626030803,2.7474707656716753,-59.62988309223937,22.170477503777146,-258.3515582624941
122,43.27388945271018,14.152324411571755,-35.4170541815417,32.100742019614565,-227.20769228291164
123,24.77227308115849,7.537067283235545,-39.529683215290994,29.1756678345759,-227.20769228291164
124,-4.335856266354108,2.695929286281058,-47.39762307959296,24.311922589821755,-240.38918581678448
125,-8.170839700998998,5.030660718790027,-51.458074878159366,27.23280411398741,-250.31828755905056
126,26.016175240403975,7.139723411562608,-41.16132396765152,30.768855996408032,-237.41584564952745
127,-9.685534801977887,-4.903956534875685,-49.74150094397142,18.797930976088974,-249.92631169802348
128,-1.0874413385331572,3.0277368288250113,-48.28499690603387,25.25145240027265,-249.22244379514692
129,36.42188248757707,13.491707768006309,-43.35486298560167,27.38594701370671,-252.5148281544598
130,-17.938916684402,1.4401482723583832,-56.519372755414146,20.930571328576228,-238.20551203315182
131,-18.01980889325704,3.4480379429688695,-50.708679173188955,24.139005565818497,-240.86408118464945
132,-15.362056032242483,2.3127386365082017,-42.132529782274545,13.53784719619371,-221.19048574083382
133,-21.405276972957964,5.790406491217321,-42.069870101890466,16.382792471913014,-222.25883229241475
134,-9.454790411036724,9.935838976567092,-46.384005281382635,20.380204543203256,-220.79505029604533
135,-15.442074098707103,6.810572484541414,-51.430878233538664,18.57515320624374,-234.06229923094548
136,-18.80990272933974,7.2364481255634,-54.65229063237644,17.49583215416805,-241.49125070282753
137,30.154900877309768,16.757265016661485,-38.871210912240684,27.727271260689673,-233.1902228499666
138,25.010794863372602,16.214587588326644,-40.88549254282978,28.614035635561255,-233.1902228499666
139,-27.21065530908502,4.4281441390286345,-52.71447448203373,22.278263323584635,-244.6795606911766
140,-27.533390971032027,8.49234276343321,-42.33177258058067,22.197184198995757,-210.99553403246037
141,-21.702989334224455,6.340894658983071,-44.972284231322426,17.346276978571623,-201.8533335094351
142,-21.1716475392584,7.711029919051944,-40.29196779080025,22.16728867054062,-206.17246537986955
143,-21.20661949721803,5.089417720165621,-42.1829486311459,19.781653206870665,-211.35638415684693
144,-14.315162008202044,13.247580577768854,-44.13758869799908,26.89061413836785,-219.88283923352012
145,-25.826207781840576,10.782305309104492,-57.178353411011514,23.40501592216862,-235.09083875198746
146,-16.896422130074185,15.569106269447413,-51.483715360484744,31.0115915184055,-237.50898456538536
147,-21.213452589621276,16.587275158977064,-56.81124750599062,32.84931222173057,-251.13649629486753
148,-25.350803827184674,13.890778113394212,-60.75023214767584,31.108928014697064,-260.5383900984353
149,-11.509542140698105,25.23387364654688,-58.96719293252843,37.24664019250557,-263.04371418412677
150,-18.23441525700423,22.201158047497515,-68.88282946182792,35.10806913466061,-273.81516450491677
151,-17.67979816235276,24.424843891957323,-63.49568366477311,35.048280184768636,-274.3399768641277
152,-21.452870297390398,23.02046590581595,-67.78412561942905,33.431033026676054,-272.5370558644424
153,-16.85773163332061,23.599444079843813,-61.70134026165237,37.025835227777456,-266.9641472533793
154,17.291129007362986,24.381749276819747,-51.80457505021695,38.49800136181068,-259.69818138471885
155,20.128773901196794,14.653158353005557,-50.24897486854336,33.512319934947655,-259.69818138471885
156,-14.247593636036155,0.7966124611866063,-56.83007628217702,25.074616752751716,-270.36415397735965
157,-16.696257253396908,2.891749807979142,-48.94262015200063,25.724699914357323,-247.55082030695095
158,-23.486284180789397,5.629186705168616,-49.2130496910673,27.554640397312173,-236.28088256373346
159,21.20956755957243,14.806814727089137,-41.72506046987055,32.740137433521866,-232.08453367226215
160,-6.680321692965537,4.748336694383143,-49.47266891163212,23.98732404717808,-245.205530141587
161,-6.700550229427126,5.27778898566987,-56.851528389693485,26.368418176157682,-249.64202407663313
162,-15.644663454396678,4.049860861916082,-59.86732724997226,22.970910984353175,-258.83720601988676
163,-23.56835252834356,5.062986252926252,-51.23743195428093,29.862980787396946,-213.7600085136005
164,-8.221456254237959,4.686106610945953,-39.63227413243893,30.42059080829921,-189.6934006517559
165,-7.959584594682823,1.4741131804523757,-40.867201236126206,26.679653286881233,-192.92804280919117
166,-16.053775952215343,-0.06359733918366839,-44.17720295975766,28.28734461400916,-195.8565733364792
167,-19.611776304084053,0.1883142231579713,-48.59389929475513,27.094949172224837,-207.7339568751692
168,-20.827376618820203,2.5265114488750333,-52.43100787147222,28.069456781339763,-218.15495989823285
169,-30.177152760227177,0.9541376899537362,-58.178188780937546,29.328463980312087,-226.711447708511
170,-25.62816157548993,5.855554367754866,-58.739879546964545,30.498453216835546,-230.35234720397992
171,23.097497345917684,12.230330923511573,-48.490754473903344,38.59068258324219,-217.89214535875274
172,21.796787404932722,6.134940736851302,-47.85523476271197,34.74482116444519,-217.89214535875274
173,1.4540969269345911,0.8269527204557763,-60.2708489226405,29.323568202817004,-230.59583436184937
174,-8.590662054478479,2.7622260868879494,-67.63575594562965,32.626652922811616,-245.28697078749025
175,-21.12534239384543,4.798746661190151,-74.1104480573249,28.60144226338696,-254.2976193653721
176,21.27426354832709,9.817879064435694,-65.72770670429433,34.48807162138224,-246.7747970463267
177,-1.2377484780589647,3.0644597738788404,-71.49260506438317,30.655341810197196,-258.45720446014536
178,24.148222282880912,6.021202769953948,-66.43687463129386,31.91003890898405,-254.7901939535878
179,-11.530648066405746,-7.214575603281134,-77.23935328399611,26.068844417262994,-263.54671063073954
180,9.494364449638452,7.70457639862453,-47.82784050069909,27.929035634329388,-241.21310832552282
181,-12.904742876440457,1.3679783137997932,-54.74157326975717,26.142935043454624,-256.79133786856585
182,-12.883903454983269,1.2112867420357518,-58.08950193296086,26.687040855603282,-255.45429522300122
183,-0.49210548054196224,3.0686350746895386,-51.24128945892115,27.081380924896326,-249.74123782920284
184,23.05644789190876,3.5801218981378744,-46.552380984367446,26.989860735595233,-248.17592637677097
185,-1.51812524852269,-2.228661418482526,-53.51622424018587,23.091420122876265,-247.06490088288334
186,-15.141741863382816,0.12332712281413016,-54.43222415636736,22.7128427337823,-249.57967048701875
187,25.688648336585963,4.963575699550753,-30.917428297821484,24.96356338390908,-220.65824907867218
188,13.796199170811878,-20.965493237716913,-36.379574323424606,-2.791744998728438,-224.70109582007643
189,4.055848990496516,-23.23617399121092,-47.408947501759656,-7.525516541093212,-235.37109676216258
190,2.378765105558532,-25.32089616485741,-47.54738541868972,-9.03582571558736,-235.61176632701788
191,4.0597291463441145,-21.69466515985469,-44.765391681925074,-8.254859527661042,-232.744823881015
192,3.554231551553176,-21.62851863429752,-44.13011734045537,-8.936886750063486,-231.84223621995596
193,-3.858703006255956,-22.93381117186667,-36.52617439934795,-10.196580185900519,-231.05948042205173
194,1.4209451797288803,-18.900471716671326,-32.713106228282044,-8.218406874737914,-219.163626937133
195,-4.065298256196652,-21.290078758491077,-41.42898649354666,-11.967477424820329,-222.9559926351145
196,-2.1290458944319592,-20.483418328529915,-39.822021417096416,-10.936602238584253,-221.3337829335388
197,-9.0376512811849,-21.242964094103776,-39.58560964928208,-11.947352187085329,-222.07455832032406
198,-3.9746729767881597,-19.02141774043531,-30.544230360333277,-11.466279107287198,-212.7938334421359
199,-10.347890199107585,-18.248667374887887,-23.616872551385683,-13.287092633317142,-213.5392364369874
200,-9.522079110055714,-20.836030602133214,-23.48478304848125,-13.906310864516675,-214.61079557645883
201,-3.2457501593928004,-14.696091145995666,-25.527490823352608,-10.052591794731201,-204.21778361302339
202,-11.356607876878074,-16.09545845941981,-10.863180358617427,-14.779636847618177,-186.85948287674756
203,-18.88955993661682,-17.492346136681547,-22.10261119800088,-17.515124657661758,-191.78588735453067
204,-19.964428124785933,-19.992558795230167,-17.875091450043328,-19.05560060146487,-195.4891751089065
205,-12.476993680132356,-13.606432341691624,-14.9672739416912,-14.792871703492057,-192.10314912798856
206,-14.079530724997866,-16.317861395825453,-16.038519288888008,-15.846642644880564,-195.00916433673746
207,-19.604431992731147,-14.911666014988137,-18.178603301016658,-17.32474514710441,-196.51542318945323
208,-17.37718197462169,-13.664103623471405,-25.645956696774896,-16.74610573154034,-198.58474576829124
209,-15.778164003914261,-12.05371838369661,-20.45514392611852,-15.175219483529023,-202.09724621762965
210,-23.14529854535764,-12.904713497703298,-20.1346375975549,-17.581286517838187,-195.49466583264865
211,-18.4600685672116,-10.97789960054515,-26.001238923270378,-16.53564853903533,-193.3074322307957
212,-25.79095520587919,-3.4412652821909493,-22.504048613501418,-4.966938625953255,-189.2794193395018
213,24.309656557724125,8.146037986533978,-17.444481007257874,5.394722159627669,-189.27559178531388
214,32.62743727771829,7.477882332580231,-16.24971538134865,5.353268510678754,-189.27559178531388
215,-21.610030315137514,-3.5877233508045228,-26.114775290017324,0.42013329623491125,-204.07619312526208
216,23.29856821753433,2.230813661255016,-8.986723059595642,0.8450747071412926,-172.49027384722845
217,-19.48796553751952,-8.133895035286416,-26.25346775361527,-6.105569304456557,-188.1661920216111
218,-1.6205637759912754,0.8479824399546896,-7.847163473017736,-0.9541771099245353,-180.5349800125641
219,17.09407634428495,1.5706564099164542,-9.395400355764435,1.8709046818371782,-190.32636199711476
220,10.814132907300372,-13.342674935536094,-19.75368787498196,-19.227035829122542,-206.61791074243348
221,-5.894295943129341,-13.986483122239543,-24.728045437483164,-23.977649917010694,-220.04125660192014
222,-6.768277780330704,-9.47818440390795,-17.33560841374654,-20.1423355086249,-206.32634979682874
223,-6.101907323368959,-8.339051423250037,-18.235414696318884,-22.186442038528607,-210.30916007797688
224,-9.089545383961504,-8.803583751170898,-20.65327301267596,-23.988764932955135,-216.37301386981738
225,32.58710992738837,1.4130989029748289,-11.660659936924398,-14.525864941167375,-207.4219111504475
226,-6.771605904331601,-5.914515912394437,-20.829451708879443,-19.355180449098597,-222.03188059619055
227,-29.190506915761887,-6.4383742322425865,-29.19656764661381,-13.830174098153291,-232.96499783271764
228,0.9859053400979345,6.002188780002229,-25.508009987273372,-7.373091926483744,-210.4330884268422
229,-14.301592734895976,0.17599076526812052,-41.57969811463894,-8.284174954145323,-234.5960216841047
230,-17.717147188517515,4.5361072178052595,-43.17231057606172,-1.304499241609862,-240.84190413245648
231,20.63983713383931,4.7884312698230005,-29.35844648124865,2.27075982637956,-221.50905504648574
232,13.833074772392777,-2.0264031862666094,-35.69327394637745,2.3987205015523636,-236.22777025263338
233,-7.758389794499101,-2.34762376595239,-38.142350825620866,4.695560336126146,-242.6210631784747
234,-3.9952487045414102,-0.7323094814434952,-24.362436386919345,-6.551767203439967,-210.98467825585692
235,-20.6539083470349,-1.1738710121765967,-28.883785010985825,-3.5500310416884733,-218.45319892888608
236,-5.913312865590791,2.0789233366340554,-19.3322538667298,-4.895868560000359,-198.28973992898102
237,-8.059897754418095,-0.7497253560038901,-21.52898211686464,-1.8582143138706404,-204.1265612617861
238,-27.640242262369092,-1.557823233566159,-28.470317517997366,6.0049131350192955,-211.4991715005393
239,-15.727766095661806,5.224148191973622,-27.21976360491784,10.799490589893606,-214.24690018636625
240,-21.423968407415888,4.335859907923494,-38.88208643912362,8.781173330991484,-226.72558606640732
241,-17.250580619252634,8.859652258254027,-36.10006917987196,14.987929148773851,-231.9025105882198
242,-8.840877090813859,12.955338690352942,-35.87738936787069,18.251039760201564,-237.77131204731543
243,-13.77544646357563,14.262999270928512,-47.45001518458701,19.322902174140186,-252.44007899521907
244,17.84670963415642,15.650655000686978,-35.34066637293567,22.374076677148633,-247.71915916731257
245,23.092118322839525,3.8168950601930867,-30.49792814835656,11.754404439015612,-247.71915916731257
246,-17.98507752430159,-4.129649732670413,-33.59066528634307,7.2043289107468675,-247.28459568249434
247,79.14288948194745,-24.94671632746423,14.0216150445546,-18.346594468480973,-76.88144551991275
248,21.67481889842664,-45.25876036059229,-21.38963972479626,-39.33243994357069,-119.75718111354863
249,12.54902632096585,-45.787560357036206,-34.78844962862855,-43.48055076168249,-128.02098578885062
250,11.07425077344131,-42.51322360692718,-30.37299559414705,-43.34296825307936,-131.19226032694107
251,0.10790930501794449,-40.468096058639325,-39.329864915458714,-43.918951041271264,-133.3460158076062
252,-1.5096333505827424,-36.26172524151986,-25.95888991149812,-42.32721968256689,-119.01839210065641
253,-4.021568292665844,-31.295544337268055,-26.63170607961311,-42.31503045083768,-124.18527215693356
254,6.444536526770495,-25.259480311210734,-21.155658017864308,-40.062965982371054,-109.4591196523717
255,-4.78813064322696,-31.02680269440986,-28.816193952447463,-45.01706152542508,-128.87765415448652
256,2.4048495170228783,-28.245771385848887,-28.530420996318536,-40.92302806146263,-134.49631137063457
257,0.08667344342305228,-29.37439220071637,-39.01947942668451,-43.213320667375406,-138.51995901113884
258,1.0554303684592306,-28.96757799532226,-34.64558833544198,-41.59015102262239,-144.98324265443185
259,4.512918033249832,-22.46542849717541,-35.14744261277707,-37.69593642595501,-152.94290310960082
260,-5.50176459632968,-24.344762445086648,-42.04902766421079,-41.8683237481879,-166.6102419371102
261,-2.8364690596452107,-12.924032253951786,-36.77551597580362,-35.624874751810644,-156.90191864695052
262,-2.2493029809758127,-15.545781137396663,-38.61376785836326,-35.95070285243658,-163.90904671892622
263,-3.5337198107286856,-15.198697817357314,-42.02836710904261,-34.34706199866818,-176.2951313191659
264,-12.332487939078712,-14.719570495071725,-44.87486517366646,-35.63589237323768,-170.2486036725124
265,-22.002313300976095,-8.302270189347903,-39.09618799309876,-28.366459401023636,-162.3873303028377
266,89.68523999441365,14.042111055896738,3.6709470609513275,-43.92773547627399,-39.17879397220581
267,62.32926135810405,0.7703138944461578,-24.94151709029724,-54.34958495668077,-68.11343135028389
268,-20.355035175460895,-11.587575302240154,-42.588519414108525,-68.50011808275066,-91.74003502292084
269,22.97695843243669,1.1987978563079107,-20.35073166454352,-60.04316663265513,-44.74240534854435
270,35.6920502481283,5.155593961336293,-11.376303419946925,-52.829607666746845,-42.30226113884608
271,11.789194864192638,8.075213415461299,-37.577608913633334,-47.29538461119467,-62.255683474349816
272,32.55699542701429,13.149760881070723,-50.35729023257047,-40.61515247746738,-74.93161656277368
273,36.61871408271687,10.596801280284756,-41.199228109983494,-40.46918898200317,-70.48414681251161
274,-24.338501082194632,0.4569585494786317,-55.26282997646946,-41.528357336498146,-90.676682554176
275,20.889284210094395,6.166985073686851,-42.57667842142824,-35.68148867174113,-71.22620354837774
276,-18.03431759103927,-7.894949192736497,-54.52621117086711,-37.4076985475431,-84.32039893113111
277,-26.333562933565986,-6.024286567179434,-62.3089380249058,-27.020687448612865,-100.78396124066415
278,-12.90082900143455,4.278139459935331,-59.495524302946166,-21.692184897172915,-97.52526211635494
279,21.862500531271785,13.234214299696479,-57.83256051881102,-13.066159538585808,-107.99884012932858
280,16.83887206038805,6.154263683000709,-66.18091867982119,-22.54079143374928,-127.99267818010364
281,30.076343454400977,4.650107218268357,-63.547136428871525,-20.022463572235363,-123.69156758472627
282,9.259516326724135,-3.3309839178168508,-72.50186859286131,-26.862285197500803,-142.0912593318616
283,27.53108628577262,0.6436987707343735,-67.80653532867333,-21.02591884134505,-137.78998646919445
284,-18.330575137309538,-1.5138404419386464,-77.05470620565622,-23.728044162276586,-154.10215466407928
285,34.128188803378634,0.2057018813042455,-55.98921224182136,-20.644029486162164,-115.45657217034162
286,-21.3449378140964,-4.066510148535968,-67.02216796153097,-24.4193160914945,-127.02876180833044
287,-25.64155995863976,-1.0790641909395238,-65.76579176322235,-18.346529493791966,-121.74616272777158
288,-22.544811304943686,-3.4416512756558317,-53.414156052380534,-18.02495727157869,-85.04178830001649
289,24.292897415218487,5.792282054735255,-46.83799763047662,-10.082658968408975,-80.32997483276293
290,-21.025413085568037,-5.811893534404964,-58.07873072811339,-15.771119086211314,-100.05137962712209
291,32.116595406606486,4.752099406399663,-44.225572697154306,-8.676302887057783,-87.64730876544743
292,-17.29332325650551,-2.6807468541762534,-52.87833811189249,-11.264634138335715,-90.38134239544624
293,24.622329346749115,7.2100101935563785,-44.367508465621505,-4.4591084888383445,-84.85316142554184
294,22.32690685855441,0.008943287536775408,-41.05904506625256,-10.579733555405753,-84.85316142554184
295,8.053883262038287,-6.014115868944797,-59.545940356402355,-19.266749196252228,-104.87676292457432
296,-26.814953024296766,-6.636042851437857,-67.83782160170557,-16.890473884174508,-121.83587404963986
297,-23.639169673602932,-2.5992807987283406,-65.06320687475225,-17.501019170582396,-90.03293447470146
298,27.808025931393423,7.772724071718288,-47.037905949763164,-10.270702797264985,-74.34582396727592
299,-12.666889780628315,-5.684996558042398,-59.07400569819538,-15.962029863703894,-90.85152271756843
300,-17.99662960703338,-5.120243578226927,-67.09776789472608,-8.37802177095089,-111.01154173267892
1,-47.55831033040609,-23.779155165203044,-48.991537489292725,-24.220832875718912,-49.42762250912335
2,-52.73930593369741,-20.30439533286924,-75.50619770417637,-25.53670054365576,-81.78310232994797
3,-31.22496487027413,-11.897546354265062,-74.49862007179316,-6.076367618179948,-112.22527561301001
4,-36.13670212881366,-6.3339746561237416,-87.7633456473612,-6.728902152879423,-145.41971008673738
5,-28.148193430992926,0.9978507006529078,-106.14735347505199,0.3649660737059719,-162.2088666469756
6,-24.01299881374407,-2.7703146012142525,-93.3529909681474,4.492425639350168,-155.80554905540697
7,-35.930925518586676,-3.7195070725636237,-104.86865920990903,-0.5925407548495336,-183.0153991258826
8,-20.137544701151477,7.271910013640637,-106.75612979814451,14.149013643890857,-198.94048200248952
9,-38.288692688963906,4.910391828952175,-119.90178998950879,9.533011665801627,-223.39604918170306
10,-38.8504120158199,2.271967918742071,-123.69705019132634,7.863190984583124,-234.81890598281726
11,-27.082939535619502,15.331921930467457,-121.99359727923449,16.496015561857455,-234.77495648700966
12,-18.755870302206496,18.352692117404207,-130.0361532048527,19.36369244043059,-235.30905044473838
13,-24.312256703287208,20.901022564175427,-106.71607148393717,23.861915985490363,-211.90519968225007
14,-26.414474373343047,14.751334027861784,-109.27056508918942,25.509948425444634,-226.50242795901357
15,-20.963782932691974,15.379159745532307,-104.6862020097184,33.91188493069134,-215.82017194353614
16,-31.126779256987433,14.298091460850959,-114.68579009486493,30.98723761329212,-241.06648601652148
17,-23.671504709388895,18.33405985137842,-123.82734787560973,35.60799683636578,-243.48918280454618
18,-20.050075702374745,24.724427124970592,-112.74459905870579,39.039343062280054,-247.87489517992546
19,-21.538859356950642,25.99629923156681,-120.9184480594531,42.45705295715249,-274.6983347628962
20,-11.058143709583142,31.263458085139497,-124.58726428530349,46.10867455038691,-272.09873762029883
21,-16.782029026876955,26.89214819476146,-119.40520252259154,42.44329582304233,-280.8576928109772
22,-23.272902602721445,21.56971029625118,-122.20946780399221,38.26150259849766,-289.19606151354947
1,-22.03451725233382,-11.01725862616691,-11.772479801062586,-10.241406758344242,-25.389210345964432
2,-32.729298263039766,-17.43085554690807,-21.647324333941636,-14.657268510920773,-49.869050352574604
3,-39.15045242853729,-21.820261381145656,-28.1230155994687,-18.13664587798884,-65.47934384645302
1,-26.278613166502794,-8.746300565284026,-12.689471748692386,-13.671929570807288,-24.95315846791443
2,-37.44003809442687,-15.676612117171297,-20.9832746767813,-19.391689351378403,-44.54990118326225
3,-43.59123799233929,-15.934462491668402,-36.678954900544,-21.759516204617192,-60.19285062934747
4,-44.57686300967798,-17.90149312190601,-50.263879301096125,-20.721770891207207,-75.58978240576674
5,-37.10488226676853,-13.312326410516576,-53.822879004435116,-16.054512123994247,-92.814733350582
6,-37.01335228603175,-9.054259029780042,-58.27580920700624,-15.154370797001143,-105.95288349063725
7,-35.58500187850153,-6.0457919460421765,-63.04432563596109,-12.684164041061866,-122.05612855858192
8,-47.33541192328122,-7.485222421803959,-78.08112771522329,-17.40951793502085,-137.55005474630502
9,-28.81198201199631,1.059805494879397,-71.25805885775775,-7.856244779563426,-127.39195777591577
10,-26.039468280288574,1.8295561134390343,-82.8281263704244,-5.317974616656227,-140.76099103815193
1,-27.006653803504175,-8.851777754005735,-25.28647086770281,-1.9140378776434617,-24.917388556953828
2,-40.15970117179795,-10.421242686081143,-41.47773359159861,-2.612804563253732,-41.9619199248766
3,-51.94004277505837,-13.30894242780618,-55.38770228269383,-3.283632475437085,-56.71088491366563
4,-53.546602965871315,-15.354239255710999,-66.34362905479067,-3.321732572308399,-69.71454687807629
5,-51.049052536952686,-14.213433735775912,-65.17366552345756,-2.569872591125117,-80.46689830415991
6,-37.642596546293085,-8.44392067907348,-62.16866633748675,-1.7553930378560425,-81.45422909816581
7,-39.986281481699265,-8.533720577957585,-74.39612144235076,-1.9642486762278302,-90.92698713071529
8,-44.38920828033896,-8.931249405618845,-72.64888297379692,-2.260562014520435,-98.91382668364658
9,-52.16545551672523,-10.996708785450291,-77.12790581999359,-2.7938344712153205,-108.67313726609841
10,0.7877034190408239,-3.920043480941782,-63.76475434341872,-1.7965330622014768,-101.66207110535824
11,-13.970734987551433,-9.003131812829992,-72.16605734224436,-2.0040459662470225,-120.23884749764623
12,-13.260067897780848,-5.20914644344918,-72.87195982544539,-1.2319499426248857,-124.19655149452711
13,-3.3956078120891426,-8.534349528566448,-67.5757443794015,-0.9713488179750073,-113.80158301422772
14,-8.769541692233055,-4.200704435822827,-77.1758595719417,-0.193870254381709,-115.06503306515992
15,-7.916126262924545,-5.633240919607493,-69.63174464321149,-0.7972692676987491,-114.45475194369683
16,-15.823343985916955,-8.24579709132871,-82.12628481982453,-1.2647127398243874,-123.71051956890443
17,-6.707697627769154,-4.717755455049799,-83.1965921585965,-0.20244629810865494,-123.77019198110527
18,-3.3118292823218454,-5.7109764228414654,-72.5917292771454,-0.8702714191283314,-119.84929678302302
19,-11.591323459940279,-6.9973217672026164,-76.87785445572571,-1.5404048875787415,-128.93191577377175
20,-19.20839513649509,-8.841661743315104,-81.00342148100133,-2.072000442855847,-137.64429433369364
21,46.234011211269944,4.437571510363519,-58.508549967190476,-0.308471435160457,-107.32221232285629
22,61.866633794936945,-0.6767013723015043,-51.38721249927465,-1.1434442062118768,-101.3793135363344
23,23.352529437983733,-10.849685912879844,-60.34019128861081,-4.009222623570823,-111.97336001379348
24,3.0718625706540728,-12.672575965600174,-74.31027424898032,-3.7277411907580222,-117.95480131635044
25,-3.544694003439341,-16.877700853062834,-78.46141300427156,-4.046679269431232,-121.98460832859664
26,-6.874225040812696,-15.677991876677673,-82.45428138534433,-4.729352829452729,-126.53243690707046
27,-4.71213119886071,-15.257697188535825,-76.21119363881162,-4.2994439126024435,-126.31934957508314
28,-14.63018735086812,-17.11413836316202,-81.28160366194595,-5.202293789581114,-136.60399750058068
29,30.46810640915926,-11.423186812899907,-67.6873298334534,-4.099463083750682,-128.11912119313396
30,10.314669180538939,-17.02335523271145,-76.73844365947758,-5.6827784411799875,-146.3271164860057
31,44.83324227286218,-14.420044144900189,-64.79295418670479,-5.088129618389116,-135.76648056630677
32,25.19277759530249,-21.711880676933756,-81.74999561211887,-6.906460938086358,-152.59224194954493
33,23.49392523831129,-20.289071338991317,-74.89619997404918,-6.915918343995678,-150.74795251155084
34,13.575894118293366,-24.023223487311338,-78.84053853680501,-6.702810443397782,-158.17196723615473
35,17.900939096456067,-19.484109549316308,-82.75932223662777,-6.498652714048157,-149.90885458231764
36,6.114214765851212,-21.807859957516357,-77.7064725311762,-7.685454513745419,-152.5433154034138
37,3.6307669139757,-21.689835313803187,-83.78997595664913,-6.745765492208289,-147.5563083241658
38,-0.82915549370232,-22.203384577713777,-81.99617640311854,-6.994069813040027,-140.98570285214572
39,4.696172605831176,-20.14039156427752,-69.58526833528411,-7.356346295468993,-134.40020625693788
40,5.189520149595484,-16.88528639033976,-67.93702034302667,-7.160409393789,-130.21379091630052
41,-6.15520034312244,-20.004202672220337,-71.9749275069089,-8.062061920021709,-137.6435546972284
42,-1.1171896660823268,-22.234286785907727,-77.77397492637797,-7.712319247435991,-132.77456717125483
43,-7.437385196213654,-25.349337356893408,-75.68001230627405,-8.153921104077051,-139.45687435057687
44,-7.428494620544949,-21.35202656357169,-84.48904002606702,-7.368108770063791,-145.24408130618804
45,-0.3009257030856958,-19.710770464933695,-71.7218431594676,-7.329270807917446,-138.03858059521986
46,-7.75004592791344,-20.69957173737857,-75.40061325651443,-7.954584174802033,-146.08812719702087
47,-9.42024401787803,-22.23871768493516,-84.25621112540628,-8.165794016537273,-151.07753203202589
48,-9.956510844158302,-25.03781746280225,-76.99813557637155,-8.199571166748038,-152.1571670450448
49,-8.516085490193042,-20.170020343892993,-75.3710614940387,-7.843288929790256,-150.56331232640335
50,8.367709070354362,-18.521090697155966,-62.7145980673547,-5.9563998990579865,-123.36196711951953
51,-0.9933425106989873,-17.9929738089312,-64.71847130688406,-6.0935607416269155,-126.44851106646067
52,5.98622978276676,-14.272006272495531,-59.866314279199145,-5.891527514890664,-117.1692075615421
53,-6.912270645392011,-17.807432863700104,-64.34913603668254,-7.249807776960267,-125.13308080701941
54,43.26349150899876,-10.527166371185714,-44.97707069407477,-5.796065695980888,-99.68546900777392
55,11.231686983071707,-16.863202613295552,-56.9530299881576,-6.447105852759874,-120.04612543492563
56,0.510047095302383,-20.290329648090474,-62.082825574101236,-7.73803883201092,-130.0931253902401
57,-6.108626512596841,-23.08858148793088,-73.80253015576807,-8.03892374603973,-138.60848208310662
58,-11.981437612318448,-25.018551413140067,-71.60151064473155,-8.719686408082854,-145.02761029363901
59,-7.2707288594349135,-23.42565960127181,-79.29224430427396,-7.64970673187197,-150.22090293962953
60,4.7121536135415845,-17.57243464754115,-61.42445039604362,-7.35286194360077,-130.9097814202201
61,-2.466388883044937,-19.255843209281977,-64.32925318272994,-8.501456600733482,-136.54510425351083
62,-9.449016156006312,-20.753182152398836,-67.65822682430132,-8.813624509424836,-144.42874737280582
63,-9.416395606091715,-19.488912169859603,-67.70614487011262,-8.80379750521524,-145.04253796685907
64,7.915946946596055,-16.09131973149577,-66.91911549879596,-7.742461403391533,-125.50616514644366
65,2.888901163976179,-18.759918578062976,-60.32874777414822,-7.203321105406294,-128.35685607026548
66,0.34822884919557495,-15.891444344258971,-70.29163993182351,-6.897903673804876,-131.90623788458734
67,-1.495593865584084,-15.70225460895622,-65.76705596213101,-6.877469462544183,-133.67542210671024
68,-6.039283983209765,-18.333523031661592,-76.44814161585856,-7.0950667632895215,-139.82777805340655
69,39.634919803619454,-11.801136768587488,-57.81862782143157,-6.275601008276681,-122.12102154675485
70,20.445453312306324,-18.292242490826958,-67.6208647211834,-8.106888993844546,-141.4102776755958
71,8.697407704717438,-19.38261150955435,-77.3911089034257,-7.9575295970518605,-141.34152268205034
72,3.773845918116777,-20.5882775525965,-72.24221371046838,-9.027785077841845,-145.01797655057766
73,-5.059606158950881,-21.102978318453637,-75.90434439359356,-9.473218084730354,-152.9543340415313
74,-0.5334497043779756,-20.479515538450755,-73.65427127643144,-9.127393013750783,-148.71163015889977
75,-5.378104501808032,-19.550067588660436,-83.61658278506384,-9.42382007249528,-154.6417461834537
76,1.9044983289067652,-17.611495643849345,-73.19741138508827,-8.509889302939627,-145.58695987132205
77,-2.8715860413098646,-14.7522848282126,-69.99636869073939,-7.430936928208614,-135.90424313304305
78,41.13620736410164,-10.233356130872332,-53.829309199568016,-7.032845957610331,-113.51762650420099
79,19.67866022474659,-16.38465201481562,-63.897347910193915,-7.837650766969754,-133.3650608817087
80,1.7861382296641075,-20.762400819495554,-70.03789791444771,-9.238288981292413,-144.22548280493876
81,-1.7792996934747958,-22.54263405547788,-71.75232294437848,-9.119616137051285,-148.55335030873357
82,3.7512876453990245,-18.307389792358318,-68.0023129669313,-7.980788781107114,-141.42724326868196
83,1.3644162731036076,-14.447196889576897,-68.32430117329734,-7.785782731831875,-142.58221876922113
84,-1.7256576603289915,-15.234468622527597,-65.98065962272145,-7.910472742214132,-135.80760679939172
85,-2.683244018868905,-16.052794264661497,-66.47867198815173,-7.7762369132951905,-137.50369345787635
86,-6.035529880961876,-20.42330547390325,-67.33097020596574,-7.441711313295162,-139.84693776977508
87,36.80523205856162,-11.237049010044856,-48.66181823868506,-6.482456831970711,-113.16057982555753
88,12.712661669770274,-20.7607480639809,-67.06865121521072,-7.9492467802913875,-131.40325125709165
89,6.409228871646899,-22.768043729564774,-72.04352078084543,-8.90919258397384,-136.1632539764086
90,-5.525096432377945,-24.41502722385402,-78.1044652694381,-9.55899376793204,-141.56832813787227
91,-3.8830433837951936,-23.813128023975892,-75.82451777026748,-9.635244462291144,-139.39138150454178
92,41.39297076910747,-15.953660390807228,-50.45495284340589,-8.180251664098758,-119.34287955117017
93,7.010018650365705,-21.14613136850935,-59.3085583890201,-9.366591369196742,-132.2992959884525
94,5.984114414938652,-20.84226189825169,-68.73625586714722,-9.67495356444985,-134.19949751749922
95,8.49551934537481,-20.408048251125425,-60.56040685505237,-9.769707812720426,-125.19228993546002
96,5.210573217160437,-21.98782002206685,-70.70952939263353,-10.170783952238764,-127.22142559045423
97,6.844581037981854,-21.219903508193674,-72.13293901920262,-9.158988829241764,-122.6491906734692
98,45.6766097427035,-16.075363497051804,-46.29044660472397,-8.963039127585203,-98.99655306280113
99,60.406780171243454,-19.062598375901697,-41.70859572564568,-9.560903155637673,-98.99655306280113
100,12.520786486939599,-28.81324644769502,-55.94408323338676,-12.813333779212972,-119.34961000879363
101,-2.859226283852527,-31.42588427610375,-68.42561040529195,-13.760300614060835,-124.00630372126483
102,-2.931473722212978,-30.888542506875105,-59.27287893069616,-13.388768739556891,-124.8767857411109
103,-9.95900187584375,-32.99476096947757,-71.62471783112706,-14.080255623669055,-133.89583760259094
104,3.1190905113664833,-29.585635618966407,-67.59748930738243,-13.104881151983628,-120.94768865529828
105,0.6370970420223969,-32.490292348610765,-59.48330227015539,-13.248774343218223,-122.43507511693645
106,-7.727685653471614,-35.150872612596004,-71.74424091147509,-14.172497166909258,-130.43171552247009
107,-9.780866455667907,-32.842117987440986,-67.9306984188666,-14.031836539307623,-136.63784174649453
108,-11.539845168790233,-32.97185577059045,-69.98566981387718,-14.094157187054446,-142.73511851760438
109,-12.253304646883144,-33.21682291140522,-71.7103002391227,-14.072276131770872,-148.7708657526508
110,-7.000297100701255,-31.59797366528569,-69.96458092257708,-13.563187353967816,-146.41664008482118
111,-8.480054418655364,-31.202609286922602,-71.78032331560544,-13.155910858481786,-152.70087529263597
112,-10.174189993491842,-31.272193596903985,-80.58736158648341,-13.361326540817949,-157.64345233419175
113,-6.984163772176767,-29.892862068728093,-81.48397145552987,-13.337330448582483,-160.08702711638904
114,0.5650895543814798,-27.500757818057817,-67.17521536772294,-12.06386412959933,-151.26698813604676
115,0.2901656194168716,-27.230821282399,-67.41943598970931,-12.568934511123778,-152.41854925007067
116,0.78692105342666,-22.809346802212104,-74.18547245614069,-12.009745460655125,-151.87937306151443
117,0.5960464504271528,-24.911027569026263,-65.21704762836335,-12.918589741738096,-151.751502837676
118,-4.012399496642049,-26.814676079130237,-68.11052839956366,-12.726623853211283,-159.2703040133323
119,-4.335921660092442,-22.985718210115817,-64.07419394391098,-12.230689444315088,-150.71943916612526
120,39.814563581413346,-18.857163347874,-47.742164198338074,-12.14196155544244,-131.82679509880754
121,10.341625599230007,-26.917590488526955,-56.04089121262537,-13.409596464890537,-143.50027024580743
122,38.36843037276999,-24.597391437493574,-44.14784979049129,-13.308203893405757,-129.98071861774434
123,22.80155569260569,-29.65159387302092,-52.76258670034425,-14.818124755750269,-149.25862016292353
124,0.5912448692203007,-34.72760778712459,-56.14406593809292,-16.320832233465087,-150.4452114901571
125,-1.7135280087121956,-34.290781976006684,-60.103858513115995,-16.29552382450899,-136.33261300621916
126,4.657983408035157,-32.574562591489304,-45.709511879037926,-16.2303300580874,-128.04984160869918
127,-5.457967917900916,-35.83087946208557,-50.397637505007154,-17.12763532028885,-137.37560714190974
128,-8.224019411971828,-39.13569595058466,-60.40063623707328,-16.90484639894469,-142.90798507886512
129,-6.000684689837209,-36.13693003243428,-52.52034746621937,-17.12711307657664,-140.20933486973334
130,-5.283721984500373,-30.4407791332495,-50.195673110124275,-16.05782060226331,-135.30705147061147
131,-12.633910029801754,-28.04110931617797,-40.48071331314739,-15.580671703115803,-106.20339529801953
132,-3.5538030532542635,-33.948067978151215,-34.37223789690384,-17.279415758774295,-92.66540757490978
133,-12.503411387482792,-38.46713367098192,-48.66171290796174,-17.627161805776204,-103.3345444805179
134,-16.995367460690947,-36.551843867333545,-55.43427183438363,-17.858275263596656,-111.01635432560546
135,-21.20623753423621,-41.701234931599096,-61.692570107571925,-18.3928672656583,-117.73616065313898
136,-25.494811891572475,-41.44944614418717,-59.05398146377107,-18.7359532142452,-124.15752525211042
137,-30.667594799619614,-45.662818401051716,-69.19590611191833,-19.149775846888968,-130.0300079394174
138,-32.06384251953613,-42.401070141052,-65.99077070454534,-19.134521930169935,-135.72643603369474
139,-36.15909546529615,-47.49661800028004,-68.66872969848582,-19.551314856919998,-141.86221006250273
140,-6.501091974660735,-35.67631158195062,-67.63272131034091,-17.383430219360847,-134.57498834954825
141,2.42974463568828,-34.348551935932946,-52.17381515672586,-17.023485697142092,-121.90678596729971
142,-5.915230325686885,-37.09676208954217,-56.155004902453776,-17.796448545696286,-129.71716069969415
143,-9.056203408946306,-34.39712502188915,-66.27793180713084,-17.603464078053662,-137.95642362662016
144,-3.7453326088251675,-35.62649168241108,-48.76831674881607,-17.396873210475185,-129.68857850904598
145,-9.72871435853018,-35.18286626088555,-51.57461170889805,-17.872581860068177,-136.10243577142958
146,-13.295125831399375,-36.74086801986963,-61.6838216747409,-18.080098714646056,-141.16912086012798
147,-12.023037239278672,-36.859390629185484,-65.76731592302689,-17.630359787437325,-147.19656993415515
148,-12.243658436989648,-36.92061893248405,-60.50852142856392,-17.844016630374423,-151.44268422418867
149,1.563925256019271,-29.495636490221692,-52.58780749490149,-16.75099163768747,-136.57255068810935
150,-1.1532935717086268,-32.313024823712794,-62.30585439366432,-17.407633433375622,-138.8993445951034
151,1.1930433984098556,-35.07319626669219,-64.56517202556685,-16.57771033031342,-138.5456618896305
152,-5.24229874577688,-34.46895736918722,-60.746857938542234,-17.16646493091804,-143.79781933063867
153,-6.927643827367406,-31.219484347089338,-61.3083710957236,-17.23009302494423,-146.74911571274936
154,-9.301797996933473,-32.57917569824654,-68.4343958929118,-17.535734470260973,-147.1480108195832
155,3.2558650284587145,-26.950539769392574,-41.24315657578212,-16.57520597978592,-125.60491808006412
156,-5.0086602855182605,-30.171293992993228,-53.94706609075634,-17.551397659057496,-132.83811260344112
157,-7.927681725905964,-31.536836938536773,-59.51259404697155,-17.043837917671844,-140.00555389224576
158,-7.606016577004869,-34.19891561309138,-50.929605478164056,-17.70224248237103,-140.64645051564008
159,-8.95219483100486,-31.099742209821905,-60.55454827079406,-17.47612980576198,-146.33924202443157
160,-4.7972998065552,-26.754068599199925,-48.519261771184226,-16.670190970776403,-132.73751666098534
161,-2.4325228310247624,-29.274903030666785,-46.19566101135482,-16.54101720886248,-127.87332293759732
162,-2.8779954858155783,-27.49068760440543,-46.851798154479404,-16.590744126822543,-131.04472544690077
163,-11.44881192273251,-33.806042169182895,-51.18502808873122,-17.68072213525001,-140.40681714561902
164,-2.9449866706576255,-27.028463188708063,-55.09227642479716,-16.298902242762065,-131.77124628473956
165,-9.954893999917171,-24.987347897846146,-56.1977780699529,-16.574741952909633,-132.86985719743126
166,5.640800656371365,-21.62222177287729,-47.963265120223284,-16.20104340868825,-115.71463157721693
167,-2.570227786175362,-27.828592720502485,-46.62271304356245,-16.342649046406045,-120.63035817501493
168,-11.610056279132126,-32.21952174622482,-50.906615526786794,-17.24864787006354,-129.7268644082914
169,38.751654905047886,-21.72004545601615,-30.82033611211175,-15.97811101851184,-112.989029859784
170,-14.700487302501886,-31.273046320449104,-35.532205044318985,-19.46875712098801,-106.30018477880769
171,5.678232457644263,-33.161173411141554,-34.989890569383896,-19.266415649629398,-81.0918004685519
172,-8.344217918022636,-35.897254686040526,-47.95180371969161,-20.176243838306014,-93.81310071678774
173,-11.283464117488553,-36.70184955493385,-45.876281622027605,-20.36848041002383,-100.20072628580414
174,-14.787569334340159,-36.45641860623718,-57.87492091374372,-20.57420289366496,-107.98167818501675
175,-13.032634904065846,-34.024075358478505,-51.465201383013394,-20.25737539032414,-109.32558185429441
176,-18.39675750186737,-37.677259062551734,-54.97141526106888,-20.897021863487016,-117.15945030068926
177,-18.341549515398537,-35.31573169174433,-56.96394219898647,-20.589779137032377,-125.28235094999172
178,-20.11985043134881,-34.55329616997668,-59.056609254729715,-20.65835260644251,-132.14545443261648
179,27.930685246761836,-28.362005845969296,-42.38947971261056,-19.550153861438822,-122.70399231711022
180,7.7955774387841394,-32.851379956079114,-49.620115702543785,-20.80402329409824,-135.42630676009722
181,1.329103020356591,-34.49036228344048,-61.03829742016785,-21.561989961497556,-140.5456010061525
182,-5.3184492306273565,-37.28173779148624,-58.591965786557545,-21.91934072396781,-147.12670374074278
183,-9.088510294101297,-33.78955580710521,-59.522372000458745,-21.422480522474025,-151.78323446567447
184,-4.319576648277426,-38.711120418198085,-65.10357013965486,-21.864390737960864,-147.9950655717229
185,-6.702789237562113,-35.879014432182544,-67.38593499586614,-22.03492067202566,-150.32092466741403
186,-7.283913049758121,-36.65725449264626,-63.28804478269905,-21.48124584296638,-156.48861030029542
187,-6.947897388192601,-33.357799502421365,-64.37603418625585,-21.251935002515225,-163.20249290604337
188,-5.673184808154716,-35.66085643594509,-63.657956959792294,-21.86575576303082,-162.03846395907294
189,-9.266290863946459,-35.56659962913952,-65.59247023113646,-22.26423909468877,-166.8510498000183
190,6.72616953699541,-29.509633840573265,-66.37138516014738,-20.761817961258348,-154.88880497607965
191,-2.9210000075324043,-29.522370722655527,-62.09823148512246,-20.9870778325082,-158.79482832114354
192,39.8780117756304,-25.325635948243733,-47.87181477130476,-20.65594339303546,-142.677902351583
193,59.081818153818936,-25.435937321662173,-36.169043447621405,-20.949710813797612,-127.79155715194594
194,57.129666280309394,-29.970195074508865,-28.316099122762324,-23.51631393742308,-113.6769824051214
195,18.75674524098401,-41.5453273406103,-48.42858112828229,-26.406477561282674,-122.15414435224695
196,10.415322820955428,-43.49700514867564,-51.814945257546626,-27.716444596697862,-124.46893554722188
197,-12.178260910092437,-43.62596839486298,-42.04368093754637,-27.299823775900418,-105.88056786531618
198,12.561465043338586,-39.50473312489614,-38.35282274836416,-28.467811132656834,-71.71226777130173
199,-2.5867763558272934,-45.586896351715424,-42.48450750158476,-29.876091142881542,-86.33333056466161
200,-12.300648245273035,-48.67406114994448,-57.25744873103061,-30.310067334700676,-98.97689714047576
201,-17.257833203849014,-48.88598903297702,-65.1910741051905,-30.568008348433903,-107.60841134362595
202,-5.3133046935670585,-49.40546870910515,-66.47373800821626,-29.13757788886615,-109.9942889475115
203,-2.6081348230034234,-44.4613438268424,-67.08811498928767,-29.798736550656066,-108.05416026493558
204,-7.335890196670773,-46.85306942174648,-63.79726875329477,-29.82685410746248,-114.92796144128327
205,-11.397955377330153,-44.99062024286011,-66.85145727717335,-29.997762538973465,-124.89613402977682
206,-6.141709100217266,-44.6055065129137,-73.75415788031326,-29.649213535950032,-125.88836608845978
207,-2.385647347798672,-41.07699452904719,-74.78555993309712,-28.943368113753284,-129.49986136488178
208,2.20461952618264,-36.381385589461516,-52.82301817769667,-28.86064620095153,-98.48038539832406
209,7.648058149357478,-37.84003862565445,-47.84883216403962,-29.77683933800723,-86.53925627291054
210,40.20236709120172,-34.78040000351663,-34.725830241321646,-29.09173013737764,-78.65270179723379
211,11.606652626321058,-40.878910310157096,-56.17646979544755,-31.023734986996907,-99.13232326213702
212,1.2786529979392576,-48.612130185066675,-55.82605646871981,-31.86399070169538,-108.40675776700576
213,-8.930564964319794,-46.61356217028768,-60.03881664096469,-32.35587400304924,-118.48295492732079
214,-4.191080818638012,-46.48652176074937,-58.267985620240395,-31.70796543897331,-116.90878649258889
215,-3.0508457777744393,-49.25241998753731,-67.93434081143903,-31.12576361203375,-125.57162107475203
216,-4.679465119426679,-43.21882440645856,-69.06561850867789,-31.65829878921033,-127.42541228363929
217,-5.444628648007932,-48.64988867203917,-71.05741371680443,-31.968203727955604,-130.07983362296244
218,-8.809750360967229,-47.51312857516176,-66.70573518373642,-32.36434373498723,-134.723391141309
219,-12.773787993522784,-51.32361026182102,-76.4050120407512,-32.68146674559168,-140.16947229187474
220,-3.743022120030819,-43.97979493366249,-74.46121802509575,-31.836102523293185,-136.9738385664813
221,0.011021735376367303,-45.79147120152476,-59.79538602423318,-32.01953326038593,-131.0607549814707
222,4.033226702087678,-47.7398667009668,-57.40807852747094,-31.63894152042413,-126.76104401379632
223,-1.3781475857070582,-44.78777346439883,-60.21415471312121,-31.83903969139361,-133.5350115987344
224,-1.0283864813154437,-45.00935693235723,-60.132409146484946,-31.85165874059407,-134.232756395468
225,-6.283811201219814,-44.75242500335276,-62.320147872496044,-32.04330687357566,-141.37767164836634
226,-4.594459640741231,-45.558310671686975,-61.0604415683853,-31.3835970325648,-141.75694591842512
227,-1.7673066698872404,-42.25067676075035,-68.35815171504919,-31.684898410734828,-141.5817934418316
228,-4.289798781152383,-42.17340318377616,-63.789423976132504,-31.81093496172418,-146.6235206958088
229,-3.414208422302657,-40.28324932889562,-63.75791869068347,-31.011210934603824,-151.03643650100923
230,-6.055196856759036,-39.167079281993,-63.425227461675924,-30.95956374994551,-153.6198992735977
231,41.58250360048986,-33.392525177318475,-42.31112304089786,-30.61540215251518,-129.36018495905523
232,20.9337267239447,-40.15251183577906,-59.71227210544294,-31.71056922641141,-147.3051591806864
233,11.833921429260645,-43.71750937749098,-57.481414133524886,-32.839711075612215,-153.54729296551074
234,3.4169542726522906,-46.32216481861624,-60.98028781548041,-33.617260710366715,-159.90889742118583
235,-0.11477715060588345,-47.36967607369106,-70.05809228449547,-33.89979922422739,-163.37948552419067
236,-3.3969873895251013,-48.42487100938589,-65.18130177384248,-34.16237604334092,-166.40204860321415
237,-3.0638133351216332,-45.83819056968183,-66.1610235252696,-33.87158726309051,-171.9862629127324
238,0.7489784928593366,-44.80653491009302,-62.43655099732919,-33.628741080967565,-164.38875762393087
239,3.161879324064401,-44.015017008465364,-68.47397152938551,-33.65630958858178,-161.24657255679813
240,-4.899182755657213,-43.70656265444579,-62.38149621694211,-34.00360514130562,-163.92553316717832
241,2.860462639958943,-42.58532255504739,-60.95911059088964,-33.57820435147235,-139.45020317826825
242,6.308684266658425,-41.582084584619146,-56.69445130115245,-33.39612741326445,-135.10257294570056
243,-3.1875604052729436,-41.620971208550976,-55.92254930284478,-33.767148698445396,-143.69634976214783
244,-4.368107669914014,-40.74071032233849,-55.42213376353588,-33.62019081243365,-143.79427341719426
245,-6.385776625504034,-44.74044917991336,-51.36666815009502,-32.932096951505606,-133.83747117710922
246,-3.4678137305925567,-39.69871850524772,-49.28700918905442,-34.09409867439076,-129.16855498233645
247,-9.848458816398873,-40.41696314373623,-60.869339606841834,-34.604550281255264,-135.6880777607051
248,-13.944331479824996,-42.78598252455667,-57.77700300320833,-34.932220094329374,-141.4336312719394
249,-7.298673755151167,-39.98309936862924,-56.16260917781902,-34.07535386182914,-141.46860106627304
250,-8.05147966709109,-34.97564102196767,-49.877637718947895,-33.40543763270313,-126.7648897810125
251,2.4028295370573254,-35.63949427325876,-44.09054401091545,-34.49954652743962,-114.56261062815017
252,-11.86180994794362,-34.17958807011124,-45.482660986449886,-34.49935699674933,-114.98467104103197
253,-10.46988017361734,-35.864200323811154,-43.12958906732413,-35.17106410998224,-109.54277567867166
254,-11.852853706917806,-35.557494565414764,-44.05645350815101,-35.07440501272951,-116.08595904558706
255,-8.909812774399825,-36.39979005820176,-42.142812298859724,-35.54809029381638,-111.96228372934547
256,-12.149291281254252,-34.190168548298125,-54.14765937423163,-35.32282295307527,-120.69002317264865
257,-12.751274622375632,-33.274249336122374,-47.822513766116714,-35.24112797550922,-126.66802081643345
258,-11.479947183007965,-30.08899668498833,-40.070769524810444,-34.288135629114784,-106.35291826417108
259,-7.327679885315089,-36.8000362814345,-37.54986435516936,-34.891951519247435,-101.45090366021823
260,-7.657905445697745,-32.93187626296788,-37.520089512496895,-34.65479400020862,-104.07897922772068
261,-11.219948850803945,-33.623073164894194,-46.44423193059528,-35.45727962477559,-99.95980278247131
262,-12.611883640594797,-33.54215663351132,-38.73687814704242,-35.53168613852835,-102.96943105843934
263,-13.431853307932476,-31.354681885939794,-38.513970794449506,-35.06684415130671,-105.29387145297088
264,-6.339092720577595,-30.174270354803888,-44.85940392080465,-34.988420531474254,-98.43421651596191
265,-12.76357046869488,-30.999525242010463,-51.03379658373313,-35.368598774789405,-105.12816302575655
266,-17.170370101153676,-34.22470838709387,-55.426758645781646,-35.993820162593934,-109.53545183560139
267,-11.163226281232134,-32.10380173193442,-59.02090364437758,-35.11383136876954,-113.10987766810217
268,-4.021383968878631,-28.21599746861397,-42.789234535850376,-34.82571438742861,-104.42259718911598
269,-5.844929421201982,-28.384685416452953,-53.10548044136749,-34.89721151713761,-105.94032089977631
270,-10.306277705797337,-29.047148010959148,-59.69300113796386,-35.00610751634844,-113.3722991320459
271,-14.173917539183364,-34.54775867783714,-54.334593654149245,-35.60624592203796,-117.25855294730023
272,-18.710681402567086,-37.2333590263823,-65.39310116247779,-35.82306647207732,-124.8552718694305
273,-7.193810784350093,-29.34357491902397,-56.227181627800846,-34.34075471001776,-126.57554103463467
274,35.144366483299166,-24.927018951868806,-34.197357934993036,-34.30139848241664,-97.99254127250256
275,10.911338250936222,-31.949983454510157,-52.52805412313491,-36.54126986889101,-117.70562741477845
276,3.8220130948411004,-36.10338196866554,-58.39975321230163,-37.11686488916181,-123.4994594095336
277,4.719675299791803,-32.584410742458715,-50.48885741987062,-36.871571686242,-116.16468654909525
278,-5.058733990511172,-32.927677638987944,-51.17506487620348,-37.35956472246249,-116.13400963030355
279,-4.593213942586724,-39.487611030345164,-50.40717851781376,-37.35187102936424,-114.95290991155025
280,-8.194361123383175,-41.56490222705238,-61.46282192051855,-37.30873672652732,-122.6929496503325
281,-8.3352243419789,-36.161207117854474,-53.43315164573236,-36.59165568668313,-122.5511746169816
282,-14.696984914914246,-33.15724083073812,-48.26805062069147,-36.78490447262795,-107.86172298865945
283,-10.218735234693074,-32.75757455549889,-51.92979528946133,-37.9237693127457,-92.69575739176962
284,-9.98577130663233,-33.46378603345464,-39.106203669083946,-38.35167513482781,-88.10766975244911
285,-14.019639661253166,-31.90201015193275,-51.08170543723284,-38.38608536049809,-93.91935577065199
286,-13.542786058504742,-30.29814008654156,-45.68532464116926,-38.24125970211994,-95.27117667545906
287,-11.302916639745822,-33.34792382704403,-44.34780186208286,-38.761048535013515,-92.43799959561608
288,-14.695376348243135,-31.704926828664945,-56.36955640343328,-38.682113997773854,-99.6325777468451
289,-8.442458126367308,-29.601588258899177,-58.128273275033266,-37.685282336283606,-98.4679318936821
290,-9.49463834045547,-29.76565777661771,-48.862746731767714,-38.72827422894149,-99.44676259022016
291,-13.25544019528667,-34.46544971251104,-52.513762202253005,-38.18386594467051,-111.22333927749062
292,32.92935724319753,-25.238856898785247,-34.74271988585564,-37.36461287087116,-100.99601764679265
293,7.650253135665899,-34.91440569193166,-50.4946499926196,-38.73746585548523,-110.73241637571047
294,-4.647154172632305,-31.294021628741103,-41.587072992751715,-38.8486356845358,-101.0112184402532
295,-8.549908317651104,-31.83379998409674,-43.08170754630052,-39.56827751727134,-104.54317087389953
296,-15.444779544778838,-32.50847904414124,-42.435297881759546,-39.25825680225918,-104.87171431570067
297,-13.328656116214812,-28.539731418114936,-36.57795716581988,-39.149641227852584,-89.51822646301522
298,-17.03751970760772,-29.312532931364846,-38.54543659147678,-39.906277523716774,-95.17491771307391
299,-17.133576272326994,-26.94785538501521,-40.79971352985875,-39.19694673652562,-107.0118922553266
300,-14.183473749476125,-28.11913928048234,-48.732058092540214,-40.320746223895206,-103.50400922575113
1,-26.59167541637108,-6.647857095162656,-25.321070144097177,-1.6241266071371698,-25.017847106723494
2,-34.99040733683371,-6.994351604276648,-29.98359780579218,-1.1964374574947017,-43.45689019029484
3,-40.51417621119249,-9.901828901647292,-45.88290658151283,-1.8632676397211354,-57.0934431778402
4,-31.480995735989097,-6.9341361635749355,-42.71473882114655,-1.0989430926013355,-64.72219635151299
5,-39.136850345645044,-13.80727697465898,-47.055535493769455,-1.744132423699661,-73.99289725994481
6,-21.766968839397116,-6.235682080982482,-43.76912697323437,-0.1779178010508829,-75.46837544217738
7,-27.132804499573147,-7.475212900673794,-57.12151095439395,-1.2219643944930887,-83.8489257510824
8,-31.37560896601032,-7.8945529018936895,-55.56199120893192,-1.3059843076046618,-93.01460495483404
9,11.377549437047533,-2.906610713792882,-44.7599263817247,-0.521945310202482,-86.00100305542853
10,-6.8447535956634535,-8.481515770064565,-53.05418387952476,-1.506435090185125,-101.77114713248443
11,-17.743635030408267,-9.646209018987829,-58.804617486454205,-2.3376591397612034,-114.07975994944975
12,-24.20367765349167,-11.4889872127639,-70.7777564332561,-2.628147837281818,-122.27330128462327
13,-30.467534926078244,-12.901485591266491,-69.85335724609226,-3.3081593598385446,-130.39286714183098
14,-27.641506416781553,-11.941726452839877,-71.85000978786523,-3.0147355113409473,-138.28529758773874
15,-27.593681013848105,-10.699281285504602,-72.74187717830758,-3.008040568170073,-142.04921749628008
16,19.045844553773616,-5.237186900447644,-61.835437635036016,-1.9319934902412659,-132.85321155655146
17,1.4458728065568103,-9.47279863590585,-70.58204227150406,-2.8092763187141383,-150.61039521399545
18,6.773220201958676,-8.913930752878361,-75.85596763453727,-2.5986466580732883,-143.90316801081002
19,57.80427652088625,-2.7444395360822926,-41.70944493784448,-1.281966352159572,-85.95579572613084
20,72.06180364631771,-5.257675538138534,-32.27040005477684,-1.7433546289551782,-71.7880014628668
21,22.051903927921316,-23.230376763408483,-47.80259583112483,-4.188566718211187,-94.25513549458951
22,1.374834208148478,-27.292792883694922,-54.989424105455036,-5.5754354618866575,-105.79980927588763
23,-2.4087438987591163,-28.331441220598617,-65.96338682777629,-5.995782932995207,-108.75151565070267
24,-8.787522332236978,-28.842268713642042,-73.17139133295477,-6.435724010327469,-116.15992717600267
25,-12.988749786819259,-33.76022354562977,-71.17652154605197,-6.384050785051651,-123.97271237831396
26,-7.5278108906839805,-27.166143231503508,-78.45635135809195,-5.60640216953258,-126.21508467330915
27,-4.733137711288165,-26.254887760184744,-72.07974476404836,-5.721955671955708,-126.66983834471614
28,-0.5711857188792386,-26.395785257691877,-78.9773316201713,-5.227282775910182,-124.248117004915
29,-2.632345823200552,-22.64631999887166,-75.08853909062346,-5.299472546512352,-126.42507422114483
30,-8.897927678945754,-26.10332702180662,-78.90515462934358,-5.823295990574157,-135.10629577986816
31,-4.060527979875349,-24.055010864551065,-85.44648679504098,-4.819564880995653,-134.41867777711767
32,-4.670545591763451,-26.657914759497068,-82.21335292375362,-4.636113828921371,-141.63482988035804
33,43.15655815493292,-17.17215591320928,-65.97807725003472,-3.7122376048469294,-124.50254402005648
34,19.03444520215932,-24.946195000084167,-76.13573631780336,-5.640266447719064,-143.21702792252432
35,9.566172553303765,-30.83025703294733,-80.0523533715477,-6.225559509643576,-150.39322272897687
36,3.461872628488301,-31.12476452128557,-83.16946769228403,-6.651184144130809,-156.99294659263288
37,1.2455756314282098,-29.52296053159455,-91.73383926909725,-6.436300930059297,-162.0367718470403
38,-0.09184060095447677,-29.627282013386672,-84.74867319788254,-6.9845554741530265,-163.16196731710886
39,42.55470073435972,-24.772867475968134,-69.03203440227215,-5.986894065342628,-152.76723837549497
40,12.997327669726143,-28.859758464997924,-76.26291430429552,-7.008610157075998,-161.6384459115013
41,20.06760436361336,-27.03112519219048,-70.46742697615105,-6.228685673105562,-148.27730087537438
42,13.7326826101263,-27.727463069056093,-69.8743106819126,-6.815694855110424,-143.48955169384863
43,7.068219373420661,-30.827656035365884,-72.3547668319102,-7.432331704942497,-148.1520609655443
44,0.0687782985478087,-30.43806445982188,-75.30777636280678,-7.744937680211493,-154.44915636464225
45,0.20042138923411024,-28.635491363858716,-83.25964775151031,-7.571831677102347,-158.1752042784897
46,47.68741886164865,-23.07031082151804,-54.595625870787,-6.268215612482059,-127.51636971137931
47,33.06078770375302,-28.74219438717583,-63.007168976178306,-8.047220487156244,-147.17321578942173
48,20.001884954114704,-33.27117062565514,-68.21411357437887,-8.871442395597228,-156.39845073118582
49,12.413472021203713,-35.65371642468883,-71.77088766917451,-9.41122764172952,-163.52760087437525
50,4.676122611923702,-38.0672029291631,-75.19356463277897,-10.127609432191964,-169.93162384686076
51,9.279923911056319,-34.72447209315699,-73.0685162162315,-9.05279712452973,-166.48472671128692
52,4.538766857693599,-38.522461896423366,-82.24315548884219,-9.897284861912855,-171.04845858696785
53,4.022323871470036,-36.03028059752151,-76.43301875403068,-9.058123743677415,-173.8210008031793
54,9.034628365120831,-34.65297690154969,-74.79955373284376,-8.991603963138344,-171.48834644184402
55,4.4335281448377515,-35.45853683797348,-77.27743799534078,-8.838140416283128,-177.61154496725393
56,0.9678899709745075,-36.18429023131509,-78.59996932702258,-9.688495799226416,-180.81022137265484
57,7.800593498393045,-32.28959252589869,-75.26041018027746,-9.208927804466406,-174.25308594003687
58,3.4606831852039193,-33.83478360913829,-83.90430347712821,-9.526361930463784,-177.53629241698962
59,8.786476070680294,-28.97052816260853,-70.79417704426332,-8.829441470613256,-163.74760726950075
60,9.16178956089652,-31.664332743018385,-70.12122284030828,-9.202583786218497,-162.0591114844095
61,1.6821082465296229,-29.545443933902096,-72.83057492160079,-8.704063929999537,-168.6051047746756
62,-0.024268989811970343,-34.898486006848785,-80.53377011926973,-9.56357457286609,-170.2165730795761
63,-0.9743871194602516,-33.039368446364094,-81.83351946797387,-9.627781844293631,-171.6289273274836
64,-3.3891029307475105,-32.486093806632084,-76.81074649057442,-9.797397359292942,-174.643685679625
65,47.29878879419162,-25.400501300328735,-59.152942419447825,-8.730560327365842,-154.965399757534
66,27.568475145936315,-30.29343702943846,-62.84838952943827,-10.16718770781222,-157.4629396118658
67,19.548853502800483,-30.270005512917642,-64.91458377064397,-9.822687746879035,-161.0037705815328
68,4.186548383617438,-34.71939677947023,-69.39849462016036,-10.692007189707036,-168.3731755043441
69,42.021421684826855,-29.624603512113865,-55.144810482896,-10.223855806702938,-152.91567425436605
70,27.419815105384515,-38.91338641307211,-62.85140633362719,-11.647440134117078,-170.42336135355885
71,17.48937633210177,-36.753041365427606,-73.63575822670224,-11.824315611915612,-175.37827130917714
72,12.134529744460746,-40.46189005484037,-69.18421649767689,-12.607472374541345,-178.70309959590682
73,6.230076141559225,-40.89396552687015,-71.49166744794303,-13.03853959078774,-183.29403188536648
74,6.088896024419462,-43.70293091900068,-78.01372373106145,-12.92730594036608,-183.9210176759214
75,5.1971940972333375,-39.40222295705664,-76.13845198623322,-12.98651469536276,-181.89047870809893
76,5.045491167231193,-39.15874095529394,-74.91069048351565,-13.168106950450255,-180.6249545109066
77,18.204602554302667,-35.909389670233494,-59.89491592672201,-12.060918451101571,-165.66586863901662
78,12.60612452877239,-41.46046278031715,-62.12672034531638,-13.024004446730803,-169.43927051953455
79,10.392957509782253,-38.23673984539664,-68.90940125388579,-12.956779596413213,-165.80994374231503
80,9.218024550420303,-43.08899395934695,-67.7154907544686,-13.240890673355066,-164.24951559129815
81,7.70451442461766,-43.5040235253638,-61.94257683506476,-12.871839636760077,-167.40374458157754
82,12.464935604318153,-37.25014282453637,-65.23608317045438,-12.80528676339375,-156.62144168326788
83,10.532456060569622,-36.555624756908834,-55.981690485495676,-12.176424306054479,-156.22658147324265
84,3.0220898532992635,-43.332942314968385,-59.56003221281116,-13.347856451683013,-163.19743765764787
85,-0.2995320715780032,-41.17804798032052,-68.74828919190264,-13.332964629455992,-167.74263352621148
86,4.635988024073235,-37.473667238084026,-58.10906513103937,-12.20175427856932,-162.18944813372946
87,0.5978590520985811,-42.82798712504028,-67.48506473295221,-13.106457450565726,-166.47080228845905
88,6.581903259110383,-37.349823798999076,-59.73034955920362,-11.888364333462494,-141.0598761305524
89,-0.2208706028018952,-36.740398079418455,-51.68760855950188,-13.462065296597713,-126.47471378774912
90,13.707178173525488,-33.42123701853366,-33.98387013345382,-12.545134447801365,-108.02947584930257
91,-3.1062517637645826,-34.18412006927879,-34.54647492438971,-13.571821097024815,-101.31098014356161
92,-7.309421142444618,-36.18551265315853,-34.2355936493299,-13.217121436963943,-98.67840845853081
93,-11.100069185459077,-36.37976896135551,-36.10215166435962,-13.678471910572057,-103.23190969718236
94,-5.075906999610915,-32.550839436755865,-42.568848145528875,-13.001118700153471,-95.17652315013984
95,-9.83938410090139,-32.27739656220363,-38.60508236762137,-13.279220175346415,-99.41589880902453
96,-11.625988100976045,-30.959699651427922,-38.33421946332149,-13.222130664801037,-100.24070316361684
97,-9.35631410894863,-31.513855480048747,-45.892372879347946,-13.30297352874716,-93.76938171797336
98,-15.881218513491435,-32.871318795350064,-43.01554992899874,-13.68969985500592,-101.47051173879929
99,-13.426316879057065,-30.886632934206336,-41.99559719344001,-13.522601751619078,-101.10150859922538
100,-12.448429950476738,-32.876741142878465,-42.26664395137318,-13.187799010119006,-103.18444080617954
101,-18.980384032940822,-38.0869589932816,-46.51189369492367,-13.618913088061932,-113.1336724099279
102,-15.185434742275508,-32.064022046613445,-55.19930121863595,-13.055792955543113,-116.33914530566385
103,-11.436886374935046,-33.5659675317939,-42.40770882857936,-13.047598541922016,-113.67872876582666
104,-14.392594650605645,-31.923533886914452,-54.069896985195,-13.161831763369685,-122.72411674916978
105,-6.4132367074659555,-27.80311504019368,-42.928127018246556,-12.108862254082798,-116.53717935009631
106,-8.405775338170436,-33.86579482066087,-43.91859586110532,-13.28766083613951,-118.63990070088579
107,-11.226759314211169,-32.26089850736234,-45.54581207815428,-12.971967574678308,-123.5867781201171
108,-6.826324630257668,-30.31559880497389,-53.35311677786734,-12.239978243522193,-122.67374286057921
109,-8.589557581003387,-27.14320195503945,-48.0713487863432,-11.512232907047489,-124.9949926719888
110,-11.742211399433518,-30.007882389945063,-49.651125513904155,-12.599945140032245,-128.8900552075895
111,-15.0187032567372,-28.939148047690516,-52.15684411307238,-12.663461863995623,-137.06643149282345
112,-8.925556617139199,-24.45564008725437,-58.094184563485456,-12.20329485647759,-133.2881695641716
113,-13.718650462401644,-23.243585990173422,-48.78865533854883,-11.384966674603074,-130.0191966352198
114,-8.144601486769353,-26.027476653393606,-45.462661076386354,-11.63041454581549,-123.7368630453119
115,-4.176508390332421,-23.382310527226604,-52.93089621140537,-11.479096704576484,-120.5823268959536
116,-10.05962701105212,-21.39686703533865,-59.75226969673747,-11.026490257464188,-127.93544642666781
117,-15.352085952248347,-25.042468398090158,-65.9585973608836,-12.141381979623613,-134.40330460961874
118,-8.149111364291358,-22.610776672524327,-55.28309937494236,-11.431346124149679,-126.94222954033195
119,-8.248720796153838,-21.79838736904948,-53.312627102941875,-10.60613344174876,-122.58512791713528
120,-12.301976253035434,-22.982376386674524,-64.19790915840125,-11.48107405650883,-127.71085485298755
121,-8.762404389544773,-22.365643448039577,-66.6626917626747,-10.58800115480318,-128.22890929383937
122,-5.839630322040408,-20.98258015122145,-58.87603792930875,-10.190782274392795,-127.29794322421621
123,-14.320633292400444,-22.317139928250246,-63.22908587352524,-11.12204833610604,-136.47572387370673
124,-9.998395532170754,-21.458366682351105,-71.76773951851992,-10.038235360285798,-143.7136242678562
125,-6.891924896928829,-19.892301303485176,-59.58065322915271,-10.154973848964826,-140.96083450414474
126,32.823229500405816,-14.627858494235321,-46.812023222369206,-9.769413469203826,-131.39048827538204
127,17.33234329253055,-19.892214615343857,-55.21607852938988,-11.28096294004064,-150.31564294832984
128,-0.7658219142148717,-22.41163094746739,-55.61647079466013,-11.401943213918276,-144.59240233060623
129,52.789278113153784,-14.942111953768388,-29.17466165978949,-10.990524543622273,-98.61836432113952
130,22.57390837365794,-24.264464559010168,-51.10528177223483,-13.643777040662666,-119.07435406873243
131,2.81779978031485,-30.651689786569566,-51.450018777399386,-13.698014543888513,-127.36713032672806
132,-3.450987571403381,-29.441718415670277,-52.50035073497473,-14.56276542877783,-128.58992294485066
133,-7.412492606521656,-32.78003663358333,-62.80036410257874,-14.976693672226801,-132.47204048636365
134,-12.081624567137238,-32.956933491633606,-68.26616903133446,-15.295729615309764,-138.2756911393419
135,-16.899445279394328,-38.15121797579131,-65.46958255692348,-15.628782781244498,-143.8138234058073
136,-15.861535080942037,-36.5668747837099,-67.1999509484898,-15.477217693552069,-151.0380748075883
137,-6.021893120610786,-31.7221829564521,-70.41566737784751,-14.21867905615206,-146.24783564043761
138,0.06378320281936212,-30.133361797669018,-63.76257608367518,-14.750060982796104,-139.60291971095552
139,-0.7529265522526849,-29.76969173956456,-58.75701806921195,-14.74068886475751,-140.15390883042045
140,-3.95769614155169,-28.175814065780514,-67.56721652182978,-14.165446554967074,-144.20194496901462
141,1.6154404816047112,-24.805923360714434,-54.570641998633675,-14.604594634245005,-137.07524547984977
142,40.35575462154383,-21.242884490457428,-39.86397256807986,-13.88772140406362,-126.35587578927212
143,16.82370591666699,-27.158630138842348,-50.20546727328142,-15.361360903697214,-145.55174802696456
144,6.468147213744331,-31.06786267173868,-62.76415216588005,-16.201696524709075,-153.4225620092544
145,-4.731539248101294,-29.346846838276406,-59.87237576414646,-15.753541480556239,-158.9257466464023
146,-2.5991785420342843,-31.85378097139867,-66.58516165168656,-16.677802811749455,-156.61475263344445
147,-7.26991024852213,-31.82379267821324,-63.03684507704086,-17.005999819182506,-161.44109151810284
148,-9.437618319262006,-33.328315716333464,-71.52035573320008,-17.02261681902468,-165.05654357637275
149,35.30021193233976,-26.3118725788875,-54.979230891951765,-15.98474243673597,-153.6199694280201
150,8.782136306172134,-32.21956007159372,-64.70999278491027,-17.635439951996826,-170.46303506585156
151,4.243884236506126,-29.905496134015532,-70.54822132170847,-17.10523272385945,-164.38038007953952
152,2.297925215099969,-30.26125759410511,-69.00508784526069,-17.987183678522868,-162.49711083448915
153,0.0516066383373186,-30.492927592177786,-61.11713356758987,-18.13639031121645,-163.1724080517585
154,-5.547607158243702,-33.81155524385716,-63.32124392708148,-18.466107244106247,-167.4318540081095
155,47.02151807947826,-23.754630733646593,-39.3365363544174,-16.988591309285987,-138.02172899986803
156,22.51294071952474,-34.91792545928325,-47.23028537211716,-20.020415505335777,-156.73287002808812
157,53.053705123168335,-29.075056530583,-26.21557864894785,-19.42837001804589,-121.53799741504737
158,26.698149948924545,-38.05703558543318,-45.70668483953456,-22.104697756233055,-141.02161272766506
159,2.233616024717737,-43.01927815386659,-53.69204536487718,-23.59849421997355,-145.97499664267997
160,-3.143215597358603,-43.934315593912416,-44.608985269011114,-24.181713660983203,-144.98592450010653
161,-4.343917635760695,-45.23439716673709,-53.70242881327158,-24.256788547640582,-147.68446723472871
162,-4.524021961258795,-43.7626839214427,-55.67950491205485,-24.09914372060751,-150.4598592314383
163,-6.075349485617451,-43.58309608535584,-57.806202190110625,-24.168691140221036,-153.18600563614697
164,6.6758064754846025,-40.37092479626461,-42.859884211154636,-23.381005952416306,-140.84812078674702
165,-7.95056841663772,-42.8275491464558,-47.45654414297239,-24.013766798151334,-149.75336562984637
166,-7.689271870566133,-44.19853757202806,-47.2062069605045,-24.529439361555472,-149.1032401385996
167,-13.227434306263055,-48.52870470417191,-57.49376184994809,-24.972492356411223,-154.95854857470928
168,-2.3684259020217127,-45.6442816551525,-55.37448702977347,-23.34275752149503,-151.5396328578863
169,-2.406967308364438,-39.31984468280755,-52.86339270688443,-24.33398626048812,-148.7473989424875
170,0.2590835729190637,-42.9207617929272,-44.83637141424895,-24.281542651794695,-146.07272003774838
171,-5.737838386238433,-41.80225501670398,-56.13943762718654,-24.698108012101635,-152.50751106214713
172,-11.004067938675162,-43.11191103784401,-53.00871898562825,-25.233905608792785,-157.63248407387124
173,-16.564495042395812,-45.80621976485688,-55.81743412738098,-25.678739777090442,-163.24783185413142
174,-21.65181566569685,-47.51677191281536,-58.36319319928361,-26.085725426954525,-168.27787885467473
175,-12.917562228865048,-42.53121388503105,-57.8487067435161,-25.183193278542355,-173.6330846902756
176,3.150533379418917,-36.556998002788404,-46.18521796503729,-23.36816327186756,-151.35638232303197
177,3.1233683208508722,-35.79684408694804,-43.04630826390124,-24.845633647639414,-142.53633428853803
178,7.23841007279368,-35.1369785593774,-49.301553983770276,-24.60419221307408,-135.8008703936585
179,0.6594478304823603,-36.80311196906355,-54.71867277443904,-25.37713217876007,-140.8830479470544
180,0.6624322938140352,-34.57310597778993,-55.9827466237457,-24.787718746041154,-134.79645045446543
181,1.525350628363494,-35.72313076871514,-44.607499459989775,-25.584568583672645,-132.66232196432537
182,3.8364735423691556,-33.93268985745549,-52.230372441414815,-25.23929086510095,-129.15373555259075
183,-1.1466590424483236,-36.51470300024617,-55.863689924947806,-25.745566158418335,-132.6259332899919
184,-7.322936152546232,-36.78731846274594,-53.30260087087453,-26.00425743049158,-139.4266084193595
185,-12.686086962405644,-37.12880360633416,-56.20456611132669,-26.483646978458285,-146.2567118504668
186,-8.969595417825587,-37.03014635966687,-64.46411666749307,-25.799574841870825,-152.0109888050162
187,-2.164167333828276,-33.44932317129597,-54.05405511069899,-25.634633933163926,-147.652602350783
188,-10.95979441040057,-29.428452798019983,-43.85216138012484,-24.706123478891374,-119.560090422869
189,2.662688094205482,-28.768440337191517,-39.62326114054189,-26.991359110221833,-77.20485675183076
190,-4.535873626616308,-30.554416205661425,-44.97901111728379,-27.731310376929414,-82.03673027095027
191,-10.055934394743389,-31.22984917019411,-54.44628891963714,-28.02791361376552,-90.07800191436247
192,-15.011948121340879,-37.1559939716162,-50.082095053074895,-28.1833235609208,-96.01440069906904
193,-21.120431981902797,-34.9275834187063,-62.86978036393994,-28.523414677915135,-106.23528011813609
194,-27.630974942757387,-41.53754402610651,-62.289423596369495,-29.221012237646185,-114.79387790133305
195,32.48927853639961,-28.82295394453866,-42.76055465329347,-27.03890006279585,-106.22639591522315
196,-1.32476045635158,-37.151262481176985,-50.59122333660995,-28.59203132008502,-120.28759006360028
197,2.2230454930172776,-42.55053757379905,-47.815801317609576,-29.130739679007064,-114.11817422687932
198,-6.188254282655022,-41.930568319288305,-51.951427315130886,-29.732287128834734,-123.27943483755399
199,-8.486509072845204,-40.67266957796609,-54.753001593901956,-29.47356998978396,-133.34558549038988
200,-9.22567593124985,-39.62979261280823,-63.36589825793554,-29.771000728082306,-136.6183763546782
201,-6.534128186995737,-44.79410001598635,-52.009644906869624,-29.95376771677482,-134.3931337536943
202,-7.135239003501786,-41.1655482224622,-53.64265802366969,-29.25105483715246,-141.0946591137913
203,-1.0806534573677382,-33.64427433569679,-57.39165799857409,-28.608347672790938,-131.06492764990045
204,-5.81153718366164,-34.59388916825391,-46.933562198501726,-29.2996856988116,-122.80717806989465
205,-7.354026769912254,-33.999702618591044,-52.48576447638906,-29.2631127372536,-112.4566343363246
206,-12.623188458201062,-32.81667544085581,-51.433792789388875,-29.987292397404467,-110.52280881925904
207,-15.523987278143196,-33.160904671305865,-38.671255995389515,-29.860893356333563,-104.5369376166924
208,-10.678284876784142,-31.949479070966106,-35.92593977820998,-30.26467470724058,-98.70022131764713
209,-17.928177608125008,-34.756728713932304,-40.76618807461324,-30.335349652279646,-111.22783140523602
210,-16.930427573857383,-31.358938910487897,-41.66810615077797,-30.328065666680025,-116.34488828237218
211,-11.42661942612937,-27.84890778732874,-47.81610941846108,-29.398495474193496,-112.36199713797278
212,-9.955855752734742,-32.91121568562157,-35.677061758459665,-30.27821104873431,-107.16743320012861
213,-12.089195962658806,-35.09534755166767,-36.630695555858864,-30.57458052890252,-109.10342988199001
214,-15.754485298057432,-32.28452353005345,-48.57620902160626,-30.42499047957083,-118.36308046978607
215,-14.544611455831742,-30.72245478170655,-43.251646490502274,-29.780053351620204,-124.50954952414995
216,38.80479603024357,-23.358368188138307,-21.462383718492323,-28.928240337871674,-100.6846468618596
217,9.078649147386542,-30.086933731712264,-43.3524976077218,-30.699593351507566,-120.6478454286917
218,-7.4207278758734,-31.20363542022708,-43.24298541375309,-30.593726991954384,-129.08974156898117
219,-5.921793679056973,-28.293734040985733,-40.07498152900253,-30.211663261881295,-121.95769379578718
220,-11.34354743676209,-31.010676670821386,-41.03541420472193,-31.470653195020862,-123.11764596243877
221,-12.617573902246583,-31.0973466452539,-41.91310873076924,-31.537451163426105,-125.93715951116079
222,-19.856467395431828,-34.15764859775702,-46.07179751029368,-32.276728270134484,-135.43650885303896
223,-14.793169587946789,-28.257576173462834,-47.432029988690516,-30.661028005318908,-119.69124696314654
224,-7.457298415797871,-28.353270343375907,-23.572391209433782,-31.17512470839545,-86.80536087973384
225,-16.24869393008645,-31.661599487192298,-30.705968023665065,-32.40760224158142,-93.75768012239025
226,-19.104596420889017,-33.79585987252682,-27.005423588109974,-32.66365179320571,-98.57722915527962
227,-24.523145122746257,-35.85758289865718,-30.853341146881306,-33.19419277212969,-108.06222602205625
228,-25.460276222064543,-36.31157822427231,-33.34067351918524,-32.8281049255159,-117.15231508391861
229,-29.881506007340757,-38.04442375130875,-45.10510407626076,-33.45674364449963,-124.91300708122631
230,-19.912681592301322,-33.794946713261744,-48.55455839808568,-32.476698970386074,-131.8050232483896
231,-17.138038817393014,-35.269396316763675,-46.96341351043,-32.458123366743806,-130.62060988105137
232,-20.81400840356698,-34.155872375689064,-44.73908192508176,-32.52775356228168,-138.17605518267612
233,-18.334797702853542,-33.807555623720674,-46.42038650512676,-32.27444937140873,-146.78796544265924
234,-11.57087449427139,-30.617041448884777,-52.65202437318227,-31.80792277263117,-147.22452697359742
235,-10.550761830795363,-26.217080920156207,-38.51623954427846,-30.605586171821013,-138.02014216903916
236,-13.289323820186397,-26.41359400704217,-39.278117147755616,-31.20430205418626,-140.58340870568847
237,-10.579232165633535,-22.149931261610817,-36.615562909690944,-30.27426110829798,-135.2810148636199
238,-13.123000844154273,-22.48563663144972,-37.3495818001108,-30.48005654049601,-138.52055452638763
239,-14.119454607514067,-24.201703887878892,-37.707919318808614,-31.435057171341636,-139.1319213836214
240,-18.133052651995992,-23.62730395683409,-40.79379284659197,-31.477145667331047,-148.02912925022343
241,-14.287353242792467,-21.326001281131983,-48.182554677629355,-30.72588700708325,-149.50622328114062
242,-17.952571975669382,-22.60376903867359,-40.83124417410805,-30.713292249675114,-151.95619834109195
243,-4.514090357149593,-19.27851606035625,-42.963785437791756,-31.266194925651977,-137.62215020684891
244,32.707458508977574,-15.687350813938933,-24.228939865029467,-30.384358591001565,-128.4098741133141
245,7.6788756400309985,-22.489057916101757,-41.927108097303524,-32.12730893602219,-140.73444116439254
246,-8.82569172184083,-26.86428961721931,-39.2576973587864,-32.59562267767873,-145.5751606832295
247,-9.517570802097818,-25.18090640610888,-38.786741789743665,-33.420357129462154,-144.4847556894746
248,-13.474378788631462,-25.07345823759313,-40.99464951136825,-33.52628011921495,-150.1158369794092
249,28.941559303585507,-20.307183015395157,-25.714126328165033,-32.60019728290412,-141.13280162215298
250,14.586479026958788,-26.844201714679997,-33.34596536900611,-34.0170064369227,-159.72524788244212
251,1.1992719950016841,-29.190947677431677,-46.370109166583816,-34.805776507347055,-167.4273846909129
252,-4.85865844090859,-28.39181113008524,-41.20361607200708,-34.43344017714269,-170.53102123588718
253,-6.617374452114918,-28.27627765207704,-41.76801977929635,-34.969698492027824,-172.27217160275896
254,-0.37604573644998496,-25.7716535934879,-37.0327149443572,-34.541172396022176,-162.17789604399547
255,3.338679537597045,-29.713486392965613,-42.769352393291115,-34.28441423247098,-155.30448785413427
256,-5.609896032722034,-26.641542394570763,-32.16845368233422,-34.9497490266971,-135.18891686011108
257,-1.245096278726308,-26.856001083398297,-38.12593188475575,-34.967467461302085,-126.4142135994854
258,-11.37043412923856,-28.91985127916158,-45.82716272441322,-35.48093293241544,-133.94158979796046
259,-9.13808611584035,-32.52579934654263,-35.82615756718157,-35.12225931954932,-130.31273766437005
260,-9.520222069400331,-27.880227865792435,-32.99506898460306,-35.253436127262496,-122.31653735573612
261,-6.9061604372937495,-25.479174933626616,-30.242600958143505,-35.09649289019916,-116.21333726213162
262,-13.627623894562767,-31.66448092627877,-42.072952401970426,-34.96958708440017,-123.1762372022387
263,-11.3561281420677,-25.19221090821411,-29.13354878408915,-35.54667285413753,-120.05349690562619
264,27.170354147083124,-20.563417634468944,-13.88618574763727,-34.78178747893054,-110.49282753943581
265,18.93062797725544,-31.250461524776302,-15.82318606826494,-35.745855025952835,-121.02658780949801
266,2.2157683669726964,-34.63306746668525,-31.91006903260491,-37.10699003194171,-131.57575374363165
267,-6.408678332980035,-37.295009191771804,-30.747094218750487,-37.82546918309305,-139.5115002783964
268,-13.37509335075329,-35.276260317733836,-31.96967567824128,-37.905695355533744,-141.523792330308
269,-10.861435204188389,-34.37229331926277,-29.58910144194896,-37.80895044951061,-136.38075966928574
270,-8.974281904898696,-34.90742216346621,-27.57718876092796,-37.84479759498128,-133.04822343075563
271,-13.22084049594307,-34.34156681284888,-32.08472320088713,-38.12908156994925,-114.30191631311916
272,-7.874756650936835,-29.956461262095324,-20.222862059133995,-37.256125061091424,-94.80166543924392
273,-16.74165848518391,-33.79769026664681,-18.351813956754597,-37.35838418231809,-103.36090553333239
274,-20.001426962406008,-32.21564485170313,-30.256231072722,-37.9396801074806,-109.3811832068964
275,-12.299023905808728,-29.579238934546186,-21.08307292562298,-37.45344798341729,-104.48100003860355
276,-11.352038869880552,-31.214356358194234,-29.685980741660657,-37.656623643554155,-99.72110978210283
277,-15.465733676956066,-31.644643739923865,-26.7547124835867,-38.08843451368016,-104.75239714820262
278,-17.423492792233134,-33.27496120947826,-28.96548630682083,-37.90379589587521,-112.59306767648538
279,-17.65724977500571,-30.504970718362927,-29.030625249084647,-37.9060018342872,-113.85551827410943
280,-18.746379451606195,-31.353412411311055,-29.9028077647496,-37.959288127363905,-117.22076995448936
281,-15.524445109806742,-27.36486306460425,-39.79182560283779,-36.77358552975476,-125.80137155555019
282,-6.584314400062745,-27.362140638011383,-31.090917753905938,-37.6634196097092,-117.29070150456755
283,-18.301581825446835,-31.832375466385948,-33.472731394836394,-38.73807574320783,-128.772621523257
284,-23.7757211670378,-36.55695128153356,-45.21897969516437,-39.1760068905351,-137.16331039663805
285,-25.910274111331276,-35.56655092262385,-41.530493703371114,-39.34677112607859,-142.43512892133998
286,-26.514913165167087,-36.105095339958545,-43.53937896767876,-39.395142250385476,-148.685461149896
287,-9.469693069396424,-30.393114638909992,-47.35852368504787,-37.95088239982829,-146.98451780856283
288,-12.83214500737796,-29.271583959288815,-31.252624543649,-38.16814046659231,-138.1354454342206
289,27.01576738868878,-23.691463526899124,-8.157694228090197,-36.99042365208826,-104.81199987806866
290,32.27033140151775,-34.56862644311336,-19.539935621731434,-39.102610519270634,-126.92045297898306
291,-8.677469004967577,-42.35043608356331,-26.970297840224656,-41.81961065016202,-137.35965184992034
292,-8.054076050289439,-40.517115817940926,-34.24545370219606,-41.608699335400466,-131.3718865837694
293,-11.181154503364276,-43.52632464293383,-36.994538528662474,-42.31350277420485,-134.039953133797
294,-10.918632968596437,-41.93681558938688,-41.49925215067253,-41.821785404295866,-140.3271323257135
295,-10.548512240349249,-40.293248749655994,-34.13430721790475,-41.73756120560621,-143.02509160870767
296,-11.62952243856731,-41.36962768852767,-42.31447236476595,-41.18658748440461,-144.90886455276782
297,-7.074036805186671,-39.673860801556,-27.983114977077435,-42.23900622608599,-139.65154424696925
298,-14.943418211540408,-40.83613829484625,-31.932998637613778,-42.868556738594286,-147.64733085436453
299,-15.923713848652152,-40.916059756534004,-34.260393944107804,-42.70723693451803,-155.61742687213464
300,-16.48916137000881,-35.68906411573052,-29.547411132416364,-41.25332287159309,-143.96287252197575
301,-15.34119453874424,-38.37664471640984,-25.137600743173373,-42.52244846925875,-131.42160750310578
302,-9.576996445140594,-41.63811745180032,-22.274344103760313,-42.79828733028308,-125.73729564709465
303,-15.17327417876384,-39.062809554476345,-34.82337556667379,-42.89451940583609,-136.16786713827582
304,-12.549770479670538,-37.49947640075866,-24.246050952125113,-41.80694480430855,-120.5922049166121
305,-12.459064046012138,-38.36591438785987,-23.174711719474455,-42.65314399454199,-119.35840827016163
306,-18.306690863343857,-38.78357376848916,-19.53906544409453,-42.968361836690505,-122.58923157217222
307,-11.231455297374387,-36.377923268478206,-21.91599268086235,-42.65907778968695,-99.76380109489864
308,-17.34803629489761,-36.80511072743666,-17.4903480518852,-42.79925501107933,-105.66707691513264
309,-23.780663656518243,-41.00566239020068,-30.162430585917374,-43.68257982070794,-112.19484007017454
310,-20.305862688899705,-38.42588240303511,-28.53527110919314,-42.996352823807484,-123.32186870948678
311,-12.610533087860553,-34.99041856402091,-24.794453111016487,-42.7235168723839,-117.25888555710497
312,-15.210140609253209,-34.47885064401738,-35.24585082187037,-42.87574089697911,-120.02951395361131
313,-15.290324335051737,-33.883882621529295,-27.935530318274783,-42.297824011400444,-123.54998923778521
314,-21.589040044564026,-37.433445596520656,-31.59522148252898,-43.29879994345015,-131.53748662962207
315,-14.138264674661015,-33.583083260360304,-39.17158061121696,-42.079975558349155,-133.6710279151392
316,-14.463315440773103,-31.91889767434145,-32.71340987319206,-41.82952145302404,-137.86901459360797
317,-14.533099933556741,-34.07724532810095,-41.59575892864015,-42.627382284673125,-139.25139147154357
318,-10.455601672192296,-28.455585576154885,-40.28877220940291,-42.06836549765075,-131.61832593588062
319,-7.5415947395672625,-29.244131151315212,-22.968711951377,-41.74092723175242,-119.899466123176
320,-10.324538091951363,-28.471872551248246,-32.96140259948446,-42.054546112274544,-119.63158421934948
321,-14.452378419554776,-31.359398972934667,-38.3253311740886,-42.28570911656134,-125.51542179749121
322,-14.166090622200386,-28.41644150528571,-42.01556728740522,-42.111695466375636,-126.80743131979958
323,-17.337663549077007,-26.947196145441872,-31.3016851318149,-40.93508455040928,-119.86777004373414
324,-11.29628793623065,-24.802985594865277,-18.84535328932121,-43.18145386810752,-82.25013785759059
325,-14.095508952640554,-26.82968392520812,-18.290112125584855,-43.547920101420694,-78.77452598097607
326,-20.536254282854475,-27.95070509942209,-31.516840247162552,-43.921697735457165,-84.70934550192524
327,-21.130928295886726,-29.57935384988536,-23.148459276222063,-44.13550049504621,-87.16822438638007
328,-20.735867784053614,-26.955154953019974,-25.08365536370274,-43.89007611455324,-95.37335611445006
329,-22.470996431943973,-26.327630937794822,-36.72968203294149,-43.976091325634066,-101.156004998867
330,-20.44100639110028,-26.301164695509073,-41.852598150833956,-43.56274517156421,-108.28304532062575
331,-13.692108866175353,-24.342458791468907,-32.20649233518408,-43.20517981582472,-105.10189428700573
332,-11.525922422014416,-23.80302537244521,-40.41433201279342,-43.51940851621624,-100.74131337311283
333,-16.391565980466133,-27.868024610789046,-44.954047777720234,-42.71818964007124,-100.92547082166637
334,-0.15746429163692355,-15.838432988919202,-28.249886168824386,-43.94741961214123,-84.10226932685595
335,-18.617989290590682,-17.825052768785334,-32.88967612946063,-43.88515619132141,-99.12052295775563
336,-19.362383098529204,-16.90861726308517,-33.52038380480425,-44.596211793678485,-101.91743876108606
337,25.03479992598998,-12.169424128137173,-19.961861450251696,-43.54900258159141,-92.05060612734503
338,-5.36981863960402,-22.845747384406366,-31.7635489861096,-45.10305536864023,-112.34746537829734
339,-19.3955968835637,-22.611012750829385,-34.88275230357181,-45.126042269408785,-119.16164367734652
340,-19.003060319973006,-22.906737826985964,-26.47321782943425,-47.30043133009853,-91.78544954293356
341,-20.401799701948807,-21.385422497727788,-23.698409351076727,-47.66724973856818,-82.83602392647198
342,-15.139568915759025,-19.500154083652635,-20.181629380478284,-47.13213967624583,-74.837976062841
343,-23.387341080764898,-21.984178232544622,-24.63885750642529,-47.92618688067021,-84.74245676009554
344,-24.182978384087956,-20.41157923451945,-28.351747053802598,-47.08494235065883,-97.77705814917297
345,-21.96231772791466,-20.465950492060394,-28.886806515789804,-47.52377028877875,-102.3240002012544
346,-20.465411017766098,-19.669085828399083,-27.128281296072092,-47.433596139828715,-98.88989258268273
347,-18.398742216987507,-16.34838775548562,-25.903257002784326,-46.72023018967203,-97.72105132118247
348,25.729586274013343,-12.096409265519272,-8.582851959982081,-46.04945792017442,-82.95773983786232
349,7.268832638033512,-19.43595231832847,-16.14114195065393,-48.249811663991395,-100.95444872349623
350,-2.087564822092041,-21.42376547399012,-30.701469629967608,-49.08512958377157,-108.32208415657365
351,-13.723404841244273,-25.933556699979604,-32.4399263457766,-50.01599678530375,-119.62514080159255
352,-18.101527432437305,-23.739188058037318,-44.369241720377275,-49.215947344391985,-129.93276395053425
353,-17.396282468481985,-21.695587825896144,-33.0292214224997,-49.806379102536056,-125.50479843902204
354,-12.872571162474847,-24.392447726802025,-25.953170191028423,-49.2451345273627,-105.6603453100624
355,-17.889270999620702,-21.529577964849373,-36.34231936775254,-49.05300036712243,-106.51001932146792
356,-16.873009727026812,-22.046465815272022,-19.62002776832821,-50.396399422378096,-96.38291707046666
357,-16.819699018521117,-23.024657860099204,-18.957751797761894,-50.63229121240254,-94.73501796172312
358,-20.747630833570533,-23.007508418072796,-21.546619338803254,-50.74836154679873,-101.42369610583455
359,-30.084364826845913,-27.14941363460155,-35.89173558487336,-51.63161758744106,-112.90705772272318
360,-21.03677638433453,-23.02893488388788,-41.221476382857546,-50.820771131559766,-122.27399981262738
361,-18.880799905813657,-23.831969210671325,-27.17567798772957,-50.683844815389605,-118.35008062054219
362,-15.44216610501092,-21.354312527450354,-21.09630568798743,-50.8454603224626,-101.15736919980868
363,-18.123474474403817,-21.251827808017683,-32.236069672438845,-50.214028351640174,-104.43685886474547
364,-19.735546543457204,-20.719450905643377,-36.534336238879774,-49.95750034523008,-107.21089694509246
365,-19.852598628972874,-20.26692484036687,-24.69470238559787,-50.73822560153561,-103.00445146010996
366,-25.879504218327856,-17.790949042468547,-20.640510254202496,-49.46076528260831,-88.77256367975053
367,-10.823344494330813,-17.737774365222986,-22.85944004156743,-51.343001662545355,-67.77032552498268
368,-23.48733826374956,-26.02418606826387,-35.6614156174702,-52.35612116409885,-80.63506007142095
369,25.09948536226242,-16.85826377207423,-13.23284074121016,-50.61425972200421,-65.95205835117171
370,17.936424965988465,-24.70049498932636,-17.4109656390528,-53.067956921152486,-89.2678597550846
371,-16.912240743349027,-30.995374924308425,-35.37190394582119,-55.23905224200047,-94.24864034443638
372,-5.004591038139324,-32.0900792693883,-19.47121002794066,-54.011515496193866,-77.59407972097273
373,-23.387487016449224,-31.710870890690522,-22.107684466537485,-54.03286901990707,-85.56058279320523
374,-8.306450117906927,-32.671291287697606,-13.724912462053778,-54.36382569985226,-68.23132095702528
375,-19.6226267909201,-33.97702192801005,-20.237327192024075,-54.92113066113706,-84.04769970531791
376,-20.92240640488224,-32.17165698886445,-20.984764950217482,-54.90932162964055,-88.17574018499269
377,-16.475519211815325,-32.5528930216085,-28.796433333454523,-54.95029234257011,-81.64804388158721
378,-20.762163165289696,-31.663304615956587,-34.188713814068755,-54.376503910903025,-86.29378997313087
379,-19.446978540627324,-31.124593814826397,-29.870518487744903,-55.34217413369793,-81.62624287258924
380,-17.074345067248032,-33.0153060434731,-19.949952829196235,-54.529040559153884,-83.68018986911096
381,-18.4065959174724,-36.53548454832901,-20.549228211929538,-54.68011080163474,-86.12357615028029
382,-20.728713647384726,-31.736018351219915,-22.078003281955993,-55.12815944154997,-90.61657067776382
383,-22.0506763302541,-31.513044970824808,-33.8115012654874,-55.15108661214558,-96.3477950029203
384,-27.634502545278583,-34.64503085155206,-32.973161008222746,-55.4284017052419,-106.21046752174796
385,-21.014661340134545,-36.18563012364282,-43.551539608361125,-54.426673086728634,-117.05402246187464
386,-18.362805458906784,-31.129551535613096,-36.559564483950446,-54.19468721213107,-121.32157722987324
387,-15.917662391983226,-28.518812540670147,-45.85034049325499,-53.280905874824256,-129.28979760504234
388,-19.623926697876012,-27.343793665881968,-29.95697806142375,-53.65496701158682,-93.33253644954883
389,-16.94321950336071,-27.507135085271827,-0.3521481358419969,-55.3599772572667,-52.70486418121959
390,-27.95221586165638,-28.693068195621287,-11.065743460914815,-56.56249250450432,-60.32387884283967
391,-27.59545031193358,-29.70860112576292,8.82928537997402,-56.65921134523188,-49.46773439798314
392,-28.731965356257607,-31.06796602730552,8.052921177707317,-57.18365775378727,-51.13920725519368
393,-27.689448869442487,-30.805104573473578,2.35536909423457,-56.81510342648249,-69.07379160714551
394,-27.077727992839346,-28.373512464483404,-4.472751528008313,-56.85261456555,-46.004240589027205
395,-28.51653266876813,-29.5602138297811,-6.921717280758482,-56.91749281595563,-48.673802079954555
396,-28.81600569230597,-28.37016896977621,-7.391491670402424,-56.90243430306247,-63.774734306517786
397,-32.32478625541452,-30.650757926900397,-9.499953001431255,-57.523200738443904,-68.44526689950976
398,-23.75447129620541,-28.42579101344395,-22.75160841457831,-56.8531063504174,-84.83757667576761
399,-27.126135167091462,-28.469593017116907,1.4994519648952966,-54.96000773997938,-67.06570320425473
400,-24.794592280136964,-28.416375657855806,1.3879181923793702,-55.341872341823276,-69.51799601059392
401,-31.100175594724863,-31.216105831099647,-14.313427967716347,-55.37409206256258,-83.1536276669151
402,-16.870297520744828,-26.12105479170123,-7.8646424051353865,-54.54651230054532,-84.18583504921325
403,-0.9283251140866611,-26.2924382100885,-9.380661323036568,-53.65914970434432,-51.558892684350376
404,-17.916933225878935,-30.53406308010257,-25.548990300260748,-55.146078055938034,-67.4924741321056
405,-21.73090617138731,-29.060704956094302,-25.475780876221062,-54.96810720669045,-78.78050857065585
406,-17.413154879625452,-31.324951469176845,-23.79993783318288,-54.501733076829524,-77.2056254901202
407,-17.700273293567385,-30.806745309805148,-36.67474018776963,-54.57231642907638,-86.77084019617452
408,-18.98546429380559,-36.15043099774395,-28.488998098484263,-55.037747293905895,-89.00666023426184
409,-23.58073387950629,-33.80037819364081,-32.46400227093867,-55.22341939881272,-99.870577098242
410,-13.143841513210809,-32.26107872364415,-29.402497873963554,-54.44523379781851,-101.8634007484734
411,-15.236869467997892,-31.618163381450522,-23.400057604222805,-55.07099242214813,-83.58877071013517
412,-5.416564014764379,-34.55690994565123,-17.529264823097805,-54.93830149568912,-70.80747465651292
413,-17.736634443511146,-35.54097741070958,-34.39177642193219,-55.32537655918331,-85.25087867448295
414,-17.314323259761206,-34.96474964269646,-28.56631509018977,-55.38856236931793,-89.99327017866679
415,-23.47035853652839,-31.245442488572007,-36.063557036236496,-54.149605663181745,-81.09370657398381
416,-12.129332423992961,-37.84395780477209,-9.74784600609787,-56.12257317008144,-51.08123033427381
417,-22.95742730924817,-36.964140224444265,-21.227477961769708,-56.646700094720394,-63.02410208138453
418,-4.53958216744789,-38.38785993258405,-0.9564128827449885,-56.56889589341495,-42.32071333522383
419,-22.973769773902067,-39.586637123415976,-6.493633627542615,-57.56898688839022,-53.52874515311272
420,32.30977196525403,-40.47629819876712,5.82910807436317,-54.85854154410836,1.2779514623127
421,3.582921124649186,-47.5550981197521,-7.355104124900925,-57.15668961135674,-24.345064787313255
422,-20.690691741848816,-50.56446094179004,-29.536019850461514,-58.26804420339344,-44.924577119992115
423,-20.35901349093911,-53.09373702241177,-30.708633673682748,-57.717991681535025,-47.10211488139497
424,-24.216478728596794,-51.535777745861886,-37.82610852185716,-58.30710356195828,-55.39702118156694
425,-30.56581626333522,-53.202969056939295,-40.078427644197916,-58.622696762191474,-70.15817658524895
426,-14.219552739164389,-47.910921101638515,-39.5807427057786,-57.44377737524877,-84.79675917590875
427,-7.1146309698768455,-47.334981885309254,-43.396627400339085,-57.06129445241237,-67.12360951369348
428,-16.091875830251713,-46.39729087672821,-38.83295179491336,-56.8573450075594,-73.0659687870619
429,-16.832693142235506,-43.83804416430833,-31.77090234778634,-56.580641193752506,-52.35073862613932
430,-20.74339031989805,-42.16943376093407,-29.478354324425712,-56.58720380069722,-48.72954654758994
431,13.136432879403081,-50.811334761328375,-10.179847027813793,-58.692724854408254,-7.983659972030864
432,-8.763599574073364,-57.48364533949904,-20.946178202910282,-60.44472745068638,-29.00550570786389
433,-16.6931283021132,-57.269042439902634,-36.97388309876537,-60.81322263149222,-44.73570050815054
434,5.989938146806718,-56.25376880335786,-0.6823333279700581,-59.98804094231335,-21.44452607759634
435,-18.250185006316695,-59.153700388565994,-23.793188738265314,-61.38700980248807,-42.466161067324435
436,-20.595332181259533,-59.20930145589615,-13.47573000278595,-61.21247085309314,-43.666200758880706
437,-19.089628597626017,-59.40555774592123,-14.029512853829283,-61.2846877530217,-46.640470551815525
438,-18.993147144125366,-57.04513121697283,-29.521075411395266,-61.002696422751946,-62.001123004973465
439,-14.709326442183013,-55.24743379909503,-32.950864079746786,-60.519191566544784,-66.70520955686565
440,-14.766312136112717,-61.95581180873103,-23.38116157136771,-60.91276010259409,-68.10552412931042
441,-17.336654052448523,-60.06217631791744,-27.46743645585045,-60.963017050299776,-82.96584890861132
442,-17.16667086610936,-56.58577183243087,-25.834806988476466,-60.301486550108486,-84.32720822564995
443,4.861181513933005,-60.7633163549743,-10.249471066648068,-60.02269908746806,-46.22334127728537
444,-11.031549756655759,-64.9017941569601,-28.981633109513215,-60.687524541699815,-61.94777129487295
445,-9.413073132190688,-67.12963529910776,-32.64280019260456,-60.26788599546283,-67.95968577344593
446,-12.014568662927319,-62.28223620967881,-27.487132102136087,-60.81239274729679,-75.08581853646079
447,-10.417820627299736,-61.008739924756554,-38.239958781687854,-60.04127901461315,-79.01127285250575
448,-14.00330895198286,-58.17385649438627,-28.162521829311764,-60.34632366171481,-77.992088514186
449,-8.709806869624284,-56.50204290106681,-24.513345856242417,-59.94437527659735,-71.34478229593182
450,-12.870117271890209,-56.757851080608845,-38.35652141746149,-60.44644260085965,-80.98527869500634
451,-16.027086965523825,-54.47270450153303,-31.22535446038258,-60.135781735024345,-86.00715732543904
452,-10.613207108716171,-53.301989306771354,-24.502758138891288,-60.251078715120116,-71.39021719094367
453,-22.665464008129106,-53.64852145474223,-15.98023895074186,-60.80195994748795,-37.02630390452184
454,27.060904974894935,-50.2693787911503,8.842071662929156,-59.98215684449946,12.259621892180764
455,-1.277340475959388,-59.53835327833188,-4.59844718406228,-62.249216480567796,-14.061744960272318
456,-20.7600574493227,-64.1310252838763,-26.593290384510777,-63.80783383843688,-34.99766352883499
457,-15.82813715429578,-61.95033511701233,-37.98823810169637,-63.30892587685734,-52.02902283856757
458,-3.9672246177452024,-60.918405050341995,-24.538884074688376,-63.12946028105888,-38.02203067660969
459,-19.122944899692524,-63.19979797369377,-30.574936807907505,-63.925694980529386,-55.98938292779235
460,-17.458225666562882,-60.37222728747538,-32.75576957795073,-63.516077611720014,-73.93049751316917
461,20.00110031500323,-58.446495200154814,-25.30307926223233,-63.98487134889233,-30.906315313554853
462,-14.291207790489258,-63.4663354158655,-32.196396418337955,-66.02263858604266,-45.67671990518828
463,31.943901074744378,-58.38046265869053,-7.1924887540703715,-63.652313010614115,5.730423478144683
464,-2.0173091350452736,-68.79728949587096,-20.711394856099993,-66.38218179126366,-18.125681844289883
465,-11.078361173627028,-68.99282002790905,-38.27114924729275,-66.02559680215231,-33.10273556928174
466,-14.492005510156034,-68.13566689406385,-48.72312101508452,-66.37646242448294,-45.75824660433886
467,-11.234805835203074,-64.8459766082618,-55.58142800646297,-65.68859725066274,-56.120728927157614
468,-14.364063741751291,-65.49180375369266,-29.35403198420398,-66.75177384184227,-37.50171825513374
469,4.35602989867683,-65.27709888090348,-19.202252992193564,-66.18556908502293,-16.57332194975395
470,-13.395490458332917,-67.73970461228082,-40.13992728477977,-67.16856903174109,-37.09458361308002
471,-12.488981384205115,-65.86267289279039,-35.46152914823652,-67.0430313933014,-48.82551380817851
472,12.4839765702129,-69.24478106059969,-18.074706263211702,-64.96132542426443,-9.998011771490464
473,-7.930190798895829,-75.29079960429837,-28.02733960933324,-66.79640135270473,-29.27064600046304
474,-12.005427658393096,-73.76585317710648,-43.83019790528121,-66.93277765733221,-47.676108426067515
475,-20.082158426541604,-71.98727896078857,-27.600951951756564,-65.67145220961628,-41.279379469637874
476,-11.065963651138508,-73.20253638214416,-34.762970566189516,-67.25159740088364,-31.46711582516442
477,-15.054711816245732,-74.231418978269,-36.67662052174289,-67.35442538929628,-47.00163259804247
478,-14.712650321259604,-68.73543569344025,-37.23408663478459,-66.38077229577456,-54.32905887088042
479,-9.578774158574644,-72.65891057924415,-45.49959341292808,-67.3274836815209,-48.94131205052649
480,-9.038818174297555,-69.95840657645518,-45.55125590769344,-67.1146631663853,-65.39698920523853
481,-6.020368812385758,-70.81022234544707,-40.39746779840574,-66.9405790228909,-52.72917643941064
482,-9.158769240871335,-68.95417708327426,-53.36156257527705,-66.88831861845439,-59.85169229775241
483,-8.236532122623736,-67.4641623279056,-48.63325087257813,-66.87962368616172,-73.38605857068379
484,38.45599672850048,-59.620490942964665,-24.549618640346296,-64.67600570920783,-24.113495861993755
485,-8.066712167755204,-68.88616594133448,-50.583435935602324,-67.49274012226432,-44.341312665936954
486,-9.973409788144425,-66.80566312293087,-46.844500869088435,-67.5883491096494,-40.041293924821424
487,-15.694752575385134,-67.60006770410263,-46.46252087092581,-66.74293210827095,-39.642082431532025
488,25.79673444859886,-58.43994752922771,10.639475729074165,-67.75727224857694,2.306106809481676
489,0.0809533175894721,-64.62419014191198,-1.8895258416738532,-69.81453473905769,-22.42363682307183
490,-18.543726071143865,-67.66916055680122,-23.548500349884485,-70.86936387524469,-43.93317408035012
491,-15.4999762357442,-66.32395274277282,-31.587527207256088,-70.66521264097808,-53.44012076647128
492,-16.90252418199909,-65.43336694030853,-16.446318019885574,-70.74175601654765,-49.39685904844777
493,4.178792630020901,-62.692145037860605,-4.718811990889018,-70.06996168021438,-24.509863831856148
494,-15.443925622513573,-62.82549536777492,-13.90726005725803,-70.4105325007336,-43.17062746571423
495,-2.326213361412968,-63.755510154504584,-7.038778617274599,-71.32552218411449,-29.02164464986186
496,-17.117099879493423,-66.61483323580481,-26.879451058075553,-72.081918616705,-48.09346757659203
497,-4.237715309205289,-63.3728897353243,-13.422133587277347,-71.82959693809032,-34.43076309029089
498,-18.831153446046113,-62.877917313154434,-19.070029541814524,-72.2327594786296,-52.645427574640536
499,24.030784064312684,-62.55202401160979,3.7744727793233963,-71.05809088419275,-5.565365714468321
500,-2.8811526241871945,-69.15040287427345,-8.617763012954496,-73.21104581927274,-28.71455306249701
501,-18.19926180310966,-68.61697085588537,-27.657811661476245,-72.75559748299888,-46.551990489489825
502,-0.7657086779924924,-70.0727687581628,-9.383654432096833,-74.4477740040311,-28.126202662410865
503,-17.515557620439026,-68.62381160689304,-16.35132945930068,-74.33790593361536,-47.060663518772316
504,-14.202691029648202,-69.71801044583543,-26.432035368513187,-75.12245609142516,-44.9288948782105
505,-15.579772533035175,-69.54500154060622,-31.46664482868095,-75.18228190964422,-51.6800966491229
506,-15.944644300660304,-66.46634868901481,-35.906628433459346,-74.92649935546288,-59.399119076925274
507,8.297193279518268,-66.81106922879633,-10.902181594409189,-74.51828943720095,-34.18547241801609
508,-21.99219069423807,-67.51533042993941,-31.608915465931908,-74.58698087346612,-52.395062963254304
509,0.8851601542358054,-70.15212804516793,-7.984593535924468,-76.23146424437364,-28.573278363366455
510,-14.255137776245466,-73.02601548416875,-26.748805760597534,-77.00580408613459,-48.67925620569254
511,-20.40021041312136,-68.92488514454962,-26.34473679922377,-76.12325311999061,-62.469475533840665
512,-14.489307453539734,-68.72098336492175,-20.546894339557035,-77.11473938832667,-53.739120926023936
513,47.89964650539601,-61.01059204301097,12.274085930026892,-73.48270530890431,12.650053389449184
514,20.367974848612796,-70.209684046498,-1.3879873107671585,-75.68013619755253,-14.633751292600493
515,-3.193477186008188,-77.9432984617343,-24.87869886457279,-77.56505236032226,-37.26657265964241
516,-10.702707931256096,-75.6972585258349,-28.806343255376323,-77.20209581810563,-55.76499095570117
517,-10.912417718631858,-75.94849514920517,-36.90947975082021,-76.64672887940822,-52.51905473833293
518,15.68986516698726,-66.61014563272747,8.076594486119816,-78.69142099716156,-20.26570919745768
519,-6.993195937604899,-72.06353786340746,-15.15047692594045,-80.50606588552895,-41.76028443843419
520,-12.378431914838705,-72.94858388664775,-30.029008435679117,-80.59872079197639,-57.93980023745503
521,-12.974404825017555,-70.90386224551011,-27.689183712031564,-80.63381871533502,-53.986754941004754
522,-14.166245744001785,-70.03975050099055,-28.25865245319494,-80.63803636207729,-52.53961013327782
523,-14.215813779348823,-69.25051399646554,-11.43335608651711,-80.64434583448333,-46.10618411776396
524,-21.163258095808946,-66.61477632354935,-14.03371889946176,-79.7705192011057,-52.49757655149456
525,-24.163330793133248,-64.86729113184852,-24.023469564761264,-79.31570417611188,-47.452491919722334
526,-4.055474292047272,-67.29049297537493,11.785468650890245,-81.1705272716875,-24.22629143335094
527,-22.00392735028328,-73.2943966152835,2.578004281895673,-82.60640351634635,-43.05317595708212
528,-24.228828232118637,-68.6929695231563,-14.555155436978131,-81.81472583584653,-60.64345577456655
529,56.615544882839735,-66.03017168323811,83.03845614053988,-83.31552278570753,20.062689902092423
530,25.227217175760295,-81.78928460635056,51.9688635356858,-85.82658900227386,-12.41295323671045
531,-1.6908703136094196,-88.47114729010116,25.137438667416156,-87.98003600142346,-39.54170776297745
532,-22.489454303533268,-93.7068648162111,4.299052520743476,-89.64392272061735,-60.25570256914375
533,-21.64926487069091,-88.72345743576835,1.9657557439872626,-88.88138335786793,-76.02043891989204
534,2.001279338019142,-88.13474013391803,1.50621601889981,-89.97597601317678,-51.285278192517666
535,-12.446372196375478,-90.25010789564458,-5.140881917991486,-90.74433964912961,-69.9905296490204
536,12.454576956396991,-84.0156102270428,-4.547533792356084,-89.83757567482478,-41.65703869586622
537,-7.444592469830614,-89.97582612702483,-23.164365765465387,-90.94545213645462,-60.19130152755804
538,-13.224653687443952,-91.99263478779963,-29.872204684977387,-91.68863492054342,-67.05282180401605
539,-9.263842266455228,-88.70570564629656,-39.623743924214,-91.19635553228443,-81.30623943032688
540,-7.337338527040904,-88.31553038315947,-27.719655898808615,-91.06256426488551,-80.80931668925648
541,-7.246985196684426,-85.10547484718934,-39.590301146841384,-90.3113535876742,-88.11838232392256
542,-8.448750576098803,-85.98446979337979,-47.16619083518306,-90.83303818244755,-97.48662702116413
543,-6.683902422389519,-81.56290293285166,-49.18737486018895,-90.25466841799125,-104.61549306367264
544,-19.765794429861295,-82.05010307932528,-21.235663491182734,-89.51347556062326,-66.99567290448607
545,25.32980888832154,-80.8061697050967,37.861281886138606,-90.28307655203457,-21.79201928196969
546,-1.582598153204799,-89.55572147499556,12.542545801246629,-92.43606911535672,-46.04941939617645
547,-15.459610737539128,-89.96128053215668,-4.83915887544136,-93.08479277633582,-61.02443602976578
548,-4.140812468792436,-88.96952284077356,6.958318863083033,-92.91971024371874,-49.10713785857658
549,-17.172134695414584,-87.3170561794801,-11.184294463014915,-92.81951412609078,-68.7233062246287
550,-15.127777004596432,-87.50123053310828,-4.775174330218682,-93.30725098113422,-60.89045228138676
551,-19.36692109378345,-83.81209983389816,3.3652218153666826,-93.15145523109588,-60.09108720459383
552,28.061256479483205,-87.09713677690002,27.387860702432803,-91.65496693887052,-11.84797073028793
553,0.3254246529567624,-95.7392943569971,2.202592086006817,-93.87383348499262,-35.60178255750502
554,-12.872853429400237,-95.23631173894758,-2.831835177085134,-94.46206342947566,-53.260464312386866
555,-16.28044333973551,-92.70496175311634,-15.054441950239514,-94.27102920365044,-50.54938796636093
556,79.32342007940758,-83.94331606317888,108.02581266222226,-90.56259351489975,53.35749740135446
557,41.2865029105808,-101.91957247449439,72.74101475709787,-93.57229639909052,15.844662666019055
558,11.056354667941978,-112.20429601181975,57.07260189818374,-95.9907082585016,-13.425420865689787
559,-11.592168994576438,-119.87880545818487,32.325681951295294,-97.80259015150305,-37.94881070759938
560,-23.95730164672224,-122.70312863926428,12.6553839316202,-98.79180076367477,-59.02181805511379
561,-12.945316636597807,-118.11971380956994,1.3690594786788104,-97.93114709671059,-75.87441641763873
562,2.0306670738339108,-117.80034518030456,17.543106593370382,-97.56497882000762,-59.321396632708215
563,-17.78113398543433,-117.36392159691894,-0.9847293081288022,-97.76702558315411,-75.33591464329018
564,-4.164651271124551,-117.0601790537623,13.399292261692256,-98.64025622966369,-60.45562867802839
565,-19.255538627567827,-120.89380479553198,-2.2993490190019337,-99.84752721817914,-76.0772784529009
566,-19.454494092365668,-119.23897182845775,-14.923321408822133,-99.4994907878737,-91.45292401076858
567,-5.817705295923595,-114.41049325559666,-11.458140478319114,-98.36058566097586,-103.65456737375148
568,-2.229689588961861,-112.07543584132159,-9.19074535984949,-98.10725889034134,-99.32974602935276
569,-5.130820587181015,-110.4586287838923,-21.15919613782833,-98.21114028892484,-107.61608524604046
570,-12.28309788810963,-110.60789186868931,14.650805271244751,-99.09118461510414,-72.75542371818884
571,6.180603849458464,-106.58792516972922,11.300618454196432,-98.27219276479555,-52.63812179852941
572,-7.0474727413609415,-107.05347451803652,5.645930247666506,-98.53761140672981,-71.1139642977947
573,-6.908753494947394,-107.63834379183325,1.049586477048729,-98.39818162514682,-87.84426311724894
574,-8.245556815135325,-107.32252041369642,-0.6256738398718813,-98.80175122522083,-93.17940027851182
575,-8.78855804249828,-103.3703312322712,-13.716675443015689,-98.45709595924698,-100.71778014363176
576,35.20306639105129,-98.4715763172619,32.5251151166839,-96.44054999996465,-53.68487483203961
577,-17.441290738501955,-104.93379649940825,14.099774434777366,-97.52836919424087,-73.79473045552663
578,-0.7932960850282882,-104.27562610191805,10.146262293994571,-98.71685718334209,-56.584037734250686
579,-11.839076142643815,-103.84775647253372,-8.262981846554645,-99.25768526757464,-75.74106225775736
580,36.18266768680438,-98.86556295278749,66.5067319865401,-97.24928404342205,-13.357769805001194
581,11.12173896140207,-107.2552432570789,40.086405856600365,-99.25415834145423,-38.851147280291315
582,-11.461254929881884,-112.76551493106417,17.094091052818598,-101.06079785275696,-61.77232787141719
583,-17.821920626201848,-111.7137894419517,13.07901580836796,-101.18182407316179,-79.35628369990235
584,-16.158238939817494,-107.85218883598547,-2.239105751564882,-100.40456286707385,-89.9806634371056
585,41.194419922268864,-104.26682749183729,79.58642840121321,-99.7524369268342,-20.971955234885005
586,8.112186910800823,-114.64358985696636,51.495144215124505,-102.39901556775162,-46.7888854330633
587,-9.156283546184284,-117.96270624085129,31.439132745931673,-103.53954119135246,-67.37683574171405
588,-16.79606675027588,-114.41935513121446,14.76673831557515,-103.56429727787113,-81.33614943068386
589,21.557362444696686,-115.61412281279726,77.3080045394849,-102.85622861899482,-30.908454777717377
590,-1.0716495424219055,-123.18322665992979,52.62526469101128,-104.6665495779643,-53.85066498195194
591,-19.984353181703103,-127.76872880838584,31.360903500423255,-106.17956586910682,-75.40701376391048
592,-19.207213824581164,-127.30003607323424,17.877747842966638,-106.00029521973967,-92.86896304152472
593,-12.189375410612502,-124.29700281672639,24.175662620882022,-105.52294902321276,-99.23595349868705
594,-12.151394974874059,-122.73962052091898,13.536598273761108,-105.47255817520177,-94.31446379249047
595,-6.134852032937303,-123.90121250067172,20.906638301773,-105.34970995583645,-86.25112398734635
596,-10.777683096892499,-121.36754964657308,27.465257800110077,-105.42302851862826,-89.67716720659965
597,-13.070268058856136,-119.37984641405306,14.993592111409392,-105.23604254831685,-90.58063338864099
598,-11.333943281806015,-116.80438626587913,19.492833027724597,-105.17259112327964,-97.43535668639223
599,10.65331500455692,-115.53955469414535,18.97359356166883,-104.41986335596825,-72.01051683301662
600,-4.735464554998369,-119.00650116018214,1.8670220127674568,-105.43756490585649,-89.5412225907606
601,-4.833175475721086,-118.38551852456538,2.718354376450522,-105.18851445988892,-101.1666592041694
602,-8.21793730585891,-114.20666718829342,2.6187249068364977,-105.32182326526558,-96.61609308659897
603,51.31736528486802,-110.02932360671129,36.562012411209594,-102.56053835810833,-24.939947869703232
604,26.639612497417758,-118.15590079834969,11.430751141665432,-104.53475858110436,-48.425615807013024
605,-5.771823388204236,-122.71369203016764,-11.0845777962022,-106.1271352564944,-68.3625393962883
606,-5.692560078480565,-121.93187369922161,-2.629678707298213,-106.27615410706619,-71.95087021257207
607,-18.037194313170275,-124.98556692462621,-19.475040454566045,-107.16310490499298,-86.8473589802261
608,-8.353069199538819,-118.99361754278611,-27.358311677173827,-106.24902315147885,-100.81676739689976
609,-2.7382653479207804,-115.32030132271251,-27.536804534531612,-105.94262057005825,-100.31863127039603
610,87.05934005137337,-101.5670502832476,72.59842877199131,-101.49901265024336,0.7096478468371217
611,51.84789913610106,-112.98645507521604,56.495893912787544,-104.31592792346514,-28.895187311405998
612,25.882088232530705,-121.57829795403626,30.30529212450149,-106.39319279575079,-54.09986914653754
613,5.722168197935613,-128.23783659713155,21.40620058248855,-108.00598639851839,-74.02603928705084
614,-8.291545872587225,-127.6612839883958,3.4963640491777603,-108.57210261509135,-86.16970958262495
615,-11.803055381629704,-125.23477833491393,3.8957279301381007,-108.41418069440347,-84.38210508144853
616,-6.625406951348744,-123.21545643649527,3.6392889930345724,-107.46775177326272,-85.65888468906526
617,0.3131070823279387,-126.74153171556067,9.7208301344325,-108.5525969754526,-79.77970789798187
618,-10.77535719047663,-124.55029270176624,-4.18455277706223,-108.76815061248817,-94.74444344801107
619,-3.6704858748697475,-122.91534724879739,11.798542720100475,-107.95794535771442,-90.09214533050834
620,-4.012373688351953,-120.79519715167777,9.733770078057562,-108.30835398013805,-96.28517050255664
621,-11.369036529596585,-117.90753608362942,6.1306495898764855,-108.47849938329163,-99.33174878758815
622,60.38021225312581,-111.29187813379066,43.278826206307684,-105.90945011181905,-23.7988909946759
623,28.8180094143586,-121.27443547212775,16.137197193116336,-108.43442633892042,-48.9029705384191
624,-5.390719997968034,-126.06032222976438,5.170124613306314,-110.44322328197958,-67.48185503930034
625,-1.6735763341779695,-126.40273585875673,-5.023864620315376,-110.66147555718119,-64.68577575915145
626,-4.925321051176333,-123.64015358835584,-14.721873877480412,-110.58554477372762,-71.35531064778657
627,5.727575936361767,-122.86793059948296,-1.1709619588710893,-110.50657188862226,-56.857462157524594
628,-5.705064126774829,-124.16619606024898,-15.34718717407015,-110.99342665340498,-71.86652564857813
629,2.422051225634018,-122.15939159243095,-6.807631689149968,-110.98684066844974,-62.971392960534885
630,-7.3119485358595195,-123.94228463534338,-10.908976653110217,-111.43812947330326,-79.42830022264783
631,-8.771555399466719,-120.90007386656967,-14.198149366772292,-111.25038002681767,-91.40206736396827
632,-12.115121946157263,-121.99487554720926,-27.241622775065224,-111.43155847199799,-101.70308534063608
633,-1.9764554474403582,-117.96450424049056,-23.926609326193407,-110.64735444429327,-113.85480529961103
634,-6.156855100251256,-114.95546365004179,-20.222371678956947,-110.58310270226058,-105.08126122483141
635,38.79409367330433,-110.52366897448489,-7.902848555172376,-109.43363112495531,-49.849529401181314
636,-16.13676451560855,-113.70168317021285,-31.23373221781386,-110.39113554185401,-62.82338684296721
637,6.526072593150033,-114.79195598452898,4.770090447892741,-111.98312354727223,-38.70104331907033
638,-11.94889887555053,-115.48722787792423,-4.313112488840377,-112.65982050585916,-58.23584273095057
639,15.480014754399509,-115.29334938136324,-3.2729547809622233,-112.08973362769012,-29.914294180271842
640,-1.533734383666058,-119.33310448431445,-23.033336379272985,-113.45083355873534,-50.021056907182576
641,-7.687827325490742,-116.49673053869823,-33.11580263605755,-113.23306521623672,-62.24113892052836
642,-9.657049964944077,-114.27165969313789,-11.553986452634751,-113.33067241969252,-48.05788029094754
643,70.96412396053645,-106.1297497689346,28.47832220321349,-110.23071242219586,31.097111459168467
644,40.12792388329956,-120.71442013467454,13.180273061713068,-111.84602663675005,0.33228712817626516
645,11.598511568742534,-127.79058267031168,0.06220115199120535,-114.13512248707485,-24.714921085840622
646,-6.642439454663819,-132.37071045541182,-20.66170522755547,-115.5943985689474,-43.019208526296694
647,-6.874214378620843,-131.72081260598395,-33.99869694313176,-115.41950475514959,-60.31322259826403
648,1.1040422633908697,-128.7678202622905,-40.553747537604465,-114.55243956889915,-71.0802741006866
649,-4.287423640353349,-122.78029469401575,-30.385919244558252,-113.40310618494641,-72.88527176955799
650,7.057350602018257,-120.85090501825566,-24.225120222359692,-114.21646684439298,-60.86514880347576
651,-8.147261102606253,-115.6931459495035,-23.590153176751244,-113.7158539676507,-71.62166598848586
652,143.52189784124548,-90.9889263790831,53.86038377538915,-115.3417163330364,84.32195101686293
653,94.94865251496691,-106.56091634561082,32.69231380426817,-118.88621826719941,43.49730598951613
654,61.35819027278819,-117.60385723820269,16.658436577989804,-121.55754089466382,11.65401374904797
655,31.376335039458407,-127.37001819329087,2.3906583775384895,-123.95608931333021,-15.977194792722996
656,9.203248388668321,-132.6920387975726,-20.637060997045648,-125.72993624539343,-37.48780282623362
657,-5.594285295642862,-131.36291693247824,-26.206095268166298,-125.70947435696499,-56.33295373949818
658,-1.327162654639558,-129.31055767085027,-23.574362831094824,-126.22371948529909,-52.52577317441168
659,-9.088137371213477,-125.76350879342179,-33.68018241076814,-124.95571381178029,-53.42785324293756
660,38.987217902853715,-116.11852618352665,29.97742679522056,-126.57347719776021,-3.859959062035937
661,13.261096957108652,-124.62030338475287,4.388953423480736,-128.63156687341979,-29.06831546363425
662,-5.989209625819765,-129.07338493579732,-15.458021499161726,-130.171591400054,-49.004466243022534
663,-1.8894918261101772,-129.31093867429786,-16.915035248445385,-129.6496548935489,-65.74620628061112
664,-1.2482934605482008,-120.89852920520025,-16.345251342557354,-128.3384852822082,-72.44171874388735
665,94.00282435425395,-106.31464083113659,31.593844548818957,-129.74719952947248,23.18424367071991
666,62.47958226834414,-116.73577228395767,16.210963352760796,-132.26905889634526,-7.2996075054036496
667,29.011312651038626,-125.01541126757449,1.7720535070232089,-134.94652046572975,-32.23902385367779
668,8.466537859947074,-130.2043852462943,-19.820864810748073,-136.59010244901708,-51.17423404243824
669,-2.825444103052181,-128.76998804857695,-33.53870003627334,-136.73059426368465,-66.66130714579973
670,-5.35890705612179,-126.24094186179748,-16.38032786090109,-136.80016411797752,-58.42896631446023
671,9.72473025015632,-125.83077024238658,-20.59153129884958,-136.79598611384196,-42.29167470700762
672,-5.596356421701575,-121.33810519812245,-33.14291724672895,-136.96588394756904,-58.473739436774466
673,102.03783096832902,-122.14630471256947,91.2625009522111,-135.0482791427279,67.64090397904342
674,57.505821958724304,-137.0071099552465,70.02698472735993,-138.61083986349627,31.194973794221106
675,27.998362892718895,-149.97495056081678,54.672656989950646,-139.75779463662354,-0.9788747581903579
676,3.1446472013202076,-158.39747779602763,28.818077861206476,-141.741377719061,-27.252345862803445
677,-15.83132642794617,-162.9135684883651,8.174010693281438,-143.2594556094023,-48.29951460465001
678,-28.63155516413433,-166.02765841944444,-8.272257229728918,-144.2834739082974,-65.60346556720657
679,-3.198998680561701,-154.8182279657596,-4.0695415049465735,-141.7674128696336,-76.39333423260224
680,53.49159703976399,-151.28305984663172,27.636273077151806,-140.14077745956823,-10.135620793336429
681,28.106424923666985,-159.53982705877223,2.848979899403041,-142.17159122885596,-33.061310990731485
682,12.463934732242649,-162.9645395049567,-16.20317414115907,-143.42299044417007,-52.67634894348675
683,8.862927904824257,-158.83056569443718,-15.111467603934031,-143.02494646222388,-65.4916657638577
684,-8.365354483424,-156.09485219641465,-15.431950162740232,-142.58872505818078,-63.88282416074017
685,76.69369188187238,-147.55218308971567,27.683119666358692,-142.90064495685104,22.563248700267287
686,40.5304785360302,-156.82698566581362,11.021209418318811,-145.79370202451838,-9.860219072483815
687,17.386057274944115,-162.61309098108515,-0.25147150336227675,-147.64525572540526,-31.90970956300344
688,0.6062393921464739,-166.71535025902637,-20.232387520782737,-148.98764115602904,-49.99689253040472
689,0.5042395397844821,-163.329370439969,-31.616294708761902,-148.6047562290478,-66.85847347123762
690,26.147266519979475,-161.36679094826664,8.708425465522307,-148.15465788183695,-38.034626525079354
691,7.267100702814059,-165.95345315459838,-12.319822009985183,-149.66507114721014,-57.360975773000064
692,-8.891334699563572,-160.4525376010853,-27.105131239256792,-148.87349494669044,-73.74332151191575
693,20.306357098651414,-161.22432282638817,3.8345974108640952,-149.90467317032673,-42.331397991397566
694,3.0123074461549884,-165.1686296258365,-13.878097200794011,-151.28819714252646,-60.048608224205836
695,2.908159324388187,-162.6327662481249,-15.688873806939366,-151.06216107307074,-76.6207050969077
696,-8.622849030729494,-158.26312931270473,-28.53054874592052,-150.16747667451048,-79.72801713607335
697,10.774690269589573,-159.23779863360005,-9.741093439686258,-151.13153208039998,-60.79265135044179
698,5.432529514898551,-159.40699610414728,-10.544595852919603,-151.21328504174727,-74.29498126222114
699,11.90043163796237,-154.31792814055214,-10.89480154815454,-150.42519253555702,-81.13600822605652
700,-12.515270293703573,-149.0714244394849,-18.606691197060844,-149.76453160115062,-93.80112513351138
701,20.35382042474948,-149.65410923852352,-13.570003681313095,-151.21265967325095,-59.12383297173421
702,3.3327764503100106,-147.8568910305318,-17.81404664930093,-152.0695693057252,-76.46980921492771
703,64.60179882768564,-142.92435394015885,14.159727274201893,-149.06935087286158,-10.956095529936626
704,36.196948886770244,-149.88426386348053,1.2476582279224235,-151.34173886813477,-34.90038471351931
705,15.631726285425152,-154.98403216077796,-20.481991278162617,-152.98695667624244,-54.72229685122136
706,5.35032765924641,-153.50086306557188,-22.477406804207664,-153.38774207224387,-70.35239231078582
707,34.56556099117281,-148.96187764824964,-19.869553134654886,-152.18901134185182,-38.68313445313338
708,4.313139176144791,-148.64537198187696,-24.497343953179072,-153.91603118353322,-55.56242522406082
709,107.51983883215945,-138.56739112552864,27.463598089415477,-148.4941622091531,48.356304898666835
710,71.94419952103873,-145.73186552816557,10.151665726508016,-150.70120846813063,13.655094468746245
711,35.738304959920356,-156.88806069098118,-5.227804044245884,-153.56360818876124,-14.327311342412612
712,16.23876317207148,-161.37577967096573,-14.979875575270086,-155.12357153178917,-33.6260322512662
713,2.8793950350308855,-164.72340594856286,-33.57479887436622,-156.1923209827524,-50.46087405241427
714,0.9444051061462844,-166.53049363933908,-43.93040980143739,-156.2427930232233,-63.26548160201155
715,12.052850298041669,-162.06345850509217,-47.979847853188836,-155.36379843802283,-74.00700637671916
716,18.165751175197443,-159.28266309202564,-39.305805066615335,-155.02594915582395,-65.25019560088249
717,5.461294880817835,-154.89158602038836,-34.77854098595788,-155.34633096086398,-70.74144697778496
718,12.683566707373132,-153.8611374278992,-30.008622886725963,-155.21664392250378,-61.42372630498381
719,1.6483834591717539,-147.0748638879289,-29.984209346834575,-154.5080842022675,-72.45371449151526
720,69.98544364027038,-137.5270335491667,6.665646008235051,-154.26805004881416,2.8365476990663296
721,42.949321359325054,-144.2791837822002,-6.657057715018193,-156.43424239314714,-23.575868149169217
722,19.273916305080732,-150.24697471405887,-29.71248343827635,-158.32827479748667,-45.32557971716054
723,9.778677764061932,-148.5027178993106,-43.94950392891788,-157.79015297943855,-61.851545720524314
724,-5.239842633784718,-141.98582999890448,-30.561570687282277,-157.94646462179963,-69.4851823167913
725,239.76702566862633,-127.47897214251739,70.81575286645366,-154.0835744922496,189.99260305499723
726,179.74873234097794,-148.87696393530643,37.79754866573805,-158.88503795846148,135.2106605286519
727,132.95760078827735,-164.28229312498038,15.651462939812799,-162.62832848267755,90.72010491066592
728,96.31540231584131,-176.50260694749684,-2.47084758407647,-165.55970436047244,54.002934457777236
729,61.222218333691586,-187.74129508518018,-18.04540210309869,-168.36715907904448,23.87454293748337
730,36.42944929980564,-195.92649306374543,-30.053649047835815,-170.35058060175538,0.030474296357191122
731,19.976373985125235,-199.7214980531734,-39.585289617281504,-171.66682662692983,-20.548540521102826
732,7.363578034042902,-204.44065822483097,-46.60555855732552,-172.67585030301638,-35.646514380943216
733,17.461827334584317,-196.33606138017782,-43.79672611448171,-171.66357836606747,-52.63147077813222
734,69.28589479435117,-189.78160733578122,-17.60480308093129,-169.13383724826986,-0.15548230597516977
735,41.429502194282776,-196.547515324583,-29.75845495123362,-171.36234865627526,-22.787620255765432
736,25.536043545447423,-200.44119530400624,-49.19071667369263,-172.6338253481821,-39.52224437636721
737,19.162903309053707,-196.8515938248625,-46.372240427829794,-172.85330573686528,-55.62762596864383
738,66.65963062643928,-191.4566995877451,-19.976906048320377,-170.71350733261372,-0.5838945842468526
739,43.453981282342994,-196.95900119139577,-31.240817221517382,-172.56995928014132,-22.70781386435054
740,25.865147970909806,-201.42973361750958,-51.5639728436447,-173.9770659450561,-41.47123383947633
741,20.6825247476305,-199.2477358943346,-50.67572550962821,-173.95707277078762,-55.799424104623085
742,33.51536888923921,-199.81821473196624,-43.8936889434354,-173.6699301451503,-41.00384115941259
743,15.16001877918248,-198.23729289061123,-57.881178998171386,-174.3148505117236,-57.5344940594717
744,45.42758246235738,-193.97706933550486,-6.779825074460461,-173.87744583648217,-18.213424339332565
745,26.394275230430523,-198.73539614348653,-16.169046604999473,-175.40011041503638,-36.33103097880661
746,9.548327398608414,-202.94413842119258,-35.382222650165616,-176.74778624158213,-53.642256645172125
747,16.53098109655555,-196.3397793111242,-32.42657931610097,-176.121286330236,-70.13370194233576
748,55.312448633043985,-192.4025713963157,-12.112849510299455,-174.4007270799522,-27.464992167107663
749,33.42568002581373,-197.86182552984377,-34.17505685909474,-176.1516685685306,-47.566059021741474
750,19.1477882832546,-197.5616343548908,-38.556104329912145,-176.80731580955728,-64.51774466936608
751,26.83677201157647,-189.86398490713216,-36.12244401376902,-175.23709088135575,-65.47764944474872
752,23.822141674671776,-194.43532398338843,-37.48631062098582,-176.60476905162463,-67.12042118942045
753,10.115971265212085,-187.83908362355118,-48.12758529847329,-176.5703835416571,-81.38848761522314
754,97.21003567417941,-184.2585258248953,59.826904968726375,-174.5982766114203,11.007349200487319
755,69.25537587890386,-193.27802486823336,46.149745612837705,-176.83464939504236,-15.974470553873394
756,42.425910872394574,-202.07732355987304,20.236227857721723,-178.98100659556303,-41.0776598340216
757,23.784950199165415,-206.15466348866417,-0.1472156633423971,-180.47228344942144,-61.55566270394092
758,22.274617662262003,-206.33544200533834,-12.141071762435844,-180.5931100523737,-75.3019858335071
759,12.916709061379223,-202.19010278613683,-7.81395093820556,-180.70325337685836,-79.99903035902068
760,55.365362204638316,-197.4723012602555,13.908486832655663,-178.72200794778166,-35.517128476816126
761,32.19486424263807,-202.96407386171495,-9.268542513166876,-180.5756477847418,-57.12837628620334
762,-3.39746254021442,-200.04293715652636,-15.333833282199258,-180.55712285360482,-70.69154376053598
763,63.688691242962776,-197.80482743479985,18.528752043891316,-181.97507812560445,-2.7767036402853584
764,35.65580894974666,-204.71133807666885,5.690569203644159,-184.21770870906164,-26.97405351024411
765,17.949860642117837,-209.12506622942317,-15.01649427033353,-185.634184573672,-45.25556891955169
766,5.274633308628115,-212.12812056891562,-30.697754962018323,-186.64820276035115,-61.62749897224796
767,8.346960516931915,-201.04828852766315,-27.07038602603717,-184.98553177323262,-76.92839560564494
768,58.392887785131336,-195.61035339893976,-0.12628625356836487,-185.22598560477255,-20.934945012147246
769,37.02404842318343,-200.82341080593966,-22.917352821870914,-186.9354927537284,-41.909061852746476
770,25.23584513016186,-203.18679564086767,-39.12241914007424,-187.67832757739305,-59.455087063054506
771,21.842275128764754,-199.49504408847335,-37.54484292521787,-187.6347250190718,-73.307546956681
772,41.78461740537747,-196.67993575167267,-37.50068068431194,-187.00716719095624,-46.88838945819694
773,24.692597135694967,-197.68311721659427,-50.30338844769068,-186.96999475226662,-59.88219581246045
774,19.337358495796,-196.46496166178932,-47.74860819504461,-187.5449425433061,-69.80679578959291
775,14.744188661829863,-191.42575222339528,-56.61191516421607,-187.2067757556331,-71.65840473286605
776,39.22870441648202,-189.5192977736937,-30.780356073242917,-186.75136275767755,-45.28106877948144
777,16.072691020184934,-189.34347462558688,-34.96134452594878,-187.9393868688318,-62.85059951192515
778,58.48006313101852,-185.13890605265544,-9.455420999500213,-186.21003721311945,-7.560963126672721
779,35.381400311525866,-190.5353577348298,-20.023625318007774,-188.05793023867892,-27.367560144028346
780,20.638669497003363,-194.20429069374714,-39.41864266362151,-189.23734870384072,-44.62475830403393
781,3.722484537738513,-189.02007532321824,-39.2393017657838,-188.70993339216577,-57.26085585232025
782,31.125763784721,-187.83717018442113,-25.100557820586758,-189.16269789978304,-28.309925154420775
783,18.29428329120528,-190.74645300933366,-43.4666908192973,-190.18921633926428,-45.42888205200988
784,4.9752814714622176,-185.11379185375608,-51.895593865369804,-189.68783244214916,-55.47902285072234
785,45.48856088614379,-185.69798225263892,3.180572301697824,-189.86608641342758,-13.063329658714874
786,24.431574539007702,-190.70941786426124,-7.667629788307921,-191.55064532119837,-34.784623608860606
787,6.488860433834834,-195.2502298704078,-27.51347607936532,-192.9860624496122,-52.70131633189989
788,15.164737969335729,-190.41573745673077,-26.326426997663724,-192.13218098596388,-69.65099480394643
789,41.9079316555942,-186.42985963968005,-24.463562205315334,-191.07157241963262,-40.29400735352999
790,8.798614256401752,-185.89440716450838,-42.69852353545117,-191.21825607028796,-57.73351643585124
791,37.250338526255646,-181.53265524424998,-0.6046854261972783,-192.24353310534585,-28.108620713695917
792,17.543079212601114,-186.35344049978028,-22.156515963626816,-193.8201138504381,-48.60427210265445
793,13.152787903148514,-184.26552940321199,-35.31414896524214,-193.86372047306028,-65.16905886337156
794,18.721155700308444,-181.51412989705736,-34.83488926342513,-193.3993230510224,-66.72700075391558
795,9.125275645225997,-179.9819498065783,-32.56489199747322,-193.5454012858217,-62.54010627857608
796,14.696223497076502,-180.0914453713563,-26.38987388148784,-193.9580974703527,-55.94750021430132
797,13.837097834585805,-177.39777154892113,-38.63297543582053,-193.61159619844585,-72.31296621338024
798,1.899874430952373,-168.44356705741626,-24.191408865019277,-193.36277355024157,-66.62515519615822
799,127.76940921399512,-163.43605820916503,39.143000324132345,-191.4768679571834,59.83667414512435
800,91.41131605656504,-175.55000607983766,22.208778410577196,-194.3855154097778,26.711150450059762
801,59.969833952600155,-185.74622187959224,7.714960019961767,-196.90083397809497,-1.3189928351006834
802,34.85569480577627,-191.88244763753522,-4.337536159531146,-198.90996510984093,-24.91641595409478
803,16.033599187467498,-196.60329171239383,-25.356869877852287,-200.4157327593056,-44.270078734775254
804,15.449892524836617,-191.67892016169878,-37.08430758624233,-200.20373095367182,-61.727758524254526
805,41.185377057863334,-189.4143832169459,1.486660565055688,-199.1718075703695,-35.501462038714195
806,21.241700383472967,-194.3781877366541,-19.891807651823644,-200.76730170432072,-55.279970850650436
807,15.545643144543536,-192.71018685048514,-21.783542924248955,-200.81806949561084,-71.77881903228011
808,25.672405831943113,-191.80253848106932,-27.632172424308735,-200.6750161940605,-60.54305208027989
809,18.966942251951934,-190.34957026133526,-40.356344582985706,-200.78322736908535,-75.68599680869407
810,0.41414081303870987,-184.89330120383562,-25.580485721580953,-200.0020033950734,-67.39601320205578
811,60.37225524617242,-180.3353077849372,7.027879046201001,-201.94170048505077,-0.1073999138712054
812,37.29533198297855,-185.88532327603207,-4.438398330157845,-203.78785434610631,-22.94774426221944
813,16.995781139165693,-190.83745255540217,-26.14939978132552,-205.4118184136113,-43.90861055280939
814,7.51731219682528,-181.99427436903028,-23.47247705902842,-205.37037789674852,-59.55425535463091
815,126.47813849103323,-165.28015685275201,40.15628889784118,-198.19363919203903,69.97870091278708
816,83.27581728409369,-177.89253918255824,20.33656087059604,-201.1339028465606,31.390642550342385
817,54.08341808734197,-185.1855201259113,6.149090395388834,-203.46929478230078,3.2398057046273507
818,29.02011774278613,-191.45134521205014,-6.2954636864143705,-205.4743588098651,-21.768738284279657
819,16.35065738943623,-194.47372363801205,-25.927104841520144,-206.48791563813307,-40.52136840801145
820,5.975272391853565,-196.99263381396494,-38.64893799693999,-207.31794643793967,-53.90999550520368
821,7.6716877026186125,-186.7675410483864,-36.527191304974224,-205.71081029836574,-69.28484463276868
822,37.006341170688444,-182.19535643948365,-33.41657327191994,-207.20235382945896,-38.321629025355094
823,16.750098230713707,-178.79928402663955,-44.72885588930144,-208.28268450743454,-55.8788904030384
824,117.42342403457316,-163.52519496471194,75.45829389269429,-202.99203095238022,46.44720166887146
825,78.6864840478294,-171.69699731579237,56.74475236131454,-205.75601553303827,9.036213675097407
826,46.56294911089822,-181.86535238392477,41.88929715925301,-208.30755561731795,-19.548276039655953
827,23.883713255338684,-189.42578828599133,18.05937305572911,-210.1218944857627,-42.23579929777562
828,14.574563236931134,-191.21602076135636,-0.2439448315054733,-210.8666264872353,-62.49612235948526
829,5.970369801926857,-193.38684880286,-11.028404522301313,-211.55496196203563,-73.31657627572247
830,13.901224428094391,-189.0016688035292,-20.735887160139004,-210.73982417834185,-88.5215102735171
831,26.895260499089105,-187.7144706342421,-6.5573122002106174,-210.449248605408,-73.74421206743355
832,13.69862054279752,-185.46441311512189,-21.29268556334738,-211.0669758255299,-89.99303448544542
833,48.8448997987456,-184.23599649821378,16.805677345203353,-209.55110015090597,-51.10820626520348
834,27.88540054090084,-189.2326315267022,-3.1064468509743257,-211.22786009153353,-70.49564275943098
835,25.059615476052905,-191.3338122893016,-6.36943988361537,-211.45392289672125,-86.1458778847395
836,17.610321510941315,-183.66940066062602,-19.208324419281176,-210.62170217931575,-93.28049058175017
837,33.13385751757612,-181.92884789457798,0.5128878209828329,-212.5074468108403,-72.22184078440671
838,5.951308280933251,-178.59146335773605,-16.274815595445414,-212.84704156281475,-87.46216430977051
839,35.405674120840494,-181.47225102614823,21.107727559030515,-214.38505883648986,-48.129441314283916
840,19.28518722966629,-184.98318629944802,4.161890453577378,-215.67469778778374,-64.9875002447123
841,-3.1568146157106867,-182.3787135883159,-1.7406060325581052,-215.74454720455608,-80.247238065565
842,15.217471628396773,-182.7423074503572,-4.52556539372846,-216.26688002502198,-63.17239893402982
843,3.6400059448949342,-179.54770583305532,-6.700385387109598,-216.32341999955526,-76.2454611500411
844,33.01524450798842,-176.67214282331474,-4.275090483189,-216.18134933353645,-45.98838056306352
845,17.830636435272346,-180.36538809490233,-22.366023598332987,-217.39611797935373,-64.48405152049968
846,12.580851241587887,-179.35206127142388,-22.570106276257754,-217.45942109441938,-77.20697567761238
847,9.205004442151438,-177.81121462938955,-36.99306317838862,-217.53584478363524,-91.90091117023945
848,17.394940739850913,-171.21499500993423,-39.69333045541309,-216.97589844673251,-102.69899236117782
849,61.04311421097822,-166.33136282423956,5.4889114803011445,-214.9310027174266,-57.031189331871985
850,10.297633628707029,-172.21648140931885,-8.80508012011217,-218.07155760389637,-75.69849863454496
851,51.89781933037327,-167.80448746975668,0.702058262460838,-216.24455967063855,-27.473774634756136
852,30.740268932879204,-172.797919099091,-19.671286090523573,-217.93716370243808,-47.50214701700138
853,14.440464600724578,-172.10450142079654,-34.83120141655476,-218.76388213577584,-65.40309771791306
854,48.17979564817142,-166.7206290995055,12.826070608465239,-217.2851198282084,-30.72848184721396
855,24.77387141354675,-172.53547580187225,-10.502782445319848,-219.1575937669783,-52.759954387413984
856,-10.301499963558387,-165.54141134534157,-26.464859216543918,-219.0559930318004,-66.4237309344068
857,143.25633991056736,-163.8763099272069,178.166193977055,-220.3055233155079,93.96143554263922
858,95.52337381782813,-185.98173493127362,135.22963200872618,-223.59566348869785,45.362598467791
859,59.804429608018935,-198.8009698158911,114.78966171462098,-226.45317902548257,9.271028328982698
860,31.85796076820847,-208.14223543655174,100.77600651114454,-228.6888965326674,-18.98475259951384
861,8.734269159195854,-216.08088705282285,75.1948280009976,-230.53879186138838,-44.877497167729345
862,-5.557309696719507,-221.50919160919398,54.080313400339165,-231.68211816986167,-67.14241527643473
863,-16.25244816973285,-223.7066877463186,38.041220975708605,-232.5377292477027,-84.1752028304663
864,-20.974154862689964,-224.87663003051463,24.487494896896834,-232.91546578313933,-99.4719637453132
865,11.228186114976644,-213.23291660160479,29.919842968506423,-230.18824469923348,-113.36880147011541
866,16.12951468869609,-213.97292143175414,29.708083522621738,-230.0991782298119,-116.68103764534627
867,14.244965063345635,-209.39856732037833,25.99683144230721,-229.84933632846722,-126.75874533408603
868,13.254900542786743,-207.75839604897303,15.05127305224891,-229.8354919372432,-126.46801085853235
869,13.869748398270978,-203.55060662771535,18.88271587350832,-229.66309521188532,-131.2826494693552
870,60.38337013248113,-191.94301516341812,30.017487881351638,-227.47622037561956,-80.81932375939654
871,24.653945098023687,-198.43344451955127,7.831721252849743,-229.59819468848553,-99.16237564354532
872,-4.804337875306025,-195.20383981396714,-3.5718818416713987,-229.13710342081478,-102.0735078727968
873,72.70825336968464,-185.17779718361047,83.32232402453415,-228.78128996747387,-22.334469150686154
874,41.31657664604961,-195.29135605002745,52.803969482135315,-231.1721493727078,-52.534013693207726
875,19.56687026403106,-200.5474559717601,30.686638565425504,-232.91212588326923,-74.60485255019529
876,1.8490355815252997,-205.07823690490946,13.065296340781057,-234.32955265786964,-91.87529059168602
877,11.82182063298415,-195.2469772454755,13.509339800919747,-233.11609415284357,-102.52195809043889
878,46.416909013637216,-189.773511313179,19.186092837301274,-231.6471305360743,-63.41296793125911
879,26.609006358350793,-194.82588230126265,0.2719262731470984,-233.23176274849718,-81.75142628267236
880,14.41732982918938,-192.55858260557983,-11.68582830393321,-233.79053528083335,-89.48851862655506
881,59.115741812660644,-187.4902987800902,35.41326983107405,-231.72427302147563,-41.99549272549393
882,33.467048667475694,-193.5421571291566,12.158866987223089,-233.77616847309042,-64.3011537131103
883,19.119819458037128,-197.0990083372741,-4.065290591640888,-234.92394680984546,-80.64404798475405
884,51.53649404118457,-187.160211758319,12.680145467243937,-233.64366977299838,-73.68997082502523
885,23.66766769304585,-192.33498642318548,-9.931497570014576,-235.71091235859456,-95.32217701734959
886,16.4779444574646,-190.7702495024758,-14.977194637133216,-236.1089504536052,-100.65103623974065
887,47.64506140739027,-185.15264067575177,27.582568729134508,-235.04557184356395,-55.2415438711903
888,28.205289245653113,-189.41915111613454,9.55747822727983,-236.60075361650294,-72.68559113306017
889,0.5859003807426149,-183.7540048976351,2.034599603972236,-236.04308006424955,-87.79150604361243
890,125.18850389435278,-163.66872293906718,65.35935893038517,-237.43499218589247,39.08396183795448
891,89.84452138034898,-174.98127389182758,47.929097911113395,-239.33059833652615,4.190213240541901
892,58.699361248000415,-185.2060456793098,19.11757003690487,-241.78428234175803,-25.071567812198776
893,35.322150933156585,-190.8606243187348,-3.7515961154722888,-243.65445916694546,-47.7594362451393
894,19.824380142349654,-194.75635834946914,-21.793902979817346,-244.89428083020996,-65.99222117094038
895,0.8050404967182878,-187.56096608061745,-33.23338063453882,-243.56210969680768,-79.53733771462853
896,86.61459758699012,-178.59816374478794,69.63772973374245,-245.000659183303,7.825163436425484
897,52.05719058614198,-189.6593464031535,53.76298716344911,-247.7652517433709,-22.260333874406957
898,28.5814956373858,-197.41153328450596,29.528518807664817,-249.6433073392714,-44.85949160436788
899,17.573243373860198,-201.50205878196948,23.684923024567134,-250.52396752035344,-62.70634297682737
900,12.347269049493484,-202.07523880939095,6.987108270690328,-250.94204546630274,-77.02095830975485
901,7.552237186607883,-201.41741991484307,6.954894382856281,-251.01558107267027,-89.42479355324275
902,13.861347916015362,-198.8433376228975,-5.498848494075361,-250.3717644161242,-103.18615264175382
903,15.828664686243894,-194.5919800142737,-6.2384637070855575,-250.16799769378682,-104.87225059634636
904,13.91318089637402,-189.52930214849337,-9.10668424622734,-250.21675184049496,-105.12151014072043
905,104.48013483980485,-176.39412812165128,108.64736363465437,-245.690320708339,-2.0305126078012137
906,74.51683558595815,-186.28451666926858,94.00743006753963,-248.08738464864675,-30.825277417668964
907,42.643838207940306,-196.48616861174068,66.02446811999248,-250.63722443888813,-57.62610859327968
908,21.740955794468377,-201.42133044194705,44.49821155614572,-252.3094550319659,-79.18013092068415
909,4.763357931802524,-205.67326998728203,26.80051357593385,-253.66766286097916,-96.7225328640366
910,2.3818999429077543,-200.37958317169839,11.674700857004918,-252.72845210446786,-112.68696077338805
911,36.28467720598175,-194.92289737587802,46.669084874455386,-252.4645865291075,-77.32965680863833
912,16.13181476498871,-200.0473603115568,26.960988920083338,-254.07681552438697,-96.60874065014812
913,13.78300321529403,-196.92981156381938,24.497067591988937,-253.9087347233214,-108.24986651623473
914,28.366764515805976,-195.43148653333918,20.952151732674224,-253.56983632454953,-89.96572562944627
915,4.112700519917759,-193.3124431665288,5.4865277722757675,-254.34089233073374,-102.10067380144244
916,33.827838604676344,-190.47767732716827,35.8931211574082,-253.64973562576515,-71.38032752543421
917,15.043065516515998,-195.1719113768053,16.76300237905829,-255.15251747281792,-90.44450881206419
918,-4.916800164972617,-182.14634194542964,-1.515669837756601,-253.8127031326363,-106.2787612927709
919,191.11851751751212,-156.22129779431208,217.24117236158338,-255.0026818941251,89.50296366522736
920,139.70322094692824,-181.19734112438408,170.54405819929815,-259.11590561977175,38.534160446005416
921,90.92412313813149,-197.7851734217832,146.175146972034,-263.0182334444755,-0.9553897216462914
922,61.46724601289709,-207.59343067021433,131.5371023822007,-265.37478361449433,-30.283845327116328
923,34.15891605658588,-216.71514345562002,103.28836064265677,-267.5594500109994,-58.77798094674412
924,11.684344347039918,-224.28656306425853,79.99727850773371,-269.35741574776307,-82.21130112176832
925,-4.334580388383035,-227.90640018663836,60.56610911482315,-270.6389297265968,-102.20342642167952
926,-12.019280232964327,-229.84447180394673,45.60193790527978,-271.2537057141634,-118.3271527466301
927,11.650351389876448,-220.24451015038883,45.431342086645444,-269.63338251086697,-131.35750294619544
928,66.91769416100699,-213.08819511712343,60.78340559129309,-266.9585713451505,-71.55765038248273
929,43.51038938790471,-218.73382582729673,38.66024944806927,-268.8311557269987,-93.09694264511329
930,13.662977242696748,-219.45962798159889,15.45788362064497,-270.5168981016691,-110.85916313818275
931,49.15123548835031,-217.95626509810103,52.58931438080381,-268.9458118515804,-73.24613483965854
932,29.853883166350595,-222.44760785510192,32.83269039513293,-270.48960003734015,-92.83027069081622
933,14.971001714440636,-218.78547476988857,27.466708255507086,-270.67870644538345,-109.05165006783288
934,15.86292669302198,-217.11725187792612,26.87377489194357,-270.9442741952994,-110.35198064860722
935,-6.957867190859707,-210.95006148514022,9.050640540701725,-269.4402891761742,-109.29019368085496
936,16.21218953023668,-211.4880843976008,31.914857670297803,-270.80097553508836,-86.30504673103597
937,-13.024244806966943,-204.43067980635686,18.11609439043005,-269.2024506895586,-103.06726331109647
938,86.73716369801075,-201.50226591409807,70.94480436142118,-271.0343757215014,5.194671626366983
939,58.58023962640999,-210.72973591252372,57.49339942267789,-273.2869296472295,-21.064196139938204
940,34.899789528789,-218.63077695467857,32.886723578556605,-275.18136565503914,-44.83533835293344
941,26.12727962993626,-220.20070609656128,13.950788769691457,-275.8831664469474,-65.77449975297284
942,16.154037408835375,-222.67642775909377,2.2618853931575273,-276.68102582463547,-77.63615437479861
943,11.15329527797947,-213.09629864330236,1.5273412420169965,-276.3662195931326,-86.3186425225527
944,142.59052351514723,-197.16660077223193,67.43019916636129,-270.8659293450101,44.838581275513086
945,101.21852486827268,-210.1657551510377,49.24699698886144,-273.8704651642265,10.615951283691796
946,55.56017832120307,-223.9291833588245,18.680375328184343,-277.52672822317635,-17.57014756854054
947,38.45466528579005,-227.61716692751082,13.51412626491576,-278.8951692660092,-34.66766517390371
948,29.068069016267533,-229.77867031921033,-5.375540256278381,-279.646096967571,-51.65616923872752
949,16.49360753805049,-232.99170771867068,-18.946953514859292,-280.6520538858284,-65.21296508147867
950,26.794722465415564,-224.77845161679863,-25.074657081464075,-279.74781172880563,-80.52784783388003
951,78.37326349524292,-214.32291916165724,31.592499947429477,-277.3534900821559,-23.19899967483656
952,53.10388515337013,-220.47247953716115,20.5553931961445,-279.37504034950564,-46.116019883858165
953,34.5139624499606,-225.1493284697064,-0.9657915147239322,-280.86223416577826,-66.13444097503731
954,21.182090390414356,-228.59766468600952,-14.28577578134528,-281.92878393054195,-79.08380653245209
955,23.12779698129442,-218.40220611182298,-7.830377470197714,-281.5236950068995,-77.78957691847198
956,116.43968216567555,-213.8609018571577,41.219739681583484,-276.70201100225694,21.7776437931319
957,81.79067728248594,-224.70861967633894,25.722538751447537,-279.47393139291205,-7.577311693919075
958,55.645754031756674,-231.04308639154996,13.545563530249424,-281.56552525297036,-30.809513554388445
959,36.07437341439939,-235.92003970326869,-8.269944683996961,-283.1312357023588,-51.13840612372507
960,21.355480958075336,-239.5936131704193,-24.0546469907194,-284.3087470988647,-66.79803965231967
961,24.701216203973793,-235.69942169079243,-33.941164951480005,-283.8661097663139,-81.93665635781608
962,34.38525994450836,-231.56940460052257,-25.33687203480868,-283.0205253228324,-86.97672484102702
963,29.813350460781585,-225.9253512228798,-34.45861684132954,-283.2142334325982,-96.03064360029323
964,94.6340444513068,-217.2895173600921,35.423398580539846,-280.0476087405759,-25.340253040823946
965,68.13775008300922,-225.91677298749542,10.777043575024077,-282.1673122900397,-49.378437464770734
966,45.92719009916433,-231.23528987146074,-9.35212053844825,-283.9441570887473,-68.76639382169267
967,8.886113651158663,-227.65120520020344,-24.163884495421932,-284.6430659634584,-82.81629104474425
968,120.38715003909128,-215.9087922570452,112.84639830608353,-283.73122672286837,34.283196163051514
969,84.64407370994493,-232.08056934553238,95.20063793215576,-285.8263941483189,-1.0322277784841418
970,57.89931494338941,-241.06638348989395,66.90529686231962,-287.9765746729448,-29.687703541306842
971,34.59934100403198,-248.95491127062343,42.24175585777941,-289.84057258809344,-54.450115091989055
972,20.45540255395837,-251.84774397740034,24.9671934669206,-290.9720876640994,-72.23974794116326
973,7.955674427418696,-254.94836259224903,9.373774271506331,-291.9720659142225,-88.43352332293956
974,17.297102260624964,-245.12419791535305,-0.51785075714713,-290.33551431480697,-104.01417214471647
975,25.322437188738785,-242.11437413547654,11.35601413063027,-290.12058331821066,-103.72651825723949
976,36.419496839670884,-241.52853681827403,13.361979700964683,-289.6122605662155,-103.84298767666783
977,-4.101828915496707,-234.80617566061372,-8.760570093459036,-289.0411359876409,-112.62674187218171
978,41.671161743540324,-233.34525021314772,39.5395967619414,-290.5539170083645,-63.44741587737144
979,26.49639555851158,-236.44629785180473,22.47384021780836,-291.76789830316676,-80.72131412683544
980,12.426150051474782,-239.9889713763241,7.503457559282079,-292.8935179437296,-95.57955086029588
981,23.472087272623178,-231.10882175278581,8.114082391572303,-291.965909112039,-109.91467022566495
982,91.21518937613064,-221.7125707084854,29.577776436502944,-288.5977332917725,-36.28717616345657
983,58.36379021829032,-229.5749610347258,4.7516331230188875,-291.2258452243999,-58.923470082424984
984,41.94123159676418,-233.52886578342415,-11.128982502323968,-292.53964991412187,-74.36063180988074
985,7.478278809394919,-229.71491558406873,-22.986009974672864,-293.2564532289779,-81.52849966536212
986,193.49858859418214,-214.60361059838837,166.49519616571376,-290.2575647707986,106.15904986680775
987,146.04775341999542,-232.0899294998004,138.20072925289222,-294.0536315847334,58.20168119621395
988,101.40622044299874,-243.38998340457994,116.92527345829117,-297.276339307707,16.160929574280125
989,64.0817161576406,-255.14974939990628,100.15481294765704,-300.23567927953746,-15.64478661339086
990,40.774292857113565,-263.0803318586368,74.37884617493553,-302.1002731435796,-40.889506216575384
991,20.26006656845577,-270.00826170094547,51.9361280815868,-303.7414112466722,-63.60781941499417
992,4.675483549500047,-273.6481593872076,33.751634909904055,-304.98817788818866,-82.2765665973066
993,-8.394420220276597,-276.87659868806253,18.898533935018182,-306.0337701897708,-97.32121004598068
994,20.63661484480525,-265.57750404137465,12.327568982642397,-303.58423500945275,-113.95658158816987
995,29.30769517557594,-266.74994126830904,21.008824335354337,-304.0957892505527,-104.82125429658205
996,27.392825818959334,-264.31420499612335,19.133143211268944,-304.01735553327194,-119.03103638203062
997,26.44531967243947,-251.7513638581173,19.085161565686256,-303.99304897271605,-105.01991147377187
998,172.25863029770647,-218.55096912552227,99.85904814031832,-296.44491659541427,61.78474871337957
999,128.97372782161744,-229.57654284403367,80.38898735802364,-299.90770879350134,24.125370380083183
1000,82.46064711872701,-243.74926235305486,61.03502139747805,-303.6287552497327,-10.977627403827231
1001,52.26565893679238,-253.1293906623623,34.86014793741535,-306.04435430428776,-34.006810012371965
1002,38.325784149802544,-255.27621693668243,17.426172503131635,-306.92758276032663,-51.91954288051555
1003,26.21417299076594,-258.2420166623886,-1.0819506327739994,-307.9158463281063,-71.56603282927755
1004,22.327890780023054,-259.33783145837515,-13.231734463281358,-308.2267489049659,-84.7614996527605
1005,28.74961345654274,-252.75594900199312,-10.228316231450234,-307.3614789684908,-97.37838917352467
1006,14.080668220624446,-248.6263264154313,-12.238857050623631,-307.24754684945617,-99.55792560901166
1007,36.233198769129494,-247.61133454024716,-12.211184228435018,-307.6237655210678,-77.88879761824685
1008,31.487826567640806,-245.90913919951512,-23.903203643612574,-307.5952520843086,-92.17939937981795
1009,36.68522423266671,-243.37841528252957,-24.924727980126615,-307.35435467377357,-95.02620696160497
1010,24.94159027892271,-241.82819262890632,-22.23255394808569,-307.52142111022494,-102.95834122175204
1011,24.504872498329057,-235.58078457074396,-26.815850457640785,-307.3941659766095,-84.07364441283825
1012,31.49167687912592,-235.3880474169663,-19.44546158794802,-307.69823022237546,-76.17973601637064
1013,29.320740424145562,-230.42238522585464,-27.83440929876003,-307.5793129112683,-87.48891268470987
1014,65.55534515262069,-226.897934232695,13.161064311057636,-306.03690555977875,-45.39043280914082
1015,45.57818675709757,-231.47659541449738,-6.030971247383462,-307.63507823142055,-64.18454742938812
1016,5.932202417980495,-228.58562999575148,-16.3683731474122,-307.6620672189973,-81.40346165300485
1017,42.403723293173826,-226.44447922975274,-10.836987228721888,-308.25144434609484,-46.84012560518805
1018,29.579958155344784,-229.71158724527817,-23.733168170035597,-309.2773455571211,-59.49999705091558
1019,20.623435772822624,-223.65055160828229,-34.436221830780504,-309.32929278190073,-73.15169191390359
1020,67.24380825976691,-222.49041790274114,14.886359479550269,-307.9110452572154,-23.40764315567012
1021,45.35592956723729,-227.723732241195,5.7624110439193785,-309.66207555261775,-42.89304779150581
1022,32.476521194020926,-232.53388552784972,-12.932516597972565,-310.6924282224749,-61.075852854113556
1023,20.83282426294467,-234.88832229084545,-25.185156404770684,-311.623923976961,-73.06444585997241
1024,12.906099707317487,-226.41585050083992,-36.314991416389674,-310.14191066482147,-87.95936253077359
1025,37.930109094248124,-225.3529912750125,-11.208158792164706,-311.50519592001405,-62.55946696931373
1026,-4.489681728130993,-217.75365531924183,-29.78914823722473,-310.82202452241455,-75.6437945514969
1027,88.54070511872135,-214.22204761292585,78.30756981581357,-312.01402774050837,16.575162749145747
1028,55.61649515302115,-224.8823657005355,63.12259836679264,-314.6479645377644,-12.576024405068983
1029,33.58345725803596,-232.32731102469768,38.9256361155813,-316.4106075693632,-35.81625461005991
1030,15.869517846907478,-236.43796943113347,18.290776581400458,-317.82772272225344,-57.097268502590886
1031,4.16869799106971,-239.40880294142394,1.9124538378029996,-318.76378831072043,-74.03195961674724
1032,23.645419087635048,-229.54720610560167,-5.37942542564258,-317.24108603526986,-90.08837110081869
1033,57.42263790523226,-226.21288675046623,29.15770841522008,-315.74477457088284,-55.357584567714824
1034,37.09324961556971,-230.82921054747507,9.105490660040054,-317.3711256340559,-75.1200348979603
1035,25.02335162203657,-226.0959407683814,4.250528653041668,-317.2336870443779,-90.60448541688692
1036,72.13509255088559,-209.94069200280308,16.179020663425227,-318.2363106430485,-38.076723016494014
1037,49.89597723261733,-215.22715689978662,-4.883476106740343,-320.01543986851,-58.715161177116826
1038,33.09619162949086,-219.42710330056823,-11.41263902269281,-321.35942271676004,-75.66735656186873
1039,18.28367244927381,-215.0049542423317,-16.855058264988024,-321.58142059505,-91.51994837551649
1040,69.83486615697284,-210.3030610647416,15.550925976234003,-320.42032802507316,-20.696471647824808
1041,48.54892151660643,-215.6245472248332,5.648489255074418,-322.1232035963022,-39.126186284686895
1042,29.9962227074356,-220.2949071769306,-14.877867649693744,-323.60741950103585,-57.38159884084123
1043,15.432220206859832,-216.72493723933385,-24.007992463388124,-323.87485407368143,-61.1008026822219
1044,107.08715531660994,-190.4326351866603,99.70007945552109,-320.15551513286334,42.17770799251763
1045,62.1731433600101,-208.15906091704218,80.78698283325107,-323.3607668196767,7.030644757747062
1046,39.956720005863374,-215.05995380814227,69.33612829193703,-325.168251921759,-16.141564047751412
1047,18.29659460044752,-222.45234324960094,45.35079683905006,-326.9010619541922,-39.86986112900806
1048,5.973231942816209,-225.21090879660193,25.820686187139035,-327.8869309668026,-60.85740311596679
1049,-0.9531842183388477,-226.87958116046653,10.896774481728013,-328.4410442596948,-77.08007890555886
1050,-5.277518475847472,-213.84356183148117,-1.1142179597060142,-326.2852625423679,-93.03997633375059
1051,47.042330878399994,-211.4550486414254,50.52209255846887,-327.60077608144167,-41.70956244517737
1052,27.162814340795563,-215.98076041523095,27.89650722347747,-329.1911374044498,-64.80457589430965
1053,16.54505983633752,-218.60740382212308,12.382288740256396,-330.04055776480635,-81.03928419781705
1054,19.81726597699897,-210.67514379994526,10.688033152785296,-329.62691000703643,-95.52840579689384
1055,108.45553450493992,-197.48203008320928,58.77619239333055,-323.9712184304301,3.7833582460089694
1056,77.56843878965643,-207.6792912215356,29.485847176326857,-326.40731956511564,-25.92248826805635
1057,50.507591558465165,-214.14715819090318,5.037632880277744,-328.572187343611,-49.71383689781412
1058,34.93147185718139,-217.87467378960713,-12.202538978203181,-329.8182769197138,-67.09567503363351
1059,28.001035793853642,-213.93718668852634,-13.728571912502334,-329.8627021502781,-81.70711354415047
1060,26.042825873496845,-212.95265615166616,-22.328786189560873,-329.9443521259297,-75.13383304548964
1061,30.695413752251337,-213.1683330572066,-18.40446802401364,-330.0838494397091,-70.96635031776212
1062,21.773308032684852,-209.40794659434752,-30.22148596028031,-329.8546956478415,-82.4808750114899
1063,32.592940964730744,-209.6074012068357,-18.65524836517841,-329.99887572881204,-70.42261009199406
1064,25.64337174699789,-206.8196720068799,-20.838622900274466,-330.00964177593744,-86.53056815920274
1065,27.469798495241072,-205.2529844222853,-19.7805461572321,-329.93948556029954,-87.04312282038609
1066,26.741378357903066,-201.05066866363507,-27.269516828533895,-329.8937759708437,-76.88090808527258
1067,33.15292280374618,-201.01953809518582,-20.128720328333987,-329.9688376294909,-69.22544242794099
1068,22.13024777118717,-199.00920585156754,-32.820158198282925,-330.24035381035924,-84.38645863047297
1069,40.17057718606606,-196.6311314889341,-13.640705020426084,-330.0744274664129,-64.68381184631369
1070,2.1559564250878864,-194.24597510755808,-18.842968682288497,-330.17993802938344,-74.63317588695966
1071,64.88045822596654,-186.25130933909335,13.061620945374447,-331.6041276756521,-10.458114665341473
1072,39.86947898133411,-192.50405415025148,1.063466062180968,-333.6050060152226,-32.98222259785945
1073,22.358253594393787,-196.83136644879988,-19.00831033903908,-335.0059040461779,-50.63650013630506
1074,21.65828446882948,-193.56009049901758,-28.94720194137441,-334.8932964339401,-62.314752234487344
1075,58.64908160774648,-186.51251816445182,9.027331274022572,-333.2362272881543,-24.19464513851176
1076,36.77818238221524,-191.75947872856023,-12.542277900187425,-334.98589922619686,-45.59275323390356
1077,23.26075035603479,-191.90291729026194,-29.858648317458986,-335.6326468074266,-64.34918074438602
1078,24.174722844898003,-187.25583520033675,-34.49227407863954,-335.40163898524463,-74.1760248896096
1079,79.40475330159164,-180.15768197673225,36.87183646600362,-332.7133464388921,-17.361916295648925
1080,50.37447540369028,-189.28745817165535,11.107511707478537,-335.0357686707243,-41.40654850582751
1081,32.37346162427637,-193.16320748960194,-6.78497535160129,-336.47584977307747,-59.130137109465025
1082,24.729739883072266,-190.98325935205142,-11.07427071522884,-336.57471029646206,-76.14447731508515
1083,30.859879796422273,-190.99463293818349,-18.920046389826098,-336.6612704292648,-69.09950157182777
1084,14.638734408191215,-185.55113244282646,-19.146955955817504,-337.0721978506089,-84.49566391497147
1085,109.7995637632157,-176.10405389024447,31.599346761237,-333.05143244103306,19.089981182525097
1086,78.10007158263964,-184.06407789959843,16.37405959874203,-335.5826662996769,-10.875520587877016
1087,47.13419671630656,-191.80554661618174,3.222289780279759,-338.0599362889836,-34.01272465362291
1088,30.572879510843265,-195.96426368521756,-16.693850729526165,-339.38484166542054,-50.606733569011325
1089,23.145483772089964,-194.10379463675784,-19.911306450209395,-339.64061089436206,-68.30975376838045
1090,11.397335905661837,-191.6895860831224,-20.796277428363805,-339.4703747398148,-69.11902057462096
1091,43.1903050533886,-188.56075493822033,-4.441836334829617,-339.24025455617095,-35.71740466828889
1092,24.59240131820005,-193.19175610609182,-24.737920605662733,-340.72808685498603,-53.97502948628555
1093,23.3116570895006,-187.51939562857262,-24.188763315907565,-340.18851321220933,-68.09206979136016
1094,100.61840139768171,-170.73456708849807,15.59770655591239,-336.2203246921724,12.223190995872248
1095,72.48042389492079,-179.98358897777888,2.034938988623866,-338.4713628923933,-14.351139167214711
1096,48.56369473376567,-185.79339315017967,-21.919866182837858,-340.3847012252857,-37.14222414944946
1097,34.151423147744595,-189.4265312015226,-39.36628128750233,-341.5376829521671,-55.120588691274875
1098,16.934013055417765,-186.63485323317056,-49.94902409925997,-341.61432163963576,-66.80108367301527
1099,32.38768982998022,-186.46679312340058,-36.57228613044931,-341.7767721190767,-53.63950147721617
1100,27.500848480566283,-185.36637430069473,-35.21621257310878,-341.87215583165204,-66.7891112695963
1101,23.600829237332636,-180.06313073378274,-32.642237982175914,-341.68515198930544,-56.77892691201674
1102,23.65973946545164,-173.39309618301849,-29.536021221253257,-341.2869150501519,-57.96556502460096
1103,58.8078895686715,-164.60605865721337,-9.179713349551669,-341.28503056063204,-15.198862658380216
1104,38.14943968716912,-169.713388915895,-19.47969804210198,-342.9377065511523,-35.55038053687311
1105,18.598899401788795,-164.31907811828594,-33.72671452378651,-343.99665098908827,-51.301377473574185
1106,148.8405289565229,-150.16652829260926,97.90822894599219,-337.0764392955306,79.23223351879514
1107,100.60888026075841,-162.97489999965464,71.26558801714147,-340.9349711911918,33.82362590020059
1108,68.00052518863777,-173.55532472815415,55.38013094362158,-343.54363959696127,2.455957514269702
1109,41.56957541298951,-182.40933458596106,28.601385261828813,-345.6581155790131,-24.499311452468625
1110,21.090924387982273,-187.27721998004625,6.469388321975046,-347.29640766101363,-46.98882446411605
1111,4.500947099499001,-191.48259310233996,-10.911285735399106,-348.6236058440923,-64.29360217653482
1112,19.596387921761803,-184.3323086676195,-19.663224962261673,-347.2911493714069,-81.52841852302504
1113,36.87987416190847,-183.6009179944278,-1.0906356994412576,-347.18993660091155,-62.47573109442779
1114,10.881525354571995,-181.29251036984672,-6.516995860732322,-348.2845451067336,-78.03256903784458
1115,122.84228701042301,-174.6595207664875,51.16078628995314,-343.5988071575927,38.14734580449572
1116,84.45262943248756,-186.40586026453028,34.60500428557184,-345.7717253156926,6.869805340054924
1117,56.86503436305081,-195.54331314986916,7.749713838384061,-347.97636087322104,-20.016844075701442
1118,35.23668468203371,-200.76479770182436,-1.8010656454616623,-349.7066288477025,-40.52288634367656
1119,17.48163013137975,-205.26488874566203,-21.752800051381705,-351.12703321175485,-58.9643118668357
1120,20.279663883661208,-203.71167205578357,-22.083019895463522,-350.7510959803152,-74.52753058194875
1121,26.673420888804564,-198.52602141638934,-32.026990104766334,-350.1815359648158,-82.95586778292221
1122,45.13388601208074,-196.08035657508412,-12.353145195832674,-349.57473118591486,-62.728915772299125
1123,22.32494267112316,-195.987282465468,-18.83987673192307,-350.4626773030947,-79.7631474459721
1124,23.595430845197754,-189.49425986583185,-11.969130543351342,-350.6923638209517,-66.88848005488774
1125,148.06106152580116,-158.43528236487518,50.42194870584574,-343.9776170286635,56.985912052973816
1126,106.06322573853672,-171.57859062305346,31.818019308807116,-347.3374438916448,21.41934693729448
1127,74.4906709408537,-181.94382571783183,16.77882910891747,-349.8632482754594,-8.245809806996245
1128,50.364640402597,-187.82919129701105,4.845031203845284,-351.7933307185199,-31.76868342633326
1129,30.53620368856248,-192.53715964719586,-16.766110855532837,-353.37960565564265,-52.5820370583861
1130,23.12354252822837,-189.63060381731367,-17.97035579818612,-353.6893201958691,-69.1410902679951
1131,74.43587257193813,-181.0022118746673,9.421382465902205,-351.2728521950318,-12.828749930755606
1132,49.939599583960344,-187.12628012166175,-2.4398089798749893,-353.23255403407006,-35.742886571209084
1133,30.639417620775568,-191.93803095290667,-23.40847879347367,-354.7765685911248,-55.182831825120736
1134,23.90192512608563,-188.96354517677204,-34.75781309805858,-354.9878932014297,-71.10303292759652
1135,72.60216340466687,-183.03841580224068,14.745749712784988,-352.6488919876243,-21.54076739047012
1136,48.666056922560514,-188.86159984358713,-8.652388455247241,-354.5637805061929,-44.73440760206666
1137,31.413689590157198,-193.20266398262876,-27.14563214804811,-355.94396989278516,-63.163475609047886
1138,25.570316601411122,-189.39062337721165,-26.491680288535896,-355.87384347834666,-74.64662531184274
1139,50.51840238579399,-185.95385881387267,-24.093858228935577,-354.99292072450595,-43.08389025740735
1140,30.4061593634188,-189.1820840741683,-28.39268250745067,-356.0218781617844,-58.040957535967436
1141,15.064594127575795,-183.41855558821138,-26.615327089697136,-356.49868917340723,-62.04690369802432
1142,142.21308687878252,-168.3328310400274,37.3508530450424,-351.2451353787604,65.42468765654729
1143,102.25044552069761,-181.2148399332493,19.44063101870889,-354.44214668740705,30.728505012139017
1144,65.95356756215752,-192.6711445665709,4.076658695130739,-357.34589692409037,2.143483287900896
1145,44.436969144338235,-197.76913397542572,-6.716293220615805,-359.06722479751596,-19.61112355704973
1146,29.474553712838606,-201.51492280495611,-27.63919569781409,-360.26421803203596,-40.70421724603858
1147,25.350069476676413,-202.3039170168416,-39.15242963167757,-360.59417677092875,-54.38810651982739
1148,19.095215142360143,-194.39226900364284,-31.703736150936976,-360.26191814478847,-65.30856567315288
1149,131.41053460622328,-187.59795099024814,24.987986452023375,-355.5073099147185,47.66249305267609
1150,95.58646225357025,-199.2046914834424,9.00372721532529,-358.36613251457,17.27446186446006
1151,66.89963460718367,-206.25894137228113,-4.252387346519367,-360.66107872628083,-8.297321851498236
1152,44.72412556109269,-211.8028186338039,-15.420999572705503,-362.43511944996806,-30.55204633535629
1153,28.906503011004126,-217.50240502266152,-23.605960825753485,-363.7005292539751,-47.244116099282856
1154,30.820025913663233,-211.64891556199586,-35.316074596974225,-363.25372446385427,-63.99380162120484
1155,72.89776023573029,-203.4361493784521,9.17177966662161,-361.3401251317487,-19.042839701889314
1156,48.48547700936568,-209.34051122666946,-0.9560067463177724,-363.29310778985786,-40.13607839607631
1157,31.567013199754715,-213.61650921728963,-20.459117289133896,-364.6465848946267,-56.62210011119343
1158,21.89194273983778,-215.3514245995584,-24.888394103442074,-365.23862737458353,-72.3307022809399
1159,30.5347694998889,-207.17286755918934,-32.881102810714744,-364.6059649839195,-87.49310469491127
1160,101.45688633544738,-197.35581933793353,59.432894977515964,-361.0987342040003,-9.131791192479255
1161,74.18420224076496,-206.41363160533177,31.985723327225035,-363.28054893157486,-36.0074861172109
1162,49.08548226356666,-212.46601528828134,8.496110892124427,-365.28844652975073,-59.00173459728685
1163,34.205067345408494,-216.27877110629262,-8.535320019675268,-366.4788797232034,-76.04559965234175
1164,27.448527404563865,-215.68123822658933,-9.639698443927532,-366.6850018593296,-89.56146993998954
1165,52.665454449253815,-205.97467123734563,4.948216648103601,-364.86413857332485,-75.93122865781021
1166,25.4753413782957,-211.88761189066878,-11.928668396751279,-368.23936261268227,-89.75674569736408
1167,70.09071235677567,-207.01099611995636,38.02102921668206,-366.2490210657747,-38.77241887458032
1168,47.3468664298656,-212.22085981385345,15.70278168265218,-368.0685287399275,-60.68077140325544
1169,31.306691376258218,-216.2354518260943,-1.9262388109468738,-369.35174274421615,-78.31725087585042
1170,7.0334302396389035,-212.31160167280376,-18.16291730203959,-368.5189894819677,-93.30801490614397
1171,1.1118890917424231,-200.96796672925853,-1.430637842709169,-367.87352973853405,-86.56101094105408
1172,144.98369281178486,-184.56842200121457,75.97317620825095,-370.1588601314107,72.76310579191647
1173,99.65885731681219,-195.7196601643373,54.15531680834584,-371.9925468706654,28.87482547898486
1174,62.88521447015593,-207.28111434647417,37.11545567106979,-374.7027227018165,-4.176008098313378
1175,40.519080512652124,-214.77708161084502,13.1830265881566,-376.49201341841683,-27.02921339825228
1176,30.95099926874535,-216.77236852941263,-5.734405487856797,-377.2574599179295,-47.86052385277796
1177,18.534672869182845,-219.84110221277152,-18.428595380298326,-378.2507660298945,-60.44395351163955
1178,22.506092968989336,-216.79343927800534,-29.755820919162826,-377.6630275142703,-76.49923171914028
1179,19.83752940229349,-218.80026255434544,-27.409503478988903,-377.9187360889319,-84.47036283513035
1180,23.44430277322497,-210.94935353367447,-38.06368104094612,-376.6955978035456,-97.73107966928518
1181,37.57696318534049,-205.875094968138,-25.524821394404874,-376.4406479063253,-85.74846169706781
1182,32.65361379539703,-204.07822818190112,-24.129180965622997,-376.62212549661683,-96.58461453023381
1183,7.408281542022724,-195.40565583813807,-28.9233387578749,-376.5838857687409,-87.97656497188223
1184,196.49772606907203,-180.6698961458389,169.2403156635704,-376.3651082124026,109.39119840617204
1185,146.87768250947832,-198.84481508695532,140.10813496538702,-380.3347116971702,60.53496931296586
1186,97.09931375857623,-219.5892171263036,119.47135181269468,-384.31698119724234,22.679098737994373
1187,61.036948125053016,-228.27027962031653,103.46011995704804,-387.2019704479241,-7.6318519889345104
1188,37.31434608234971,-236.5279220092706,77.09178149064309,-389.09977861134035,-34.01053025952127
1189,15.204016377658949,-244.0249048240947,53.736498838685634,-390.8686049877156,-57.643334923338486
1190,5.0215732705629605,-246.24563080050942,35.718083406480275,-391.68320043628324,-77.29514691912578
1191,8.297362769374867,-245.49112832242173,22.78030615958529,-391.4211372763786,-93.00583189212354
1192,16.360359506251875,-238.1933539687746,25.35320102703139,-390.2924749496438,-106.02468767203366
1193,16.957835823349562,-232.82727086211347,12.904988147586288,-389.8977050177318,-111.12924812990971
1194,40.7642562419726,-230.76338456673471,36.0921860540344,-389.4032339075186,-87.82328198450504
1195,26.511252963058443,-234.44264658855903,20.763516298737787,-390.5434741698317,-102.95891430710692
1196,18.83404703719181,-231.7352757714587,17.96423069026685,-390.4042463166799,-117.05514666114246
1197,27.8361287284071,-227.6288140849419,20.341610488713073,-390.0058076797626,-114.37465027164588
1198,34.96455120203518,-226.93913028501183,24.829494725382062,-389.5462582118865,-103.31379151008525
1199,27.12909840360074,-220.96531088002737,10.05133978044477,-389.9916401780243,-106.10239035678549
1200,73.96948398133348,-218.2213428565566,60.55716043740516,-387.83147024483947,-54.989839504954304
1,-24.596874500000002,-6.161718625000001,-12.28593725,-0.24646874500000002,-24.5468745
2,-45.13979520861756,-16.815904464738402,-22.613550433406104,-0.6726361785895361,-45.34705280112226
3,-62.1632653764041,-22.110738257673063,-31.160553223784042,-0.8123631227001851,-62.33952199326572
4,-75.96232869789151,-25.251403665058664,-38.18324596365862,-0.9503537559150592,-76.87755178953837
5,-86.64228369339533,-29.227696395209648,-51.49580723488144,-1.0571533058700975,-88.36606609996663
6,-91.63865621679157,-31.103659831017502,-58.60697124026732,-1.10711703110406,-96.4470414622795
7,-101.7684432527294,-34.55405375182249,-59.52022657574529,-1.208414901463438,-103.56796798590223
8,-129.3286312419593,-50.04576128281068,-92.412751439911,-1.4840167813557372,-134.49696165227405
9,-125.05555590217143,-46.22895720843918,-85.51537432905018,-1.4412860279578585,-134.1042036625832
10,-73.25358107886234,-43.924658106081715,-60.89827860078816,-1.317300105898153,-86.70732107850222
11,-84.04804841876177,-49.1039658821962,-66.31184059232366,-1.4754034948630093,-97.02087037667656
12,-44.36202913396473,-48.30166062263344,-46.14228189684923,-1.4344918805253564,-55.37555677342397
13,-10.077393289304435,-47.002344370064016,-34.3478817009819,-1.3980923077669687,-52.81758517346532
14,-31.792011182380087,-54.13351206903961,-44.94605808867705,-1.6105207659001897,-72.98288494748672
15,4.032368462242292,-50.9224893848133,-32.272093896843,-1.5125242111411639,-68.53201634690146
16,30.451227036134902,-50.30572158529216,-23.46580770554547,-1.4994266640778462,-68.53201634690146
17,4.313621934065203,-58.6365200010752,-35.6536324417258,-1.7505051094434954,-89.96000611753887
18,39.94924882620633,-56.701931979054706,-17.913827274813272,-1.6943179074018286,-54.792428900345925
19,17.127909430213236,-64.79131359098683,-28.996937340678404,-1.939834844319877,-76.0759552720854
20,-2.5306635163715328,-69.32354810341837,-38.28754762171066,-2.1364205737857245,-92.60018226573251
21,-13.662084400770897,-76.26153622987,-44.23354460586417,-2.247734782629718,-106.03284792559865
22,-26.579503587033773,-77.45793150375196,-50.53276438585652,-2.366526376393426,-116.90992519745052
23,-36.00858655826515,-79.78451621887355,-55.277991899158465,-2.4595897649982894,-126.46175227942693
24,-46.8501924667622,-84.11113848741462,-60.21624560270446,-2.56800582408326,-134.1026057439401
25,-8.23634102246707,-80.30388647718921,-46.037082770274544,-2.4638225047881344,-126.25533163795087
1,-24.725470526015354,-8.287520642587564,-24.958119340352233,-0.24725470526015353,-25.074443747520675
2,-42.89630619285936,-14.495607651665146,-33.195518503073004,-0.42784779849579146,-43.93950589495987
3,-61.483196489977956,-20.74717348204065,-42.28752284017898,-0.6137167014669775,-61.31775132335855
4,-73.95378599538653,-25.044288182721406,-48.95815782411029,-0.7384225965210631,-75.85767808787236
5,-37.82702627610557,-22.77419573543627,-36.159583268561434,-0.6730327632277028,-71.31975019314113
6,-57.14361350314286,-29.17257496643712,-45.73032825441871,-0.8589901258951382,-89.55798941813798
7,-53.61373053753903,-27.96197236487391,-45.15918149849206,-0.8236912962391,-92.72952595254068
8,-62.10440920520937,-29.41758784691233,-49.84171358000564,-0.9085980829158034,-103.69783120331869
9,-68.28626365370502,-30.91446137426749,-60.89845834558666,-0.9704166274007598,-112.70822887512043
10,-28.159316380975618,-30.68153659151001,-36.29178713426127,-0.9211292658316298,-69.46303735763473
11,-38.2646587098391,-33.67202262060859,-51.17037600381816,-1.0549955343833157,-81.17508004425581
12,2.284964799569874,-29.76183630838488,-32.95755602716616,-0.923576239576601,-70.70709847886593
13,-17.245835032051232,-34.52003240467052,-42.888128000606386,-1.115966919575515,-91.20014912895189
14,-33.46373461885558,-40.42770517831709,-50.53248041715449,-1.2781459154435586,-104.46818720981275
15,-43.99913923410216,-42.56029798645362,-55.8952586597526,-1.3834999615960244,-115.57404743490827
16,-55.78176711127844,-45.40225499200458,-61.568792179856835,-1.5013262403677874,-125.12719834796845
17,-59.39256767211131,-47.38565359447898,-64.22843181083451,-1.537434245976116,-132.7618561550264
18,-68.02482522589378,-52.66292453819692,-68.1860102213128,-1.623756821513941,-138.359282755759
19,-27.793256401765618,-47.42192448715245,-53.35646315220811,-1.5150416448651605,-129.84513798938718
20,-42.017292944571594,-54.33034563774194,-60.54541811300561,-1.650719163306972,-144.53079466856028
21,-2.088669944248153,-48.813499720934175,-45.874091837565004,-1.5301047159514394,-136.09158950080223
22,-17.690442121426386,-52.59373723874338,-61.21504780868338,-1.6804930352279002,-151.3021373688907
23,19.974556181215593,-49.521950128387594,-42.3521070754322,-1.5702127766482663,-141.84022542033492
24,3.6238439881139755,-52.131673575078814,-49.45101873004049,-1.719731896125058,-151.5014280743073
25,-9.774553257820024,-56.632070200305925,-62.66449091332046,-1.853715868584398,-158.88675156968313
26,28.203055171712133,-53.3684271941065,-43.16705456995422,-1.7360970588281621,-148.62940126939984
27,5.304169161541138,-59.96107006472188,-61.15596297922357,-1.9488510505504286,-164.08669660476224
28,-6.239845626041083,-61.914202957239404,-60.62684004530411,-2.064291198426251,-169.39851841979558
29,-17.450857132912716,-62.609360973203685,-65.37393450766504,-2.1764013134949676,-175.36876517761135
30,-21.727361684691413,-64.459897950608,-67.5853534281844,-2.219166359012754,-180.08426959717013
31,-31.76004345832738,-66.89958422927825,-71.54809446506974,-2.3194931767491136,-183.83166282302005
32,9.126023011199205,-62.72390408677195,-60.20151424019785,-2.172830823805114,-173.93205806498128
33,-13.674585293421051,-69.91926667294695,-69.90911037156614,-2.3878043130402777,-187.61902574883362
34,-16.70689841662352,-69.83340628133212,-71.49352825816338,-2.418127444272302,-191.06090682201213
35,-16.727228300601606,-67.2273502168235,-70.56763193359619,-2.408254175142389,-185.47191188069266
36,-26.527679914234902,-68.72950590079273,-74.42885853084093,-2.506258691278722,-188.99581626832799
37,-27.247901696187036,-69.76549521267827,-80.31950408446758,-2.5134609090982436,-189.95188716852698
38,-34.097000708694914,-71.41547114624306,-76.59587858974963,-2.581951899223322,-190.28279328180827
39,-43.00419825372546,-75.28919181697378,-79.74674960257764,-2.6710238746736277,-191.37362426871528
40,-40.72942964176551,-73.56211963180282,-79.30017361046475,-2.639135701919145,-192.6330794151309
41,-36.81523728856468,-74.83869048603509,-78.09324664727687,-2.599993778387137,-193.08329813286454
42,6.281254595062542,-72.37175675159219,-55.46636550948169,-2.5487285346117243,-143.51499507334782
43,41.13776034039459,-74.83370659230872,-37.21678881521302,-2.5980079639078832,-103.73054639839991
44,19.989829813402878,-83.21893810333134,-46.80523310537659,-2.8510868502140303,-119.43499419958914
45,8.467286454887233,-84.98348678763092,-51.473368383063296,-2.966312283799186,-125.3625012717197
46,-6.027193191279913,-88.57588575311995,-57.97783926888486,-3.1112570802608577,-135.26014690587832
47,-19.754821945575102,-92.00779294169374,-64.00915888791326,-3.2485333678038097,-143.93522128137857
48,-29.92135301877012,-93.60345601243321,-75.1373135103519,-3.3392033394147456,-149.55614674153526
49,-32.594362778070455,-95.92682733167433,-71.85238827820248,-3.365933437007749,-153.7529609502327
50,6.409188503090419,-91.7519273680667,-57.38638523633179,-3.2521024217950334,-144.96404526133028
51,-8.896592492954706,-96.51378261853017,-65.07259512914625,-3.391959485794464,-160.1151307689185
52,-10.011676441255648,-94.55321364878996,-72.22726958270263,-3.3897078197942725,-156.13341537235536
53,-5.6970313074596,-93.93765703400803,-65.55719112101703,-3.3465613684563125,-154.47182509007826
54,-16.603383542074237,-98.75956300793018,-70.14994569076867,-3.4556248908024587,-160.29878041873184
55,-16.66272950936157,-101.47079377072026,-69.51409977748573,-3.4417652614307803,-155.64235855223188
56,-27.078070083139778,-103.33747233780699,-73.6476634501876,-3.545918667168562,-159.61305944088667
57,11.93385102908234,-99.0424157067911,-59.14161609699273,-3.4293888789304137,-150.60061754616163
58,39.67066209901146,-101.5466152315746,-44.18912779063885,-3.480165142246966,-116.35930984789658
59,20.316396310299606,-109.52429637706948,-52.97758607013728,-3.719383179775454,-130.38152794746344
60,4.7432250842722326,-112.8225297793215,-59.849880485011006,-3.875114892035728,-140.596524620021
61,-8.184507368803164,-116.57476256059805,-72.49988205702631,-4.004392216566481,-147.48578763020737
62,30.34398510694552,-112.83701789264938,-53.191300256335495,-3.8819001173858476,-137.7871611670455
63,55.537640408645416,-111.69829020038422,-44.79341515576886,-3.8610942820615475,-137.7871611670455
64,79.05382443107094,-110.51282786409921,-36.91654560238554,-3.84195193221887,-137.7871611670455
65,56.123816992009445,-115.89002973313328,-47.62911520720732,-4.058964609229565,-157.39978791779652
66,39.79016339869348,-122.015992501416,-54.590856434969886,-4.222301145162725,-166.50292809773995
67,75.59553833407799,-121.68564837795232,-35.75484490106112,-4.1889682368688845,-125.0976087650563
68,50.3977964501633,-125.50268020046006,-46.498998133002644,-4.47466977402442,-141.38492235249964
69,83.66179001499849,-126.57168026758208,-29.105419565058362,-4.448194547019468,-103.55143807450436
70,64.49517737698959,-133.77902839109814,-38.422933881591035,-4.672604513987,-121.81101329306377
71,53.58228039234115,-140.21251865453215,-52.808733530681295,-4.781733483833485,-132.77538366142872
72,39.01565736948926,-143.4157110787554,-54.15890383273476,-4.9273997140620045,-141.28513344661846
73,30.765268272687678,-146.2145791018278,-58.4705997451601,-5.009903605030021,-150.67889402631226
74,24.848115424694264,-145.61408019471654,-61.76179812879833,-5.069075133509956,-159.51597722203937
75,21.632812679609472,-146.0059272854461,-70.46080345983233,-5.082936364051041,-157.39703175527922
76,15.75762503415866,-147.96700231596733,-68.49790458186753,-5.141688240505549,-163.49344288954305
77,52.364381467656855,-144.27888867088623,-54.84297262029612,-5.027047116444213,-154.77736398711102
78,78.09871415166849,-142.3825217760697,-46.54379148113182,-4.984583443803263,-154.77736398711102
79,101.48473706301809,-144.87479058508126,-33.600956243607314,-5.039403200539375,-123.8923983846632
80,79.41105219763094,-153.04123219961792,-53.508822019864944,-5.300551015901563,-139.75114966319967
81,112.93982110896371,-151.96231506846317,-31.481890811988073,-5.254601846574226,-101.77474832310152
82,88.14013008052527,-160.64115384292964,-53.429304346903905,-5.530367922892401,-120.41407411786788
83,69.59780919721526,-166.7092686441923,-57.514019603682414,-5.715791131725501,-132.4023497645332
84,51.77754620654439,-170.98682747256197,-65.23355527007682,-5.893993761632209,-143.6676180517571
85,46.380102595596114,-175.34897227198707,-68.36677251181003,-5.947968197741692,-151.6720342802598
86,33.44547328399197,-173.70668468015265,-73.90568269266701,-6.077314490857732,-159.03623674219344
87,28.231516028881188,-176.7650398866857,-83.10698039030842,-6.129454063408839,-164.3600261225438
88,18.26535327350616,-178.28213292455172,-81.12576062608235,-6.229115690962589,-167.72508909904283
89,6.711112665398126,-182.8902585903417,-85.65660072371193,-6.34465809704367,-171.80164846860418
90,4.275885679202753,-182.75259828690025,-92.43106762785288,-6.3690103669056235,-173.24268608101076
91,2.529469044723349,-183.1892024455201,-87.46120658344131,-6.386474533250417,-175.0444908686015
92,43.226307125888354,-178.36897915496914,-72.41199185595609,-6.238870811934934,-165.65099577777707
93,28.316103478593774,-181.39791502343454,-79.85338447511323,-6.366423814508931,-180.54473554196343
94,30.717906078294114,-179.56099808262422,-86.13174689941853,-6.295667471852917,-183.55024654832923
95,70.54678244848557,-174.65057425019646,-64.8261045729546,-6.140940900602914,-171.5369465788477
96,95.23965260665523,-177.19190243063056,-51.16510477481274,-6.197192055862929,-138.95668810633578
97,77.66432906043644,-182.74500570500075,-59.379290708526526,-6.419316186837734,-154.06042074344575
98,61.17830649116128,-188.8861150367437,-66.38802384159567,-6.5841764125304865,-163.1407744033103
99,54.94582676328619,-189.18200929461278,-69.9597527875809,-6.6264738153721225,-171.10481890161574
100,40.417292869729714,-192.8141427680019,-75.8689151723712,-6.771759154307687,-177.9628304270089
1,-49.187498000000005,-12.321874500000002,-24.568749,-0.4928749800000001,-49.087498000000004
2,16.850725386617526,-9.269602100687543,-1.4514281182114885,-0.3867049656182094,-42.460019482504
3,-32.77758098693961,-21.394720390357143,-25.70228993530373,-0.8708576320911421,-89.37323470098069
4,-44.328695937115384,-26.397011729182914,-32.46849078178485,-0.9863687815928996,-105.38215644743478
5,-65.61508011282871,-28.127462886714113,-60.96180282922519,-1.1992326233500328,-127.51362734315094
6,14.679680382440829,-22.45728191844929,-21.773925070420113,-0.9605605998684993,-108.87919095257809
7,64.79647218808914,-21.95292301388335,-5.06832780187068,-0.9480387915858351,-108.87919095257809
8,8.99376649791067,-39.724408886584655,-30.854477757576547,-1.4820462736570175,-151.99067930645634
9,-22.286369017186015,-55.79836130036625,-44.31607153498727,-1.7948476288079842,-170.8886888854106
10,52.94399827872414,-44.384357629960675,-15.915457811922021,-1.5615752544647887,-150.94574113883937
11,96.74678255562206,-44.19343746064171,-1.3145297196227155,-1.5624080967026155,-150.94574113883937
12,33.017041462700824,-59.24805003503741,-28.839625790775717,-2.164592599678443,-191.6734420612923
13,110.14789118162109,-49.543687153829644,3.1739460968512034,-1.8408024951235975,-155.33046315717561
14,143.7749706053648,-50.53841428641591,14.382972571432447,-1.8758516057473298,-155.33046315717561
15,67.93887827982705,-70.22315286665159,-39.92919092783305,-2.6169461243990555,-200.19367611317023
16,136.14595566569608,-72.2365705374318,7.66342691467581,-2.5606760786807263,-115.97323343181432
17,68.6508683523156,-86.29508346393986,-22.051558612948966,-3.301115061650333,-159.272971970802
18,120.06731448827168,-85.09300572477262,-2.282174704439889,-3.2253556870056315,-144.79114582833344
19,52.39216137759419,-111.96006638098203,-30.63064786007861,-3.8602014962045974,-184.47008986458897
20,19.896133211736398,-110.45365006671688,-43.99404084988333,-4.185161777863176,-199.65839147170178
21,90.99182034048502,-105.18653878775889,-16.974294756706147,-3.9508294692264085,-179.73128917013585
22,32.98221310563242,-118.58593026918497,-41.906967926602775,-4.485789882763979,-214.67915613908758
23,5.925174343348935,-125.29911328786854,-51.87706517759494,-4.756360270386813,-222.36101603941455
24,-11.021130496975474,-129.44059319809813,-57.92361572386284,-4.925823318790057,-224.81541125061557
25,69.67574623562666,-120.41954561185716,-26.974372996460104,-4.623209726822628,-200.51370835140347
26,32.97578077781251,-128.4757520702987,-59.397655755242454,-4.946951628886556,-230.98918005968363
27,28.82692588840054,-126.03700176303532,-63.08115451691353,-4.965385576436058,-234.36112640016967
28,24.386277589432893,-129.38603010372677,-51.54001591302675,-5.0097920594257355,-237.39147050679514
29,4.7104637512351815,-134.23428411828144,-58.35887276811738,-5.2065501978077116,-239.3681953392772
30,-10.549233508129142,-133.61457358568273,-63.07704049970255,-5.359147170401353,-239.42420065568123
31,-20.12016851831126,-138.1416820534872,-65.6395581265794,-5.4548565205031725,-235.40636925470534
32,-26.917492090554717,-141.14936368715024,-67.81872643924471,-5.522829756225608,-232.1081853446371
33,64.81493432608683,-139.6898026022781,-20.322158212094543,-5.360266490246263,-130.5936288150192
34,114.07969438772486,-139.35602094652728,-1.9726620881968628,-5.400035617940346,-121.85446519366124
35,54.16664816501469,-154.0051509836822,-50.82984001249852,-5.951567247621533,-165.18370896875865
36,21.05930799255143,-162.281986026798,-54.47796322679871,-6.282640649346165,-181.51935691034925
37,99.13822537152984,-160.994085614792,-14.142320342155799,-6.16326601640799,-95.66333436044864
38,51.27483110258722,-177.56467836328093,-58.052778948296535,-6.681787399878972,-135.19108219405175
39,23.18901553528311,-186.88290661201734,-60.94514004038166,-6.962645555552013,-152.83265997961098
40,12.948965650061005,-190.3733832062324,-66.82910675375204,-7.065046054404233,-167.55392411678378
41,3.548407666458189,-191.18322451667814,-85.41140390252227,-7.159051634240262,-175.6554780669687
42,-9.510799784977245,-195.3468868146809,-78.70052062520533,-7.2896437087546175,-180.6887864179355
43,-19.96291899143406,-198.69613051736644,-83.2894330675025,-7.3413983239346825,-184.67969381457976
44,-27.186378453856058,-199.54549855923074,-86.3742592881033,-7.4136329185589025,-187.1866644857795
45,63.28786415134406,-196.03168864312104,-40.530731861164135,-7.230247249815009,-93.07398513454477
46,16.76401026814137,-203.50231602294835,-61.80846670100418,-7.739095192012296,-130.4634673694227
47,-5.493323736081916,-213.4061451527813,-72.4766734757047,-7.96166853205453,-148.18796580637886
48,-16.666690768801956,-209.90377200207135,-78.64677763141358,-8.073402202381729,-161.14086018597044
49,-28.081758308314193,-214.018511219079,-84.21823582870164,-8.187552877776852,-170.01110724410708
50,-30.987064771875147,-217.65491951300578,-86.40517566942398,-8.216605942412462,-173.37978764270412
51,56.2467276067821,-204.4814960673117,-53.51431991986773,-7.87368332003821,-150.5022379026811
52,9.480591509902247,-218.20852821375505,-73.92998801643196,-8.28570366813362,-179.46397428830676
53,-4.208900375577475,-215.03780700947536,-79.92055303868918,-8.422598586988418,-188.02838065089057
54,0.8687973167137066,-217.22315748427803,-89.73664596074454,-8.371821610065506,-190.01223781235174
55,-6.307334406034599,-216.4596291492182,-78.01254755488694,-8.443582927292992,-189.34570092333917
56,-14.589249589534152,-213.90121074558522,-81.84360991784271,-8.526402079127987,-195.4345892777277
57,-14.161195111958868,-215.55533290915616,-82.49275566677215,-8.522121534352232,-199.31620181067615
58,-16.24797935392235,-211.69628904768365,-84.30072559052012,-8.542989376771866,-203.12828127929424
59,-9.747870046759651,-213.88454626687684,-82.42192782791345,-8.477988283700238,-203.28597793809425
60,-10.142634161555652,-206.90836565193212,-94.24207144373896,-8.425329324315372,-201.51106150381597
61,-15.899232685165453,-211.56232496241884,-82.97189818949369,-8.482895309551472,-200.0291763416523
62,-22.10221815708625,-216.05428470678515,-85.19593490374682,-8.544925164270682,-198.68055089371416
63,70.68132819309035,-209.9431982197688,-38.09909262098521,-8.338424936917173,-101.66658989749779
64,26.553420805165274,-222.15929420409157,-58.50290014630061,-8.827068776290085,-136.72841469779877
65,0.8762081793938634,-223.4755546427586,-70.01114069124253,-9.083840902547797,-156.9129041600694
66,-9.123122860573297,-221.01292641716088,-76.0193019952654,-9.099109328143474,-170.42262877480442
67,-19.313380428720038,-220.7975966828207,-81.44292125308539,-9.201011903824943,-180.71033790401702
68,-32.406111579491984,-228.53311191390142,-86.15198569148825,-9.331939215332664,-182.77926223289035
69,-37.738896155262,-227.9342050577571,-88.32060389070999,-9.385267061090362,-182.89551709591404
70,-37.55334670114664,-230.31590714143712,-88.83588186666111,-9.383411566549206,-182.1024666243827
71,-32.694684097344464,-229.36785836694145,-87.6387825698553,-9.334824940511186,-180.24783463212117
72,-40.412527115580716,-232.04218172977323,-89.78416179140532,-9.412003370693549,-177.68442392494887
73,-28.283976183998618,-227.09609109129352,-86.72281654375445,-9.29071786137773,-179.78440814014357
74,-32.71031094455188,-227.9256421346618,-88.95754307380084,-9.334981208983264,-182.18622441868337
75,-34.63153414729747,-223.65941677177844,-90.41233285487833,-9.354193441010718,-186.00879426135702
76,66.66680238529862,-210.29951793235918,-53.996271735066124,-8.859083524901946,-165.54932360287927
77,119.81425406905619,-213.33617234740302,-25.47148664323379,-8.929282694616433,-100.69551641940042
78,159.61790752252597,-212.27042073577726,-11.230632855831415,-8.961449845197803,-97.40178204360313
79,85.4837213717417,-229.6299961949209,-66.04652926939829,-9.627091058312278,-143.45359247263872
80,158.31721988904636,-224.70127960428258,-20.292987350605653,-9.454131723303183,-69.58685509080576
81,102.69918679630607,-242.39497307975552,-71.02861022802331,-10.000954606750748,-118.85063196048642
82,69.40943380111884,-253.3628933772365,-77.0211657076629,-10.33385213670262,-141.24779097443653
83,141.52584617864235,-248.7053106553182,-40.38148336915539,-10.197600809320123,-65.64252169843857
84,172.98612225050022,-248.04814178389066,-29.16998781102522,-10.26188946214351,-66.64881613397442
85,194.20084080542398,-247.6911835393227,-21.234724352687255,-10.330510070251922,-66.64881613397442
86,112.08638366655592,-266.56284121442667,-81.33244368787972,-11.06260924098127,-116.83575234087911
87,72.51217101653523,-276.354107246154,-89.92166035476028,-11.458351367481477,-141.6249005411651
88,43.854800288791715,-283.5184499280899,-102.37948285776454,-11.74492507475891,-159.73369995159868
89,26.474054547820476,-287.6204472031033,-110.14755667697344,-11.918732532168622,-171.14737301444893
90,14.319256737312024,-290.3835286044461,-115.41160195749157,-12.040280510273707,-177.5268704803637
91,31.4752672930105,-287.7830662777016,-120.36912920276477,-11.868720404716722,-176.47578923510432
92,123.62428196718554,-278.34804816595744,-58.64986398645644,-11.588020903591175,-81.91210032651415
93,77.24376640597701,-293.94004951191675,-80.89319103789467,-12.059935957599425,-122.61103151272646
94,46.755168183289236,-300.2517533791398,-94.3590382101645,-12.364821939826303,-143.54836475129096
95,120.9173918477725,-289.95043705118815,-66.81743436628383,-12.084849175240084,-126.62318901697348
96,165.22141578467202,-290.68478050671473,-42.68288890758222,-12.11898543570642,-70.4239641385629
97,205.47871613787697,-290.29918096678665,-22.193815100307923,-12.140610853546729,-28.004122001326976
98,126.56515693503104,-308.18012982587226,-58.61675867342591,-12.856676420125494,-91.22797582876912
99,180.74687529230408,-301.32953978212737,-39.039070754728854,-12.698783653381945,-82.12528503113283
100,196.4393957350466,-301.1175660887498,-32.2258465845404,-12.804659552654666,-82.12528503113283
1,102.07326049487318,-0.029873577538640186,34.02442016495772,0.00351334921979795,0.0
2,170.3969038509598,-1.3555233161928344,108.03608216826906,-0.04176987378009765,76.8556713269237
3,-7.283375633961299,-49.09042631613589,-77.51172644464441,-1.444313729548418,-112.62590184998595
4,-66.36229778250068,-84.16996756143456,-87.80653807258741,-2.9582969827809444,-156.3098872305502
5,-95.0133029427582,-80.56486882043134,-100.67875327743575,-2.821763298577786,-174.0674467004876
6,-117.18377127232448,-91.75153621334294,-108.72780661327793,-3.043467981873448,-178.02083005640822
7,72.0076488221336,-67.25151988518365,-38.967709271471776,-2.308649291904642,-133.57137078816444
8,-34.65137835537372,-92.65890818238235,-86.27912546006915,-3.324912896971057,-205.82816743400218
9,121.47011370886604,-77.17360666783804,-26.59864873432786,-2.783002239992427,-159.98829120803393
10,-3.803416063496684,-97.94347085864729,-80.91156280328042,-3.955110274604916,-235.31871607702374
11,-42.148194098473205,-103.52595045345949,-94.80974226217049,-4.338558054954682,-242.01823676041118
12,121.94688332024401,-90.12014473823655,-31.406578284599703,-3.719806647902253,-189.78940773242093
13,207.94948404833613,-105.75586140466085,18.6613659887514,-4.057997577066178,-61.38694354849849
14,240.55231173451392,-113.08412549159495,31.020971800773516,-4.388961174241804,-62.058221258673875
15,68.57482181033481,-152.8934190632817,-44.73986358767491,-5.981332917109274,-183.24482988882846
16,190.92828014695402,-140.23171218743133,2.1577798226044926,-5.5738475163743955,-146.5658861003905
17,241.79436289161328,-139.33824344748928,19.1131407374909,-5.604716711460593,-146.5658861003905
18,17.44861746968178,-177.53345161248407,-60.82012611668839,-7.700410509089397,-230.33711578817255
19,-24.74785353853553,-192.1787713297027,-75.83347360769288,-8.12237521917157,-237.86946360794695
20,-46.8938083363499,-197.40644585626688,-82.52944073465716,-8.343834767149712,-233.54541363947538
21,-56.6803205623785,-188.39500249350147,-86.41366895057699,-8.342940806306789,-232.90529509841866
22,-67.85082248489826,-187.85956538081615,-89.54913835826511,-8.454645825531985,-229.37710769950797
23,-73.5085602859268,-193.39665810227302,-91.00745609061482,-8.51122320354227,-221.5736540886678
24,113.77226520554218,-167.6413357962648,-20.459353353406946,-7.672251426687678,-169.856981729035
25,190.7986889117235,-163.0862078501373,5.216121215320154,-7.612284431168599,-169.856981729035
26,45.155383352919756,-196.04249442117958,-56.16171222954951,-8.92751522078995,-250.97583152878747
27,187.6401276899132,-177.5800103862267,-0.008934789800235876,-8.329029393180068,-199.02865556427867
28,33.520802885505304,-202.0911138563781,-62.6705302704181,-9.724318398482323,-271.66941547226804
29,-7.70643047618826,-216.93078864719945,-74.60438416061432,-10.13659073209926,-267.27835274962354
30,-26.820523812391507,-228.1499685032312,-77.98517132160191,-10.327731665461291,-250.17997694161141
31,143.65565335901618,-199.54500865365264,-11.203663750306369,-9.57202992546715,-190.44328585665357
32,28.521475998924146,-227.5778246076553,-92.58799113393877,-10.58242601624886,-254.95268825205613
33,185.53923370390243,-204.8447778688917,2.095159553500885,-9.842208844343185,-191.43684107338578
34,239.89046887803931,-200.9108012243139,20.21223794487984,-9.816270020180093,-191.43684107338578
35,276.75772628593273,-198.9246566730567,32.50132374751098,-9.843391255156604,-191.43684107338578
36,101.70371432545426,-238.26081460778116,-39.807921192417126,-11.408943607763472,-281.3873806318381
37,248.5767114348342,-238.43749342281555,39.19651054603568,-11.183602064713416,-101.10678441988111
38,295.5679823793334,-235.85710332885998,54.779089942528174,-11.210690382670396,-101.59384992992446
39,97.70609990913145,-280.1081200874274,-27.079255015095235,-12.980731053013091,-213.70964565028908
40,234.1643079708264,-276.4767032565139,44.35187373059023,-12.74596367953594,-58.039289299566235
41,70.54745157998352,-315.3851484155594,-86.54273917377584,-14.277023104102426,-183.43597018327918
42,20.076876350899724,-328.0027922228303,-82.32372314051881,-14.781728856393263,-206.03549314973304
43,-7.0505843214670065,-323.27747805619765,-94.21359312166706,-15.053003463116926,-222.8400429864731
44,169.9268706943556,-318.11485522670375,-4.416426579512375,-14.662477263360849,-38.01195376519024
45,36.41314467728648,-348.1458464683662,-66.79805845599604,-15.87512607911991,-149.66908164863037
46,187.33244794904493,-337.06438606921483,8.39533523813762,-15.521631993526805,-0.34732602734536044
47,50.52732082499078,-365.8491855313153,-59.26984508240248,-16.673023972010824,-132.7281537024777
48,193.67814072512664,-354.5073441971864,11.59191360918674,-16.34473447782217,6.14075864678594
49,54.122072342906435,-383.387571196616,-57.573548400062634,-17.499943557799355,-129.73987664426988
50,1.6962912834530215,-397.77612574721513,-113.1553230461574,-18.02420136839389,-165.86832347693985
51,-17.691021090567475,-408.4036890016843,-93.65143399210969,-18.218074492134097,-165.26166579565728
52,-29.186183503146346,-407.4511034516572,-99.64778810562397,-18.33302611625988,-173.74626503520298
53,152.94239541811965,-391.36806053264945,-9.962835497265218,-17.824222979985752,0.10629277241756085
54,24.154624841722892,-418.00469035245294,-72.48104765563049,-18.889688172777888,-120.33126839602971
55,178.01079799049302,-402.52791605016535,2.3339953658648653,-18.474673935439903,20.8466434354022
56,57.115962968490436,-421.50432221322836,-62.32331578662282,-19.23373018196242,-116.88776615254596
57,196.18764182394534,-397.9379343778188,-11.49925975911119,-18.65724453708268,-89.15596225801735
58,261.35333727814077,-393.54628719354787,24.643999839406113,-18.639722087528877,-2.62779557530439
59,106.75409859692115,-425.5610087647864,-51.482741912711155,-19.92031095037842,-150.18976872556874
60,240.04840444255538,-414.25963059667674,14.967947024390952,-19.603883778611074,-18.074246794224592
61,93.76692394093278,-445.2912904894065,-112.44186442195534,-20.833952836477923,-153.50415474913603
62,50.120163979580894,-438.51358239116564,-112.28812152536555,-21.068787210104528,-194.72721069785715
63,205.51626453362886,-413.8279198612154,-54.648923131790724,-20.34205488701911,-158.9211019968117
64,76.3474523747889,-439.8074628475063,-108.7594946493829,-21.399330340686504,-227.7719844717269
65,47.29176996511359,-453.36523380244324,-117.40355123596412,-21.689887164783254,-221.52495917186357
66,225.44501167734995,-432.85320071511353,-27.94239583079068,-21.139593643673038,-41.064510165295715
67,76.67503349776041,-465.2982707956278,-95.0910431747802,-22.455575330427134,-154.60342624556844
68,36.46283011198272,-481.01537789070926,-111.6593694323161,-22.857697364284913,-173.9262731021901
69,15.589776085371163,-487.7223610288555,-118.13527364933631,-23.066427904551027,-171.03559035108827
70,0.21778503713528607,-487.4776784882176,-124.28441538550868,-23.220147815033386,-174.8636484265548
71,-13.986233866237573,-495.6602155466299,-127.61664615288859,-23.362188004067114,-166.44899522408858
72,175.54963496431915,-469.7043609101283,-35.36902931828882,-22.71471990329765,7.964968122396627
73,48.586948019793795,-494.76306387155984,-98.31400819304072,-23.717068021754912,-115.77953123706405
74,203.60878518176577,-464.7815099645207,-42.16322118786664,-22.988281249257398,-87.90312164243673
75,265.6096705185346,-449.39721491512677,-21.496259408943697,-22.75576935238353,-87.90312164243673
76,119.72202850848547,-480.01117527373833,-133.47082816285152,-23.931731832851437,-182.9211537682739
77,73.81264993432873,-492.9138894198489,-123.73519414758518,-24.390825618593006,-199.48588893905108
78,231.82837048523277,-461.2971597403863,-63.343827525120375,-23.577690169714902,-153.33706081787426
79,287.7817492387976,-446.69512100045307,-44.692701273932094,-23.365645100355824,-153.33706081787426
80,335.40863762543165,-448.4352799228895,-13.976334459620595,-23.493712560579347,-64.29263670527348
81,179.34088919189446,-484.4324193960736,-144.4567155174496,-24.883424751556046,-194.80173107714876
82,311.62029428745427,-456.0996528409927,-62.81272030554965,-24.122017989837467,-138.4754408070787
83,147.03371015175662,-489.52969313056735,-131.34720717789224,-25.472426588175512,-225.59577443164025
84,93.92802314286024,-502.8061148827914,-149.60060903276872,-26.003483458264473,-235.39619635590685
85,252.6691290079824,-470.15988370090076,-87.493337340083,-25.15020321416994,-181.27325781426623
86,115.94889591967025,-497.0619905055514,-143.3278876484654,-26.246108636057155,-246.21976092443134
87,82.03865752239585,-493.3004081503822,-155.83759237312003,-26.585211020029895,-253.4575124778103
88,59.812127196998944,-505.4606536561039,-161.60334291171148,-26.80747632328387,-244.21001731043057
89,49.122729581937065,-496.0978710236504,-164.5131056378001,-26.914370299434484,-240.28979843683848
90,223.66340549504926,-465.2079862095889,-98.30140396288463,-25.986944558141428,-191.7161088992512
91,299.4913958822018,-467.7429339243127,-53.99334557583524,-26.113164296301026,-77.52373935125998
92,332.01485622143827,-459.4740057125623,-44.37302868274668,-26.156430878567644,-89.98748878694151
93,331.94440034436275,-465.83314279921393,-28.763714113985735,-26.612713692919655,-14.940836653722414
94,171.10710467732616,-500.56525101472647,-164.27190107433054,-27.97141777708777,-156.50963469838996
95,292.3540454090525,-475.85163434839956,-86.90387320982335,-27.390527001469934,-104.6326509371008
96,341.770717507058,-472.5201180678591,-57.08044230678007,-27.41771428285354,-24.52540971485203
97,183.82921833729148,-507.0508682076313,-186.87069216347209,-28.753096585740085,-158.5424865758411
98,121.55672906119456,-530.1953124958146,-180.4749746034453,-29.375821478501045,-172.59019872806635
99,274.17485272586197,-494.35424122938826,-121.01663567549747,-28.557204879709722,-121.07641248971389
100,323.4826833114171,-478.905969815726,-104.58069214697909,-28.336074878495143,-121.07641248971389
1,-249.187725,-83.437575,-252.187725,-2.49187725,-253.687725
2,252.95464056915046,-3.4060908059705683,66.24092758655618,-0.06510442799929915,-26.0388921965
3,-149.14164631551785,-132.23854728331278,-324.5286974387303,-3.9347150401076703,-411.14518629209556
4,361.5709786075896,-46.702410193916876,104.5646446126077,-1.1877524861315731,154.15079146748104
5,-156.18743996309212,-183.02351593808527,-370.8746832327685,-5.22163892025455,-385.9063223840304
6,-145.1680400577472,-152.49100782088433,-184.35388975396745,-5.111444921201102,-305.3182442204208
7,296.85471648773034,-96.12392071501792,-7.219369837355572,-3.104924432149444,-126.5566378117046
8,361.82667311731893,-109.49585449568823,17.00502253344432,-3.756632696441823,-126.5566378117046
9,378.65892586314203,-127.9336387068382,25.06616701634058,-4.648549734952078,-126.5566378117046
10,-54.73016712862551,-253.7104241933036,-154.36935551712182,-8.639798979152193,-373.6992864387847
11,-95.31901915106093,-245.45292577327683,-157.08359437591423,-9.045687499376546,-315.3705522202591
12,321.23110114921707,-182.00696172627636,11.63849087771004,-6.948942067653662,-136.13828129906946
13,436.4606307035992,-206.84398122775733,86.77903077534772,-7.597862741491127,84.24589897799243
14,-85.16283861552256,-312.39284296449523,-160.1637124200041,-11.819817210960641,-367.7523486881321
15,-118.6499182557043,-294.4700687759511,-154.75164745730058,-12.154688007362461,-291.78597397878116
16,352.7256630500724,-270.9210117936576,83.4873531332737,-10.655580457097507,194.89686695311113
17,-132.9786698809911,-352.982091056116,-161.90692214300117,-13.938023627595843,-306.06011884241116
18,-124.97386391087477,-350.98088956358686,-150.49912848444654,-13.857975567894679,-250.4655166650892
19,339.26249652383535,-305.80476469692076,80.36601879846884,-12.28353804698968,206.25264616298276
20,-138.26064751973206,-383.66446027352634,-161.32712207763788,-15.397925870053903,-288.85991100652274
21,-135.26272785443285,-357.33198478899783,-156.9397857742157,-15.36794667340091,-268.5317325165879
22,309.56446742382786,-291.956955252849,15.148735924457455,-13.106516702383525,-123.72325020449313
23,376.5459650507236,-280.9220392333401,41.32625876212787,-13.275487757992229,-123.72325020449313
24,-41.08563409224732,-372.2850544339411,-136.62470635384952,-16.930008366016274,-377.77940213086697
25,360.3461362762265,-293.7252588165946,31.647297367314756,-14.469369264096557,-171.01092054082892
26,-36.36045921955491,-385.30945136079055,-207.74759817773045,-17.884895563569486,-340.74238593935365
27,-102.68729984076373,-403.16634286075146,-221.33231636875485,-18.548163969781573,-330.8386221190988
28,-127.26526845221841,-410.6988070970772,-205.9395069438596,-18.793943655896122,-299.8112927951273
29,-139.21954178357552,-412.5297746482697,-89.7535587528237,-18.913486389209694,-280.5503868678146
30,332.3794519277105,-361.82913824155315,144.16680195763198,-17.206962167251792,179.77378997234734
31,-147.61451080138053,-440.52618963376347,-93.38098620191369,-20.354844222940205,-292.28086602277284
32,335.208420907979,-386.5459779644542,145.7246803558353,-18.557736145482554,176.70726990500188
33,-135.27128662055037,-488.53983233777933,-247.39896421201792,-21.594968657096455,-302.80568545786764
34,-126.20877575949366,-464.0467532666713,-107.47387085644402,-21.50434354848589,-281.56839585691523
35,346.4689628818636,-409.30714815692045,125.93905639713365,-19.73725342056299,173.5536903818363
36,-121.02091364927873,-484.59709959401334,-108.86672243820951,-22.748851478046706,-300.301229567938
37,316.48867510770845,-397.3074530449178,65.07933562760589,-20.295460486911594,-131.64405868701994
38,389.8023284249275,-367.6076213368515,89.51722006667887,-19.91563310981969,-131.64405868701994
39,-72.57479388012479,-466.72001495351094,-87.46646103744112,-23.88012885448607,-329.67884467365377
40,-114.52319787730684,-447.71407231843693,-95.80107172625245,-24.29961289445789,-310.12052064008265
41,-125.15799658915974,-436.0735511841408,-96.6806812192433,-24.405960881576423,-294.128580174322
42,-123.61572690817763,-446.3705107407653,-90.05657368874441,-24.390538184766605,-254.70559751168335
43,310.015196289438,-363.12995111774205,76.60002979483924,-22.005557882803622,-108.0745283882064
44,-66.50220778227,-445.14842374084213,-232.0846722023151,-25.198446208631324,-382.8428793480839
45,-80.36299783967237,-450.75409154459624,-218.02626900462292,-25.33705410920535,-354.82487952284447
46,-95.95720740342571,-456.3377555534567,-210.2883521393283,-25.492996204842886,-335.42089944302586
47,-108.86481639664115,-460.89138366006136,-203.53741872815695,-25.62207229477504,-318.8406948296611
48,-119.52342231776808,-463.55603514034306,-82.65946688148492,-25.728658353986308,-289.04694813189747
49,345.81452355208376,-409.13181687267553,147.55070315166103,-23.96040111349534,161.53818032727446
50,-128.27693375485146,-487.04217173451076,-86.93608464632462,-27.076815307968747,-301.0454846823912
51,356.69846397056983,-424.01017628614784,147.89756775569145,-25.03594764786213,148.57491008027432
52,-119.60150056111422,-504.6536820163584,-85.33137992277759,-28.261687877070557,-306.48321157722046
53,354.8245516577936,-446.0135023642121,149.08244968515356,-26.377964880198324,151.1476616325507
54,-109.97851251167879,-521.7096376001764,-83.24026649864791,-29.405810289636896,-313.1825071313134
55,361.9305669548626,-462.8608336333718,150.08435806565683,-27.523512587336413,142.94708132143228
56,-101.84872703240916,-538.7371060288342,-81.22191480355382,-30.55856348315491,-317.331967919288
57,-98.91885241914683,-541.372893215339,-130.69293899800073,-30.529264737022288,-262.4058628435481
58,-137.07331582127586,-550.7480073069362,-161.45328318217972,-30.910809371043577,-289.4691474187521
59,-140.11211135303859,-551.4132931739034,-156.942407606273,-30.941197326361202,-281.1834362890106
60,-144.43990839723486,-552.2773345886993,-154.97260556893107,-30.98447529680316,-276.06483471089956
61,-148.00623804221885,-552.8583785497211,-153.2120780744894,-31.020138593253,-271.640878646745
62,-151.04230950790105,-553.2286465510459,-151.74307324582958,-31.05049930790982,-267.91933567091417
63,-144.2992459902161,-551.5428806716247,-48.75966782753229,-30.98306867273297,-250.40554574759253
64,-140.4792941087909,-551.8247633690822,-122.66966851684141,-30.944869153918717,-254.33574689165405
65,-161.17260342425325,-556.1809593699058,-142.36572831906608,-31.151802247073345,-273.5331819372599
66,-145.91837789464114,-550.3485755117904,-36.48730739726351,-30.999259991777226,-254.88900762933847
67,-140.61599766977548,-549.0229804555738,-36.41866581289017,-30.94623618952857,-247.13127694851013
68,-155.775184890251,-553.7507064191109,-108.45149824079076,-31.097828061733324,-242.13850799550656
69,-152.3830469257457,-550.8690539992564,-26.602913597275418,-31.063906682088273,-254.08791234725373
70,-163.22976943524537,-554.3091823598828,-98.16302939739,-31.172373907183268,-247.46112853669572
71,-171.12633038812876,-553.1896620396695,-125.7853924285701,-31.251339516712104,-282.568143819488
72,-153.07161412369618,-546.6540248608198,-16.407595246341685,-31.070792354067773,-257.3112172734422
73,-166.9570238271635,-550.8347214470402,-90.2429689356485,-31.209646451102447,-254.02257827481077
74,-164.99189653974577,-550.3434396251859,-5.006509109564064,-31.189995178228273,-246.2805445424833
75,-170.17661767935374,-551.8788621155302,-92.46709739775724,-31.241842389624352,-268.47736809764376
76,-162.29427686782884,-549.9082769126491,1.4087886794019653,-31.1630189815091,-253.31326859838808
77,-418.6273704660509,-612.0044352646798,-340.84381024684467,-33.72634991749132,-531.2728752327843
78,-170.7666737039281,-550.5409840922636,-82.90472754801525,-31.247742949870094,-268.2945995656015
79,-184.05660310474715,-553.0057974193438,-96.47105919642779,-31.380642243878285,-281.9991323378108
80,-170.87618689073028,-566.6216458244293,-134.81728226782883,-31.248838081738114,-298.03503200913076
81,-158.64280813424853,-561.6346252520437,-115.31008228288078,-31.126504294173294,-274.89092140994956
82,-172.98397762600007,-545.7558822329481,-143.37515715479373,-31.26991598909081,-308.0760941110725
83,-406.550990962206,-601.8840785464836,-382.4799317972285,-33.60558612245287,-548.4635370233211
84,-150.46630147739367,-538.838600408578,-111.84998556031331,-31.044739227604744,-270.5609624103545
85,-162.02503763901774,-541.2174161229328,-130.2922254714577,-31.160326589220986,-290.2019046104398
86,-149.7708359036604,-538.1538656890934,-20.30137285538001,-31.03778457186741,-260.8518720537127
87,-156.2278594180956,-540.6757590776368,-102.21674191840904,-31.10235480701176,-269.8497889614856
88,-163.40102335340254,-541.7178031586421,-129.35239552472274,-31.174086446364832,-302.6491741001621
89,-163.4715473640565,-541.135565342102,-126.46520631768227,-31.174791686471373,-298.2831282842744
90,-162.97188097111047,-540.7210460866291,-120.89629016838902,-31.169795022541912,-290.17958725680757
91,-165.9941749766145,-541.091564322682,-119.78426761494427,-31.200017962596952,-287.0004064238884
92,-156.68206890520244,-534.5489640622354,-133.62075446599692,-31.106896901882827,-310.1116059256865
93,-156.3358734402519,-534.0442712400348,-133.16722098906246,-31.10343494723332,-308.2253353554263
94,-143.50523730651562,-530.8366122066006,-16.69627325769062,-30.975128585895956,-271.4404955166045
95,-160.08327235919393,-536.0789600136558,-92.81745869942844,-31.14090893642274,-265.7961945281677
96,-172.89831540041848,-538.5853744103731,-116.13166038272628,-31.269059366834984,-292.2515791625268
97,-173.0205613182582,-538.0330110785889,-113.92193525019663,-31.270281826013385,-288.8758685048125
98,-154.62923505695457,-531.4788169055286,-6.422444598132316,-31.086368563400345,-263.0972335316094
99,-166.23213661222502,-535.0099438613329,-92.59067738890579,-31.202397578953054,-276.2140626654734
100,-180.14652193216708,-537.7477328197413,-105.70221064896104,-31.341541432152475,-288.92416989558524
1,-99.8797326541176,-33.458416498333165,-100.16966817780059,-0.998797326541176,-100.31463593964207
2,-91.57981475946526,-19.13744302112626,-81.54522829739247,-0.9157981475946526,-137.07076112844507
3,-85.72395841109757,-10.165807140544388,-81.34038070653058,-0.7349301820627386,-141.40611604342126
4,-82.64176709952001,-29.659563966768648,-86.36971368371161,-0.30559492560110735,-172.72073175175336
5,-79.04839465800872,-5.025894386554632,-89.96868851152789,-0.15248191860806037,-188.9072008758446
6,-82.77605274358508,-24.743338149821675,-94.11235015280708,-0.09301897250768232,-199.34118216786396
7,-79.19484635039206,-26.218879618109547,-95.56265154187096,0.02219337421426848,-205.62005436043412
8,-74.95488342373766,-8.34982888204267,-96.41191621303875,0.13533100752094207,-209.83694140475143
9,107.50622582660984,13.962854528555765,-27.665162084338576,1.016269441612636,-152.74317106544947
10,136.93544616530681,-7.149550379996161,-16.107408642170654,0.16412822684626627,-152.74317106544947
11,-27.945919329564532,-53.935038123457986,-78.51625307942155,-1.3533333718384668,-225.0367038102772
12,-52.2303040601697,-55.43238462648518,-87.11889476374209,-1.5961772191445185,-230.13556700673203
13,-60.76013959098166,-57.56484350918817,-90.02998298810721,-1.681475574452638,-229.13277487504618
14,-57.77782529184303,-49.29269705694428,-89.49907811707376,-1.651652431461252,-229.7465820997105
15,-59.334315110536906,-60.75297892112884,-89.80273483306445,-1.6672173296481905,-225.47273765166454
16,-59.42304114981032,-61.82228409926975,-90.30468759474184,-1.6681045900409244,-223.89227438583467
17,114.84109054609121,-37.67989903030328,-22.33019901157627,-0.9581549251161686,-164.5736062786443
18,-33.78875036394507,-81.5683027854141,-79.73064959670305,-2.3136260870341383,-229.3093618361239
19,130.708049211696,-58.93219719285853,-15.081140376373341,-1.6543355136274012,-171.1522448839118
20,202.28721442115955,-74.27684981976398,29.364483089796906,-2.0332673702407864,-47.63683450581746
21,-7.1390629927945355,-123.33235102342003,-55.712346285192254,-3.9683507317822944,-164.32421136680742
22,-44.62246986247166,-139.2068161093349,-72.90595550711495,-4.343184800479066,-192.95547790715563
23,143.99704715886566,-121.13590716404731,20.819405137958654,-3.774937260634943,-7.842348079388586
24,-3.89799842975566,-154.20069634432673,-105.65567455600454,-5.0673740359321435,-137.59597087019867
25,-38.01009320349341,-162.52321462798028,-98.0538583900836,-5.408494983669522,-166.69033522573244
26,-42.733099103696254,-169.73900047442086,-103.49001159161357,-5.455725042671551,-182.84762918688764
27,145.84093131847783,-138.3647725323609,-32.40810492572672,-4.5316007192814896,-128.62754525488938
28,-1.6371768917854155,-163.5758399390213,-94.82171547540955,-5.8347070625672695,-208.15299213245987
29,-22.584490439200515,-178.87381970144497,-103.17787270788455,-6.0441801980414205,-216.39530843247968
30,153.7094393119006,-150.20653888765804,-34.975335012955895,-5.224824058025199,-158.1201528537798
31,30.853467813783197,-184.38204826598957,-88.20733925118486,-6.2697288957362955,-231.80023528691885
32,-31.025360578298812,-184.81127015574444,-104.42930732458782,-6.888517179657116,-233.06509042066574
33,-23.3389408131681,-193.7419789321509,-100.85457135894308,-6.811652982005808,-223.245091620288
34,151.74573312631213,-164.67352204846077,-32.295355945039844,-6.007141805381952,-162.0591470158291
35,3.6776284221079862,-196.78532156430845,-89.96958639654831,-7.291613786015859,-229.41404251918306
36,190.5434339226633,-186.70655471117624,74.65906449445652,-6.813527735547329,-34.31689932452457
37,24.003554970048995,-222.0740223496583,-75.30810102895128,-8.18784034168728,-175.99770813332913
38,-39.73467496256485,-226.44686694646356,-70.6884994468794,-8.82522264101342,-196.917106968822
39,-36.57050009189294,-229.54260229434323,-71.61600800222386,-8.793580892306702,-205.12866885609424
40,159.7762071695239,-211.68722336721567,24.5741338789368,-8.130542757812432,-20.68123209196392
41,15.034411802283927,-243.49685879561633,-98.65348038845106,-9.376161101310563,-148.28672657249592
42,-16.900084999847714,-251.14996719831655,-89.10955048344655,-9.695506069331882,-174.44108371728817
43,170.70577668075882,-232.85787148238884,2.2036729126755503,-9.05205055639735,-1.773466701768612
44,-9.62538052749828,-272.4004897707641,-120.07117362731286,-10.614429181551424,-120.2462867286091
45,-21.635282929925438,-275.4029653713709,-102.9061595003534,-10.734528205575698,-146.7604957166855
46,-15.325674527233467,-279.11017540909614,-105.44101542145265,-10.671432121548781,-167.27351647337304
47,161.6525527725267,-247.42036010823819,-37.57211734658893,-9.827033670576045,-114.01658262371103
48,21.59568556158304,-276.7684096497656,-96.38558869140127,-11.002520468664718,-192.9568063518239
49,-1.7934795542405908,-271.54076229202263,-107.05968922334074,-11.236412119822955,-212.83798419627863
50,-10.590277835528582,-266.4116180346539,-110.16256274945879,-11.324380102635834,-222.8007861714792
51,-7.751433404754103,-259.1820683148573,-109.96749305468789,-11.29599165832809,-228.54017560451757
52,-9.182180630111837,-269.2508817275528,-109.168867028312,-11.310299130581667,-220.88692499554668
53,-12.413911614422702,-253.57306964191875,-108.92442917211312,-11.342616440424775,-221.445719131158
54,-9.327231842596113,-257.3944509597347,-108.90256549023708,-11.311749642706513,-222.31181571584187
55,188.28068371184895,-239.69345819305767,-11.469056144030446,-10.642508433008093,-32.92659074749227
56,230.09575969798726,-240.7517988635429,-0.6775517223194356,-10.753309509550911,-51.8077161895028
57,30.919241692150436,-283.7107627793243,-127.57349479176342,-12.440909297674418,-147.6359761891884
58,189.92784723012704,-260.1931989591084,-38.43547282619523,-11.704239183268205,-93.43324600982442
59,32.72989798675391,-293.1330515144542,-103.74246473039261,-13.0199373106156,-178.86253422374574
60,8.001737908297827,-298.8189335156136,-115.35972689920723,-13.26721891140016,-198.96260981377887
61,4.467894930650488,-299.10767469090155,-118.3199902379288,-13.302557341176634,-206.83199643603987
62,8.25655941429119,-297.61315463805136,-118.74465003251703,-13.264670696340227,-211.9390841854033
63,181.72939793169823,-270.2999865198913,-51.398359787636856,-12.415551024874048,-154.80701975093632
64,59.608835574683255,-302.17984633860766,-103.69755618518249,-13.390460884968157,-224.36107342218014
65,24.364573350555055,-307.37759192400586,-114.55332126218804,-13.74290350720944,-228.16416314016823
66,22.47637050399625,-313.00003357490516,-114.21760601309339,-13.761785535675028,-222.47004671328037
67,-2.94927796654612,-301.60277023177053,-119.50630586967056,-14.016042020380448,-221.04579863940683
68,197.64768309073406,-286.4769429485505,-21.557415400899956,-13.307081146356953,-34.54637794134359
69,218.37190197834667,-291.0953116438335,-16.517995793776386,-13.66139101101322,-54.539940290281734
70,255.1888624281464,-293.92085581846646,9.253190255463675,-13.815377015272144,26.453255105559194
71,80.15086409420434,-327.6332920552601,-76.0106352972046,-15.163874464743888,-135.0537015425664
72,27.93572872683835,-347.42011778612067,-100.16851680122159,-15.686025818417548,-175.57071983193634
73,2.1107084745797238,-336.5219066638485,-109.74658934746375,-15.944276020940135,-195.7660142757403
74,177.15211633464565,-311.5925386670248,-43.18630926148501,-15.084201908274519,-146.48714947999963
75,211.98776685826928,-310.78634161617055,-29.348719885656127,-15.26994153441902,-146.48714947999963
76,225.70243192652586,-314.32857599245636,-22.287382896984973,-15.602323670502269,-146.48714947999963
77,0.2725905231738892,-349.58833213888204,-101.2138648245232,-17.557610613006776,-212.50814391014015
78,179.11012600164483,-323.71783206975516,-32.44256059340247,-16.64533141472647,-157.5553894803576
79,251.3873340235571,-326.1138512841237,9.88215227259073,-16.753106095559932,-48.161528328222886
80,46.38905117117973,-370.9297126781142,-73.7299413285626,-18.545740551319547,-167.10833862823745
81,221.5818467592112,-352.3618943340627,68.06073513826293,-17.940065515915318,-9.89316599269111
82,53.96556147860575,-384.6789326512972,-87.59877693369184,-19.210728421145095,-159.57429146032052
83,24.840797950904644,-392.5601772523779,-111.25292670193335,-19.501976056422105,-180.49313434883226
84,17.13301586408695,-395.05459432486424,-115.2757798485787,-19.57905387729028,-182.67352302539143
85,220.0059592545398,-369.18584023483487,68.94852418444484,-18.684954652322343,-6.880525226301401
86,53.67902323421467,-400.9335671546954,-86.49629537387383,-19.936581587144353,-156.88428655361685
87,207.23793135639244,-374.6737057622154,-2.7311393486576456,-19.1792930875907,-108.01600657688144
88,48.051430945009216,-407.2059427883446,-106.54959233820827,-20.456970320759595,-187.16075248469983
89,30.24585682458992,-412.1938819049654,-83.98126626603161,-20.635026061963785,-197.22099033254392
90,217.46069618100864,-389.90315317593246,6.306029286080168,-19.920380158976553,-29.926895732710676
91,71.17505947156748,-420.294156448474,-114.08651204212916,-21.10975060973575,-157.8843330954451
92,35.283432261477074,-429.2670632509966,-102.86548989231642,-21.468666881836658,-179.20263701693625
93,34.91201756039934,-434.8242132743811,-104.91745897384969,-21.47238102884743,-186.86616130522665
94,218.05507899415696,-394.86971112454796,-34.569245256987955,-20.418725278745153,-128.45048560116987
95,15.939698049213035,-422.6712306387431,-105.74948281864266,-22.132425475918843,-199.63244198499956
96,14.986997095909913,-412.660962822073,-106.89000355185414,-22.141952485451874,-214.6310220301715
97,15.159393180960052,-402.7979340814371,-106.68260340433699,-22.140228524601376,-225.0279023775442
98,19.17025110009211,-410.83303822404685,-103.65902332643813,-22.100119945410057,-214.9081377484152
99,9.70072348406434,-393.6695999154379,-104.21471760258441,-22.194815221570334,-216.23940522469115
100,188.77265174777347,-366.126684695113,-35.60270295614454,-21.258054294115666,-162.71117387347016
1,-123.94549724392361,-24.75172965711806,-125.2562611328125,-1.241954972439236,-125.94289307725694
2,-165.99888630088458,-37.780061332731464,-117.01110964340359,-1.655889734498241,-146.35111706313106
3,-198.84730945872042,-46.126112729421465,-128.60592084263345,-1.9897317903658411,-150.49102915730077
4,20.056865856825397,-34.70853563465545,-48.46014567533839,-1.5516600806660015,-109.50969183286584
5,147.08080967782902,-32.82953084902492,-6.118831068337187,-1.5120464031455776,-109.50969183286584
6,-4.672547615434738,-82.27594563547598,-76.97000074738402,-2.991523718137496,-231.10999532061933
7,-62.74687393974781,-81.06821967362366,-98.47475183332968,-3.572266981380627,-245.74127934891834
8,-97.05990378001289,-103.25445237193327,-107.69233022564228,-3.9153972797832775,-232.42069002226373
9,-125.29752192409072,-112.44390298195464,-112.97860596190348,-4.197773461224055,-212.12572674928742
10,89.16961298950037,-88.25508013680506,-30.596020041988368,-3.541664244096015,-150.79427183476218
11,-41.19408366353923,-122.21663909273285,-88.47793236651114,-4.807553243934804,-237.93070221833756
12,-85.56418045529796,-123.04580941619179,-102.64359235827537,-5.251254211852393,-236.45278656304353
13,121.75534963975728,-107.36318907789675,-22.784512593776093,-4.544810984372421,-173.37622793685853
14,-15.82658729979434,-140.0157829765773,-83.09859569449478,-5.8509147403196415,-260.89034270375305
15,-56.4346668480641,-159.14508080802875,-94.90404695768984,-6.256995535802339,-250.50689118638394
16,-87.87180609702477,-161.3463172366578,-102.39106576560044,-6.571366928291948,-234.3034182181911
17,135.27376209585523,-161.9595395060244,14.998615101958947,-6.296959244944633,23.743530601405297
18,-26.89658879139759,-197.88986758696132,-66.72226206422029,-7.73417236818211,-142.24103062116447
19,-90.7592239837391,-222.04454739408288,-93.56624371230055,-8.372798720105525,-175.579650124963
20,-123.36145801262374,-232.74314264439846,-103.79366543556267,-8.698821060394373,-171.73971240676644
21,99.70988944002738,-223.0027728345341,10.765681978102933,-8.379156685302126,69.47367716992494
22,-62.279939546405615,-255.11882743894893,-72.06042193386789,-9.663798869478718,-103.503288329034
23,-124.84615056231718,-272.1576355343902,-99.35405680951814,-10.289460979637832,-144.39730070658322
24,-158.0328569076832,-271.6721749094705,-112.1201259105587,-10.621328043091491,-154.62030262209453
25,56.44922125527725,-253.8167841158446,-33.945120410315766,-10.082196634513215,-117.70339203091159
26,-65.06719186304673,-280.28619877071895,-86.97188407537854,-11.140973220708192,-193.82176467490416
27,-98.72112098066344,-295.46290094689823,-96.80989136606115,-11.47751251188436,-185.54195018376646
28,-123.9124598259821,-297.21284314801227,-103.23742348680801,-11.729425900337546,-175.65023601393176
29,-143.45151041366523,-307.3942512702463,-106.45923788918353,-11.924816406214378,-155.90302125281858
30,85.71353545347792,-293.4752016509812,9.805712913854236,-11.547606040448507,83.35659183112165
31,-74.24186429227325,-323.1218544755494,-72.22093236868784,-12.733472153431233,-88.89248037262844
32,-129.29223149653467,-343.023670203594,-95.79936016122038,-13.283975825473846,-120.26231271930081
33,82.70689180607832,-314.91548057750083,-18.599061618829786,-12.661075038063785,-81.05876807018322
34,-47.6308453266797,-343.6725529231021,-119.44488086999155,-13.749813707154477,-167.15862838054684
35,165.95569761802142,-328.5679333278349,18.29763264734553,-13.218882740248258,53.03195511366749
36,-7.877254927335429,-362.94143816953334,-69.48952638159216,-14.593822933916192,-126.2666067190783
37,175.3732891605705,-351.37123792225253,22.312659401018095,-14.272317272112272,58.04541980077137
38,-2.117837312550961,-385.94716147672716,-67.3424008059039,-15.655354214291256,-125.30574167924908
39,178.5760909328759,-358.0813509007376,-1.2529905067112637,-14.993635759961697,-92.17337289252416
40,269.5468120745369,-353.6295939338208,47.723010808022764,-14.981398519388947,19.74119271255799
41,74.39260413946684,-394.71488089784594,-49.789799977992004,-16.624809997949953,-175.01503491110833
42,2.397901549965127,-415.19267560331497,-117.94414540491292,-17.34475702384497,-208.2786999917928
43,206.45956132787563,-379.2106756978908,-1.0935500494580523,-16.352657579218754,-135.3016674263591
44,283.65875638638664,-361.97272318574164,24.639514970045607,-16.08984731204159,-135.3016674263591
45,97.74711220230716,-385.20601460424433,-59.868192188536455,-17.7048285557085,-270.90663583984116
46,268.733033611838,-357.71614895970225,7.576455225233968,-16.81792062308156,-208.21059417628027
47,96.97828970077796,-394.61750890958245,-65.56840845214387,-18.293975021076765,-304.2685588710854
48,54.54402510946865,-409.6937584006595,-107.70185800290785,-18.718317666989858,-287.5272333491187
49,26.355068136486047,-419.8995750119462,-100.42738212613963,-19.000207236719685,-262.7010381486028
50,0.6672146755452246,-429.6979608598143,-95.05633786667804,-19.257085771329095,-241.80054502893995
51,205.67581941639722,-392.46297977201374,22.808436536949067,-18.230650614551948,-167.5076857939253
52,280.19721214532245,-374.63256366263346,47.64890077992415,-17.9592217080061,-167.5076857939253
53,97.28440104381306,-401.44597930791826,-99.06542488523658,-19.536255486189347,-295.69112982076626
54,53.20110163084894,-416.7125847542285,-69.6432205903456,-19.977088480318994,-286.76943635743874
55,10.235383969811991,-413.54973692336046,-82.76405584118244,-20.40674565692937,-281.598899288437
56,-19.90819216093307,-426.02859947115735,-88.63054034192072,-20.708181418236823,-257.26060003396435
57,185.58905413592106,-391.34295062668394,-8.42617696967337,-19.782430895147403,-190.2525108445599
58,37.698454887064344,-421.7770449586127,-70.52502196757985,-21.026252982721918,-267.47544352642126
59,-0.5999091201863322,-434.9391116243215,-81.07372101969695,-21.40923662279442,-255.31994154189255
60,-30.034302195431835,-441.58905811494617,-87.54418142076199,-21.703580553546885,-236.38641459262885
61,-55.24779653323013,-447.1702279962311,-92.42688835215313,-21.95571549692487,-216.49026443240416
62,154.48862644853904,-412.867264057612,-12.754704257206171,-21.10022298815901,-159.26657797629673
63,245.01292377498828,-393.7370905916054,17.497527690748996,-20.827522431957984,-159.26657797629673
64,76.33557404369789,-432.17692730856965,-56.09688282192553,-22.26268955959033,-264.1090636255116
65,272.17313942376927,-421.33512882279723,45.41659295719356,-21.794724784695756,-46.70333971093987
66,93.14881822156119,-461.671378318737,-118.72835920387001,-23.40142344196249,-217.17444895808222
67,46.974116013298186,-476.1656353850149,-136.63659040549098,-23.86317046404512,-220.94944465638216
68,257.7826052802632,-456.0110695232567,8.071238292388188,-23.180980458641823,-2.3498296980693283
69,77.9625828769691,-493.451703007243,-80.48931544498791,-24.678605798001275,-174.8129500695882
70,258.19851105898704,-477.6027734246471,9.966942200551443,-24.238333821330382,7.452739439612003
71,76.62496090097707,-514.5113501411863,-79.872060075031,-25.71467688999195,-168.74945045751903
72,254.7928569749801,-497.42818105587025,9.869484660995042,-25.29302151483205,11.26827321799989
73,75.5621665359725,-533.765655990167,-79.12956878355851,-26.746520512203922,-164.26466657130615
74,254.88769553002038,-516.266138535335,10.160450093838115,-26.3030234549382,12.824388704977821
75,72.17084393611563,-552.5173913136653,-79.73263325807837,-27.753073566071418,-162.57078770155408
76,254.73549334074363,-533.0165990549567,10.800204399360943,-27.260955443600853,15.49693943382583
77,73.35186484401288,-568.4985228779792,-79.03253249905497,-28.68023239652176,-161.06741521169073
78,15.986828541141755,-585.2161414932626,-132.16685889892116,-29.253882759550475,-180.54147966726694
79,218.68671211176456,-544.1673847611752,-20.330772820199257,-28.255273119788367,-115.37829993396338
80,295.6220539339289,-519.0185666084112,5.4602291166821,-27.899924407049372,-115.37829993396338
81,116.36845643149168,-557.2775866977555,-133.16405087553113,-29.36487627983331,-233.6879211710646
82,304.4369030377264,-513.3163348838427,-18.063909492105346,-28.213137814208185,-155.07193239904325
83,127.28843620996099,-551.9355007811655,-142.89481107950945,-29.64559444473808,-254.19517054897074
84,109.74138985769982,-550.8354680984137,-105.98245545957761,-29.82106490826069,-260.9410577162118
85,294.10598111821355,-509.24208155096983,-32.87739169387268,-28.7592183591239,-191.03985764300978
86,116.38793061849192,-528.0667919247696,-109.14118071903442,-30.199903582692784,-295.1734447680098
87,71.32589673257422,-545.0480936370986,-121.68099834071538,-30.650523921551958,-281.77963289422826
88,268.31470446119334,-502.1459324717784,-43.36932453922726,-29.56381878021459,-207.51468307314138
89,98.68001984143639,-520.177725910063,-114.35133422342753,-30.943085323147802,-298.6141749061089
90,64.16819711476953,-542.0190226359491,-119.76022004034724,-31.288203550414472,-263.5838016597282
91,267.12890871308736,-491.96598032360663,-38.05866089508798,-30.139756359149562,-181.90577910486607
92,331.9084120241069,-469.2270363978059,-16.341834847532876,-29.818094400707235,-181.90577910486607
93,388.4977648477752,-440.1882630761686,2.6450800164103683,-29.36975962863913,-181.90577910486607
94,187.61815542192895,-483.6993677222972,-85.31270052394348,-31.110203814484276,-309.47148651216384
95,354.4338418836685,-442.75090030084556,-15.739936536940867,-29.99524511627373,-227.79891902895858
96,168.29254145232522,-481.6608234954921,-94.66127684671659,-31.58168892677123,-329.5448300347142
97,106.80904426094133,-479.9438675386228,-113.18055432022662,-32.19652389868508,-327.4919839372178
98,75.0997868074348,-499.5818277732294,-118.40648193346945,-32.51361647322015,-296.84902641010115
99,44.3209873196505,-506.45995183720436,-123.72645593957147,-32.821404468097995,-269.8267583235025
100,21.730006840425375,-519.3810200691137,-124.81705884037603,-33.04731427289025,-231.18841476987967
1,-26.58154552785296,-8.775560082532486,-12.830082424237334,-2.126523642228237,-24.951476286762272
2,-41.65826389893269,-17.567847369073444,-32.59949216976423,-3.131290088811456,-43.81471502751765
3,-29.90565159627908,-11.474164996379091,-31.61147997153418,-1.3759808358786796,-56.45407767580103
4,22.021166218984654,-5.285976125320769,-18.304787926208718,-0.3129554755360692,-42.13093839315358
5,47.37281459126905,-7.065301360748338,-12.34003262387656,-0.6189392363405647,-42.13093839315358
6,11.417252347882798,-15.676839657812831,-26.753540916051428,-2.7978109913997686,-66.36690973333236
7,-7.119429025528783,-22.134905513480124,-35.30304478957252,-4.389266062513892,-82.8144341642314
8,-14.665574659035737,-20.408892165844932,-38.281848249906396,-4.1789229796016,-89.7537833181004
9,-18.694288360549447,-23.319209409320884,-40.31806438057746,-5.3067773482461575,-94.10447882139411
10,-26.724740306336145,-26.662424699137183,-54.20098579001449,-5.9492135039090925,-104.98481046032052
1,-23.615939446015492,-11.807969723007746,-12.110605681903222,-12.02470872517437,-24.632381285077777
2,-40.10322357379765,-20.380898549388327,-21.845121364908145,-20.363859803909023,-45.75023857546832
3,-41.58699728940424,-22.474218261816553,-28.06757431149788,-20.528264926457247,-63.874392737076704
4,-48.079458452662465,-23.48728864790245,-43.007743051212046,-24.158713286585055,-78.63599598741021
5,-28.087580442515357,-11.201884580542057,-49.26035432385493,-12.159941888229152,-91.46399930565275
6,-26.401917577444646,-8.55627880097994,-48.690994690823146,-11.36765138469315,-93.44336929422327
7,-16.956636143289835,-2.808393722545657,-50.68149322742964,-2.7068262900386624,-103.9972019305065
8,-24.71067248566532,-2.2459049449483506,-59.208087900082305,-3.826757040412368,-125.0893009128514
9,-18.415760882932958,1.4637647646563945,-63.7758331648878,0.6237278221504736,-140.9455121976127
10,-28.429131884927088,0.8033121425923642,-72.07784005537131,-2.787814097967511,-161.00598424577183
1,-25.809689646938203,-12.721176569931693,-12.669075432155687,-2.0647751717550564,-25.041367212329614
2,-40.548302121519626,-15.120704781211401,-32.42857579891774,-3.0244678057556933,-43.45148819205777
3,-48.644450383061724,-18.629260265065717,-45.49862241641931,-3.3982663026989526,-56.280375091558625
4,-38.13672249182663,-15.058161454961667,-43.87586388564478,-2.493475943518634,-65.59833195258861
5,-30.454586770119914,-11.408399370540504,-43.47828106156865,-1.7125008339029435,-70.51367032486101
6,-35.03032506381366,-12.954700325904282,-47.06979633150391,-2.2412306787245275,-79.45511521197537
7,-42.24863625964409,-14.413384371469213,-52.28452830040904,-2.5666328759485344,-91.92010253361319
8,-48.38363276878482,-17.209652561168994,-57.185805658429736,-3.1843270655085822,-103.41823359612117
9,-47.98472174238454,-14.496390544871453,-60.00897592404864,-2.894781226293114,-112.71513235141741
10,-48.27250510299625,-15.005702563579714,-62.94977333596084,-2.9828751412603896,-121.35509105348969
11,-19.9338786229929,-3.4141220150701264,-63.648784113257044,-1.2175077625997295,-112.21711154954724
12,-20.298665714292138,-7.8377405265357485,-68.81370127166032,-1.1340908515502024,-119.09808496626569
13,38.07599960161539,5.001791822659319,-45.56393514652681,0.17709585100890068,-92.49410600859552
14,14.659347039232323,-3.0260527471623835,-65.93573970864287,-1.9732048881961308,-112.36489238608846
15,1.9956519211553285,-6.247909125722984,-61.84035671885878,-2.7189412972099065,-111.05288831394472
16,-2.2856361171551924,-12.086707257927106,-62.32727017933826,-2.121239913204614,-110.9310091228956
17,-12.735363591123757,-11.458542243426368,-67.31828086873136,-3.2936761639149177,-120.81066095910549
18,-18.36800631293785,-13.26181858749531,-78.6316574144622,-3.6862738253235268,-127.85711599821153
19,-19.156986471330832,-13.045528506270596,-75.36867746808899,-3.259909856465604,-134.5318708772803
20,-13.92181263147721,-11.300602863967654,-81.85287175548139,-3.0205758933220332,-133.5842531058602
21,-18.036440445713584,-12.243226014825186,-78.7537558093632,-3.5332155489229247,-139.25831242423277
22,-20.72070591066782,-12.75099167127382,-88.08539830759501,-3.7185815078755344,-144.29690814067746
23,-14.973202397847354,-9.290933918460937,-81.90174225479362,-2.7077465113071018,-148.54524806144005
24,-10.785031193729363,-9.143105887935441,-80.18739931050095,-3.1418377962029296,-145.65452033562084
25,-13.611940539527444,-10.88534489477944,-89.63448041071851,-3.201774853434706,-151.0232899304544
1,51.47957647772671,0.12912134484233334,51.033748417936934,0.006687420896846668,50.810834388042046
2,-20.864199341984033,-20.706897083429354,-21.676578395210846,-0.6112447165451885,-22.082767921824242
3,-55.83748591641508,-24.865871267700705,-38.590212165443745,-0.960977582289499,-64.36705400642765
4,14.97577898488042,-21.39915160347378,-13.357257304880438,-0.8136311534078837,-54.595854645638774
5,-35.22300411865048,-33.61385294865234,-37.414885284712376,-1.3022279730966202,-98.80438804763023
6,-64.7841277881358,-44.53148434547696,-51.34180835653752,-1.5978392097914735,-123.24367913961045
7,16.009014656189393,-41.927297190920235,-10.416726728449063,-1.4834288472421122,-39.279474259730094
8,-31.254034596007063,-54.307689865470266,-33.46390188079529,-1.9791702537935785,-83.29397134561546
9,36.50843147155082,-49.9640917867756,-9.275207110429605,-1.8365768103789162,-73.68673485853711
10,-15.254620848773978,-66.44553140997722,-33.72624006970378,-2.3305164834567114,-116.86682797353254
11,-35.100216165056764,-72.88613299122345,-61.5258478511648,-2.5289724366195387,-138.99459648404402
12,42.765231789296905,-64.18500266567499,-22.646911611828294,-2.2833246631674786,-119.6089161022161
13,-11.43136870724748,-80.4001689504737,-46.91587285296586,-2.7885167161754016,-156.61338992275685
14,-33.07557272895201,-80.10158760467091,-56.5641064391611,-3.004958756392447,-171.0992533838379
15,-51.80505637182785,-89.6130043256652,-64.18740022053787,-3.1922535928212055,-179.38004878634678
16,36.818827514116414,-77.95279086082452,-31.455777113318444,-2.8490144894258753,-158.51275826673555
17,90.19218900576328,-83.12665187126882,-2.6429038317816165,-2.9547059775853297,-92.38224156080834
18,135.45961760517716,-83.11211136903273,13.301430922995175,-2.9685880984875737,-87.25109023097531
19,167.04143057362927,-87.33065942911684,31.702198303066123,-3.0735548956771046,-40.010111887453824
20,86.06314218268852,-112.27772518241227,-35.16572517765029,-3.8580517054302024,-102.35705332586613
21,36.49686459579122,-118.96473275090577,-51.239004282332694,-4.353714481299175,-136.23738362436734
22,4.184652160794499,-131.98468018546714,-65.65612524099261,-4.676836605649142,-158.11568450633342
23,-18.220444375694818,-139.504705241992,-75.08058700015222,-4.900887571014036,-169.85226198831245
24,-34.95173369047954,-145.17131166947593,-81.67824004174237,-5.068200464161883,-175.9756016082839
25,-38.39841554349499,-140.23070864934382,-84.4300442357867,-5.102667282692039,-182.4196049783612
1,-24.87040212863304,-8.314886876982856,-12.45437687106121,-0.24870402128633037,-25.06215914678328
2,-44.8933789994016,-15.068482353958213,-22.645512426476568,-0.448933789994016,-46.036374258181894
3,-63.183660154247114,-19.294432992566044,-31.68811334639938,-0.6265864292881438,-63.44890885531135
4,-79.06817453697826,-23.15873313555723,-39.4393037408191,-0.7811584350077913,-77.97336555098417
5,-93.22682527638491,-28.31143804267625,-46.128347098575475,-0.9227449424018577,-89.79032421870913
6,-51.127857175786644,-26.79801805098598,-25.562467852993727,-0.8524374383306543,-49.551772956949776
7,-68.48082884016387,-31.61128476899939,-34.181056451557936,-1.0449681070511907,-66.16391316725104
8,-33.69818536684211,-29.91198900552304,-21.973179173543087,-0.9883300961898677,-62.48193644580549
9,-4.768133649888746,-30.810979039461902,-7.1757136950632905,-1.0034580560627349,-31.557247008833443
10,-27.08792511338172,-34.51654996026335,-18.300119862246902,-1.2326553935142375,-53.46374149593615
1,-49.327509,-16.517502999999998,-49.927509,-0.49327509,-50.227509
2,-77.34124661639336,-22.32325812597864,-60.14110724454186,-0.7629670404088973,-81.15031364131437
3,-1.4841415082449245,-17.299937538868377,-33.05925259468073,-0.5910878682471937,-70.37339595844445
4,-46.945263031582215,-32.28310182837928,-54.87807025761285,-1.0377351457444748,-110.36405888936258
5,29.863715437512475,-25.174384248286465,-27.351595224733558,-0.8189305293956015,-97.47761052904283
6,75.97934725132905,-25.519113797762156,-11.798821860816759,-0.838156272097751,-97.47761052904283
7,115.86503627279943,-26.275015592499784,1.4964078130067087,-0.8614952538103297,-97.47761052904283
8,147.7256299429536,-27.89871823529071,12.116605703058093,-0.9092445934283612,-97.47761052904283
9,66.35964520167258,-47.36135515989239,-23.108502370361517,-1.679964523535238,-148.87050656839185
10,26.69337488067729,-61.697009610679984,-40.780036655459,-2.076627226745191,-175.5671716369862
1,-26.435367117121054,-6.602650932774133,-25.25375030208076,-1.8509756981984737,-24.956261308941862
2,-40.749586275878414,-11.839103834490224,-42.57705842824467,-2.8378196022115914,-42.82383989474127
3,-48.54308732675294,-11.677634874871423,-45.69049869825345,-3.1409607699313034,-57.957203135904955
4,-56.955180571617426,-18.643712823318722,-51.687941706100204,-3.7709537231227195,-72.40211835950649
5,-56.13444251596158,-16.354427350638645,-54.55481908482136,-3.630080684827577,-81.10867663102748
6,-63.52588677935979,-19.47003469385011,-59.34580284516131,-4.289589695860553,-91.82207608499749
7,-44.660360284827554,-12.479795460603775,-65.66469276731189,-2.300091017370146,-97.01619866035337
8,-36.863901609998805,-10.561791880614823,-60.5874559427865,-1.6864846965621,-100.89287084654364
9,-26.884518129585153,-3.74067830299991,-67.21645993568214,-0.8125324477079621,-101.34483233019381
10,-29.066455757213667,-3.5752131339005593,-66.69725245873542,-1.2810482131590146,-112.17933212214685
11,-26.69022680860178,-4.772754880895543,-76.4049168476158,-0.6751530825821528,-118.9310406248602
12,-24.157447542368274,-3.294783557132821,-70.6897938978413,-0.9340513560553904,-119.98414330785187
13,-22.66610535530277,-3.751905389774792,-71.20784245869004,-0.8254677228142004,-122.76006569642523
14,-26.909693675903657,-3.796389255725725,-74.44041260852197,-1.120016582464222,-130.20742496656283
15,40.982654070497006,6.284889211481678,-26.736120122578832,0.8345099253692184,-73.53949079985156
16,18.366118401608013,-9.646638146269472,-29.92562740868707,-0.6615986732536211,-84.90391822455607
17,1.0825840586967743,-14.431868282815945,-48.1834116184158,-2.056178038515492,-100.1703119926079
18,-9.181886878557656,-20.64946109018338,-58.940003456767,-2.0634394843142037,-111.1295903739912
19,-16.364675522014693,-18.97049707443595,-58.60551866245421,-2.7392555821667566,-120.7519697623237
20,-21.07256587081246,-18.90525994765009,-69.66429941139396,-3.0009041979918867,-128.10164364970788
21,-5.969187449576918,-11.301428781086088,-58.93520714750486,-1.5887826110100658,-118.64601579066579
22,-13.569945635997659,-14.261995586636315,-71.01796328024302,-2.7915085813268834,-125.68248447819127
23,-12.885280246792679,-14.401485086457674,-75.2638070100562,-1.886600290019864,-131.204002788657
24,-12.75041229704211,-16.851721961135272,-78.40402195540263,-2.0169625705514704,-135.44616467578928
25,-7.629410577961169,-13.076370330666553,-71.52526322470523,-1.4580050128283197,-135.1746653178355
26,-13.741425924191695,-17.942483400731415,-74.42860545232244,-2.4030519779783948,-140.91944101083794
27,-18.832855729132575,-16.528978886133295,-77.43527586528758,-2.5009529633099654,-147.8011896573353
28,-12.7460195068766,-12.681369997763797,-77.84730684422011,-1.6836783130866197,-155.38512720343732
29,-10.02805605423503,-14.981702859697368,-83.77419123670433,-2.3767104338797993,-152.52586764899783
30,-9.537140503906556,-13.18297979243211,-77.15776904882364,-2.3440302797803447,-155.1966048090025
31,37.34650520308348,-7.222082388506061,-59.5551857638324,-1.0138484797220153,-139.97734894322096
32,57.827215389746165,-6.410386965107381,-52.34065149283838,-1.3298897137728638,-132.24448475002873
33,23.404827967479395,-13.977660273223693,-70.55022333981148,-3.6236453563893356,-143.35697864732887
34,18.4523418590011,-20.651727341974087,-65.66215979729037,-4.307032814360665,-147.7582720259914
35,11.050756725130434,-21.220304367051938,-77.29244273116112,-3.9258996138573843,-154.95189289795033
36,5.823392031888092,-21.60827708964268,-82.05639764190896,-4.829347959989463,-159.56055164872487
37,6.035229311165658,-18.073242398928645,-80.14564027690034,-3.5447258486317343,-148.30519866408727
38,13.829438344075484,-15.143068723417402,-67.04910110984386,-3.349976882141555,-137.33743633392834
39,0.07217551124617927,-17.425956123061656,-71.61412487292992,-4.5072835721032,-145.1022725762243
40,-4.818284044498229,-20.51856427104865,-74.02292235046733,-4.9696716000316705,-150.15810905704376
41,-10.724493421205452,-22.325499270569267,-77.12345295133309,-5.381246253559256,-156.8203887181888
42,-8.266201202471347,-21.03828575071208,-84.5570550425985,-4.666461759795937,-160.6111343077969
43,35.688556696482074,-14.476224365135458,-64.08220874190522,-4.194755372904932,-147.60315032182154
44,54.03030788580267,-16.610003801994473,-60.83006076286841,-4.746624105530682,-147.60315032182154
45,34.14272757104613,-22.144558055130396,-78.13461265379757,-5.954983201080693,-164.5293324194848
46,28.400045677362158,-22.7394093655438,-82.77042035959786,-6.4439406546048525,-169.1228991670506
47,7.1816841994235325,-26.9216645803608,-78.514139204738,-6.389448212886188,-165.73762585377915
48,12.029852105828619,-25.202396808840916,-84.11262589935204,-6.121750169463979,-163.36437574850308
49,7.743107069302884,-25.45641186096644,-88.5630023713405,-6.8804477673263005,-168.1194896547661
50,0.7732493512069549,-28.89726703378668,-84.26074491279894,-7.516648243570723,-171.35188101544398
51,43.50766245441095,-22.186689969428713,-66.91781420198345,-6.385772571794718,-156.2675356076291
52,23.396781943484502,-25.55673980384542,-72.41581004388082,-8.093141624001852,-165.3918744680124
53,17.63964860624654,-26.04564612693313,-81.82654618398854,-8.358551262354332,-167.27257316920023
54,5.478527828408403,-29.031886931038663,-77.25190100234909,-9.131039327864109,-169.92537605935317
55,11.24448691986479,-25.283077300941883,-81.0233183788214,-8.629037446986855,-161.02628484525076
56,7.431199708484627,-27.598768420575045,-76.31003288568581,-9.02770782250218,-164.6486612852921
57,2.8733487959948327,-27.79823347049711,-85.56354579673203,-9.35063562374354,-169.15314009803885
58,9.202897518311438,-25.252508241964616,-75.38317240187976,-8.738807064886963,-163.32322207930784
59,47.036904829646986,-21.450405043253088,-61.11601917274531,-8.07540853099973,-153.6267799101213
60,9.751871921878479,-27.252238675783616,-67.46421016054525,-9.115289456361173,-155.61526853966447
61,11.260389898909459,-30.098125988263895,-74.65898797628736,-10.071564952448293,-153.83247093178713
62,6.276530400756352,-30.368020954922244,-78.86161944054771,-10.318396536398932,-157.91137756922433
63,0.9980798949635812,-31.277700567436806,-75.57236465360589,-10.692300212515594,-163.02269553296065
64,-0.3810301208931275,-32.827050793398364,-83.1335316013658,-10.941005604234126,-163.52771399055058
65,-0.5850241268549006,-32.76183117686669,-84.10785817019934,-10.692674358516662,-164.8993959004309
66,4.238284800696931,-29.480557562491153,-75.37824636834365,-10.388385316627655,-160.92326482516347
67,7.5997151867047545,-25.879633551260948,-80.85165760366044,-9.076732755201924,-157.10428302281443
68,3.9495269463889002,-31.290907946107136,-83.4875453334844,-10.062901061304007,-159.62792696559316
69,3.023583087567042,-27.90982438868655,-84.48706225168277,-10.131283531525606,-160.91877071957256
70,-0.41987139386344197,-32.518591705082194,-79.60258663252638,-10.222316115854877,-164.06695801885724
71,56.24559132437674,-17.701671855376894,-51.155514466551686,-8.602321050953615,-120.47423096130458
72,11.159873378090762,-26.27004635891959,-60.04377886947586,-11.64049240318822,-127.49462656337991
73,11.878177102300501,-27.439604619091753,-58.788643727935394,-11.380678921415003,-124.10593241222556
74,2.8993684673721276,-26.63631977326525,-59.27885271087321,-12.022065931349998,-122.83928016366497
75,-1.3315489581975477,-28.16615843659682,-60.914273366171635,-11.893828924233173,-125.84128694353839
76,46.68801539892446,-22.042599167103784,-43.10994049218414,-11.297746106109225,-104.6471873520384
77,28.66268850454159,-28.879298163562698,-49.66300792323981,-12.950944075324676,-115.50317173186619
78,9.969477555438864,-31.41844565020558,-65.15971066341245,-13.98320070912478,-125.08218447906711
79,2.141780313879572,-38.459069765836986,-62.16180989292455,-14.669172706317873,-130.97474728979714
80,-4.489562160936114,-38.88431159126334,-65.63489776517649,-15.132923316493898,-139.02152803808622
81,-4.3270244455302596,-37.83204316387308,-65.69295118365648,-15.045228840785112,-139.54831230261266
82,-7.935083244588775,-38.37567175917466,-75.74719648759299,-15.150340760624154,-146.03342269825131
83,6.298177463136948,-34.563143994583896,-71.02528109429954,-14.095389480165112,-134.9961204420406
84,1.3926984165253629,-36.05568613771892,-66.36373957358086,-14.579632495072664,-139.22783608154404
85,42.877668714740366,-28.509168516828765,-47.93212288303393,-13.381212218182677,-123.00889393192813
86,-1.2581137418347303,-40.77713311342632,-58.37044638264368,-17.02479537566412,-141.01006061201198
87,6.428211946694855,-35.575560011803745,-52.998267012014466,-15.482423989932627,-129.1491865841574
88,-3.0106947634336283,-37.00218645808721,-64.97015243014148,-16.54864338043181,-136.67595900477463
89,4.043060667788971,-34.22628653095364,-61.387898574868316,-16.084758932546602,-125.7826013702566
90,-3.4973723866423523,-37.631498982669726,-58.72661699066252,-16.807842052754598,-132.06976816821913
91,-6.362361683193479,-41.306472178891894,-61.23625063909561,-16.722795911631447,-140.21664840719123
92,-7.819677045934789,-37.25321305724901,-62.31485941280403,-16.80586655719705,-144.48462345213767
93,-9.05556006989005,-37.167620985984584,-71.45173647966377,-17.00083835699357,-148.73984929446087
94,-11.07312427133613,-39.59465378311076,-65.78731661253732,-17.136466390864836,-151.64420952211728
95,-0.4361419314056967,-35.3291071818676,-61.02484472859269,-16.03661282362714,-145.0420990118712
96,-5.144038377776852,-36.20579458475683,-63.73271580662586,-16.400117105917822,-151.95557389533366
97,-8.062491442929517,-35.94168273456924,-73.03211285486407,-16.70254839975608,-156.4108545299306
98,-4.272943270600351,-33.61116404552416,-66.26538648351963,-15.783512921363315,-160.38808912957325
99,-4.266276346842499,-34.420608781096405,-72.59101285664224,-15.918957062445262,-161.2584067518996
100,5.182299202033395,-34.14148649337064,-53.33600663560298,-16.580579068802184,-150.6554047943105
101,-3.1392730269111215,-37.97792596652421,-57.10666971821861,-17.24630484711775,-157.87049762073084
102,-4.916082902792601,-36.665223110671604,-66.05468451921658,-17.252001141115173,-162.18975630669357
103,-5.101732336047068,-35.41720235481169,-65.79703209284672,-17.423443528674742,-161.7736343368997
104,-5.8803855448379245,-36.471127227573504,-67.9186848346823,-17.220563560197654,-164.6115339067836
105,6.930970342990591,-35.74079503309299,-63.60963258999814,-16.431471885021647,-152.94026469641562
106,7.479968619232274,-33.56875158988271,-55.63967372370222,-15.82499601978779,-150.1692147718431
107,2.0665548791567154,-37.77588805156974,-65.96377530129783,-16.20013891444641,-156.01596942910047
108,-1.992403383395649,-36.829152305846804,-61.98422030977918,-16.392761276965327,-160.82519394268354
109,-0.3525510058390431,-34.547381899534486,-69.77829983551328,-15.77539470308198,-165.48180813612493
110,-0.19007102038276003,-33.984230141323785,-61.623200834090916,-16.09985424686206,-166.03349351540012
111,-5.098384584134939,-35.24630984570111,-71.05755970585138,-16.905070388937702,-170.16168414972483
112,-5.596800406763942,-33.93998962771313,-65.08863645290948,-16.653262393993106,-173.2003849868748
113,-5.864931236002546,-38.39388269427895,-65.2342202987391,-16.816866759029605,-174.0783289735655
114,12.163131667727555,-32.53124049317596,-56.22305507060155,-15.386324700023332,-156.23533069002724
115,7.011197284075934,-36.4619396889696,-66.34141339149414,-15.120051977311977,-160.81816988220484
116,1.2308010756603913,-39.09537890986619,-63.2221636541531,-16.150785785194014,-165.69168292432678
117,-2.055997685555001,-37.005202780905314,-72.17498252307364,-16.267380048301884,-169.05168181549644
118,-1.6420302824197694,-35.61626052338228,-73.52042209616606,-16.238893804802437,-171.60661671787236
119,6.964794505950042,-34.813552665668134,-56.632862671723615,-14.836502595434931,-154.90943229700085
120,4.29181458969984,-35.48286829569208,-57.13017770568514,-16.254689662826465,-155.19509773797722
121,-2.208275077776653,-40.142128144569696,-59.96081302939175,-16.774696836224578,-160.97040705623118
122,2.859665689917172,-31.085348527212254,-57.05283990985724,-15.602476324223513,-156.30638841894955
123,-0.21245102097919322,-34.11530810706175,-66.31301775215678,-16.59700616881724,-159.37007066613944
124,-5.159615304096796,-33.12121718309454,-62.918103542368684,-16.647067398115023,-164.57148299044528
125,-3.840247205658402,-34.49132449033443,-62.51234700860398,-16.26183350931925,-165.63587256746123
126,43.83841985092167,-26.552039450885825,-43.21169477237465,-15.437782806056108,-147.5510131830915
127,19.103125974341786,-32.21125870975945,-50.1347888083897,-17.40307206725273,-158.16672623961531
128,21.315683922138078,-28.678533789238873,-44.421819491972904,-17.132709224674112,-142.1391417526806
129,6.934094100038205,-31.669238364306064,-46.440885308951245,-18.638562404511937,-139.92845858891727
130,-2.8806446909449246,-34.6347145085668,-48.69462073860034,-18.542507899268468,-143.3815021468739
131,-5.8587672881599655,-35.55382380314695,-49.94689767002283,-19.700389778128155,-145.69478791436083
132,-4.570320371624117,-35.09766978038297,-49.43628861461612,-18.77467262265943,-146.7973580548258
133,-10.28142086473207,-36.96616467752187,-52.22572431918684,-19.798136040753654,-152.38436107906654
134,3.0340042708366823,-29.56717782578775,-45.536388154277496,-18.427605478056623,-138.85134210390535
135,-5.359516805983025,-33.024229154004225,-49.5606763808391,-19.11471411644067,-147.15890155164885
136,-2.695911570441865,-30.97194564269169,-48.89893136162044,-18.56389772993865,-148.1319127943055
137,-9.018657523345034,-31.96998741664324,-59.5177538922139,-19.220927737602292,-154.14923541426256
138,-7.363868555086478,-35.34520451427106,-58.118604786513565,-19.277608467936723,-153.0100538698
139,-2.8630681159462625,-30.44891479025502,-50.297745082086834,-18.568636032309282,-151.22335152379515
140,-7.222143993413635,-31.380205318862394,-52.27841548686314,-19.2035991482198,-155.97979331203985
141,-5.956493516432303,-31.409990923420622,-60.55780818630164,-18.602987174397455,-161.04507270794127
142,-2.1757115690123197,-27.65122702124966,-60.43586099041211,-18.695352982153533,-157.143317035045
143,45.02039491976588,-19.771438563876274,-29.594350081331882,-17.314334147786756,-122.03289534764961
144,4.777462749588775,-27.201049327558707,-34.35640420080973,-18.977205105280973,-119.11095744931166
145,2.8496501125590896,-29.717561418530202,-44.60343020709975,-20.08913267618582,-119.44817944819656
146,-2.2206122799972388,-35.04634966643259,-51.70576178212684,-20.578121006926942,-123.42172209219565
147,-0.531988377167842,-34.558501469519626,-44.59029329270676,-19.662305892645364,-120.16942737399938
148,-5.643937792027877,-33.68719346415754,-46.82058639624464,-20.822418111348256,-124.14025456891497
149,-9.406237599508934,-37.42478611729597,-58.10359531696761,-20.50631821710043,-132.83002991437607
150,-1.8735394815408277,-30.517252911299295,-48.57920378348405,-20.102189251471593,-127.01793745709917
151,-10.413483026580959,-32.018710755446875,-52.49590107459121,-20.686721817232833,-136.97337071285406
152,-11.227387737044033,-37.0483972356465,-60.90911198096718,-21.064298682196693,-137.5421260323345
153,-2.8191410694614394,-31.978188534831023,-51.752017902578274,-20.040769529581453,-131.93339854223652
154,-6.878635866702838,-31.808651746985408,-62.61141559940879,-20.46593755557828,-138.48245342373602
155,-10.851699714323587,-32.81473524396146,-57.50271891662373,-21.062063981892262,-142.0694931293071
156,0.5479353659516981,-28.337279096564885,-51.15562153773514,-20.12382787251884,-131.93436515256496
157,-2.501858989061187,-31.151336381000835,-50.61752987614017,-20.788335246872975,-129.0672178778578
158,-6.723405712810527,-30.461684233128544,-61.57717230448421,-20.913659191229318,-135.0428872356215
159,-7.839833460766114,-32.23214068687645,-56.97872830348102,-20.483680040073374,-140.8886243144437
160,38.68420174031384,-24.84416961634433,-37.9872213861453,-19.495326932394526,-121.9474010459909
161,20.20892409485981,-34.945215940967515,-55.80015972803916,-20.715133857249448,-140.2571910816288
162,9.906123289073015,-31.919699512789556,-61.598856061834184,-20.790109907216195,-141.30154625336203
163,3.7086476041740113,-34.35473712971173,-66.77144526652405,-21.582578221893414,-146.16344191342947
164,-1.2708139918798,-36.386130484375165,-63.55591272520894,-21.424762211530062,-152.28509305920835
165,-3.925140515380466,-35.56177307384036,-72.073335609389,-21.785074344441288,-156.38197918467267
166,-2.8843341640551365,-35.3076508070384,-61.76377455626396,-22.08201871689436,-154.46200462596624
167,-9.506354613705742,-36.946576476694624,-65.02448617020559,-22.611780352866415,-161.00271209445324
168,-10.430879940242601,-38.14543631442932,-73.35339931257235,-22.68574237898936,-165.06707745972443
169,-4.121394134214029,-34.627371632538065,-62.16483496239911,-21.90089841465793,-158.83847617476277
170,-3.4637091082497804,-34.18823842379902,-61.81503525048386,-21.86043896791918,-159.54876515720954
171,-2.4387365143091753,-32.83353635895912,-69.79281777610285,-21.227695769410886,-164.14082968447335
172,-3.4559358392223523,-32.7830389241565,-70.23565202724188,-22.030423104705296,-164.5382686449598
173,-6.200862580259592,-33.439651121972894,-64.26516546919717,-22.391449609620896,-166.56754300740292
174,1.0211488009014857,-29.000220513635725,-61.441684787270965,-21.297254757594242,-163.0498419445273
175,-4.323742072839126,-31.580924135695362,-63.95054014821592,-22.119535672430985,-168.15199136036122
176,36.61034726817839,-24.097384676035137,-44.63030216356557,-21.00033260401687,-148.27134162529362
177,28.35182118731881,-29.161710829374925,-47.44599054352774,-22.73118915230442,-159.24500713001706
178,10.738126355188356,-33.58983050785563,-51.99993868657512,-23.884523548022326,-165.12794499443802
179,1.2942684735523464,-30.707854152832546,-51.772863880553665,-23.294451958607848,-161.74907038826512
180,0.03603796058363429,-35.05739159855217,-51.004385321161934,-24.601136329386893,-159.32510255100914
181,-5.147955966529892,-32.99787180200682,-59.78340271408496,-24.45655538176729,-162.4648572869496
182,-0.056734834988070304,-32.5762219517657,-51.08203876947226,-24.625062834999397,-148.66734664010875
183,0.9515133475097919,-31.925893325674906,-40.652486297622055,-24.590636553847787,-143.33514013443747
184,4.75596910212894,-29.878628559046184,-46.98208257414848,-23.788076339505768,-137.23958357793998
185,-5.494666933318964,-30.804220777701243,-44.72018263385838,-24.681349050034363,-143.8288627140281
186,-5.612408897983979,-30.11600648262162,-52.22804363669783,-24.620937359162237,-141.85416492273993
187,-3.356449642046087,-30.258622178105966,-50.145615500954435,-24.523986256394817,-140.10473357582538
188,-10.338058207885492,-31.977858729852088,-57.12948027507255,-25.36204839937634,-147.11177730747295
189,-12.153473895796443,-30.821586680744378,-61.2504235953148,-25.228793076241004,-152.10835682426105
190,39.533854629700066,-24.38964230443004,-32.79277395899152,-23.77000402193214,-130.2164350756733
191,8.940108686669,-31.05235771994656,-46.658590595615976,-25.92057249301528,-125.00100973923489
192,-5.498104640538758,-30.718027879210933,-40.43874549574571,-25.699223400797802,-93.56613505534708
193,-4.657690963298556,-32.28231828437109,-36.96238147473423,-26.42999799624974,-89.41903975297247
194,-10.78129145231966,-34.29393216073796,-36.235902782876366,-26.237938455817897,-97.77812750659528
195,-9.398836344902888,-28.964166645554258,-45.10902569685284,-25.550210805205367,-96.98414361752522
196,-11.040069254711876,-34.668471200244504,-47.06895346753997,-26.306354764361654,-99.38518582042471
197,-14.78975340306317,-31.614516429798833,-54.318399630114286,-26.383099566525377,-108.01101331356595
198,-18.068299260766633,-34.61567542378536,-48.980929319879394,-27.081063939558593,-112.33968926228674
199,-22.28572861930036,-36.23053541925532,-52.671826836372645,-27.264047400125555,-122.3469360731407
200,-7.058948082994709,-28.931614099535203,-49.589309015236935,-25.6150848997725,-124.6595598075246
1,-24.676574676952,-6.173194469238,-24.944168276952002,-0.24676574676952,-25.077965076952
2,-44.19694996182967,-10.999924091849035,-33.816701619512635,-0.4398349316739614,-44.8117971562632
3,-60.573003797293495,-19.917045779580807,-42.10866599396576,-0.7965197991832323,-61.76086337473971
4,-64.09660768623431,-18.253037079268488,-45.14442098825643,-0.7861192607992307,-69.8919599540157
5,-76.22795881967643,-23.267280302774076,-51.54074666858625,-0.9074327721336519,-82.36150476307971
6,-85.3865988531179,-28.954678544091173,-56.400865423944296,-0.9990191724680667,-93.20493722834503
7,-91.19647455345526,-29.834688418464754,-66.54770172717424,-1.0571179294714401,-101.24572986487465
8,-100.84220668500816,-33.12473908358139,-66.99982853940126,-1.1535752507869692,-107.64431400900676
9,-59.97685751147378,-32.53299494865729,-46.158819217888635,-1.1147162511910156,-64.32895642699972
10,-71.97105109066182,-40.4677134989757,-52.684907164099776,-1.2599006209931,-78.43911463265626
11,-33.393939075354055,-36.543718015893894,-39.1043475644256,-1.1681800005089318,-73.42396051828717
12,-4.326374296840484,-35.86057426197527,-29.415159304921076,-1.151661295868984,-73.42396051828717
13,-23.975748158535094,-40.617632736817605,-48.7746058046593,-1.3413221087755505,-92.6384433370472
14,10.583413523349996,-38.45990639875277,-33.18171776547456,-1.2654536938147158,-86.52869211921264
15,-13.321817571597396,-44.2109874511376,-44.38719079921936,-1.4966974287059651,-106.21512153542403
16,21.13787449604291,-44.55892079196304,-26.582491572515185,-1.4729228638609393,-68.30631031047957
17,-0.8687535275460192,-52.78892915992752,-36.97804945557083,-1.7202241479425346,-86.96005188259154
18,31.72440913806875,-52.526570929027784,-20.241762009408156,-1.6980249857390521,-51.72865253684502
19,8.836720722497244,-64.44485481576773,-31.300439739238435,-1.9437872715652758,-72.30534208468367
20,-6.354881917425367,-68.80341673164462,-48.8618173750557,-2.095703297964502,-87.77388083762742
21,-21.962683967390124,-74.07027439372197,-53.1381995130133,-2.251781318464149,-100.2857824696119
22,-33.824151351767966,-77.53647329933973,-66.71188407870056,-2.3595398949317365,-110.04330215289677
23,-42.603725797155754,-80.99929305345506,-73.6592745053114,-2.4473356393856145,-116.07460057011913
24,-47.3961591426088,-81.49290900164391,-78.65368509434799,-2.4952599728401452,-121.16999978094749
25,-42.5855044982859,-82.87192236944468,-72.58076966477152,-2.447153426396916,-120.41255808159241
26,-53.57755133600592,-85.23943748531175,-77.29946112657859,-2.557073894774116,-126.7406131769948
27,-55.47821991706896,-86.0245457450791,-84.66419073428796,-2.576080580584746,-131.19971458070222
28,-62.19225698266075,-86.8027083829463,-82.50044950624331,-2.6432209512406644,-134.76236191802587
29,-64.93552655488129,-87.50056203139808,-89.46615443704533,-2.6706536469628697,-138.00224496131617
30,-69.10480323635613,-87.42128301797645,-86.41193240032808,-2.700388474907429,-140.93730599862872
31,-28.253347440342463,-84.41276448990494,-71.45355262569556,-2.5889116101731844,-132.88993894286094
32,-47.3132465205266,-89.4053480532539,-80.16329416055453,-2.769106074783444,-146.71402037646186
33,-54.094893043198454,-91.1891818996555,-83.62995831439842,-2.8224931929872286,-151.5237199941877
34,-52.67584765823793,-92.8950537507164,-88.12608719550116,-2.808302739137623,-152.45462027074439
35,-57.718772268361235,-89.24724995067086,-84.14052049168342,-2.8471336088722956,-153.63557276990554
36,-65.14909047797666,-91.72649568854975,-87.32131771762488,-2.9214367909684493,-157.3623734030012
37,-70.40856277085365,-93.04136376176902,-89.66244968675336,-2.9740315138972195,-159.78953058058235
38,-69.18759677927464,-93.4656379052041,-93.54082044586096,-2.9618218539814296,-159.23912403051162
39,-23.698189228134908,-91.79656093124682,-64.28603723117203,-2.8868968924309883,-109.60396943697636
40,-37.846024462324664,-96.25956693722569,-70.95371558330817,-3.065417132670143,-120.73769378816505
41,-47.953551419082,-99.11581969656417,-75.76257477815835,-3.1664924022377163,-128.81815704957955
42,-9.089370061904692,-95.87725344612544,-61.57245524966645,-3.062998923742775,-121.40580259298277
43,-29.941412439519056,-101.21219073023025,-71.11146304170138,-3.2587000491016624,-136.8580013345733
44,10.088372070138664,-97.28495220606908,-56.50922407890743,-3.1325041053936427,-129.22760140181478
45,-5.34625774801116,-102.08385437082597,-71.3803086854827,-3.2758291519812923,-143.81691340260278
46,-16.543011662447515,-105.8397198574946,-71.06682485466364,-3.387796691125656,-148.99951988530066
47,-17.25846848643355,-103.9563086199548,-71.09399763308897,-3.3949512593655173,-147.6404582185996
48,22.04081007953115,-103.87864607323867,-50.737927570052804,-3.3492434025384377,-104.10259497231192
49,53.476789262760036,-102.6416373500841,-39.610119694571374,-3.323854609150246,-100.02043192624853
50,27.016367390445872,-108.89234750943294,-51.71515821642335,-3.5738830155242005,-120.08098238529968
51,11.647153678258046,-113.93138525890315,-58.851149056440725,-3.7161776704984666,-131.58862589364767
52,-2.687721149312189,-116.85466536691764,-65.17749960271618,-3.8595264187741694,-140.9212413157575
53,34.64607492492001,-116.869391607512,-45.85181331694055,-3.82247834393783,-99.6347157495681
54,20.327138875278504,-125.82912101992471,-53.05855022481719,-4.180867520434338,-114.18407150841273
55,13.676021742885045,-126.23341827555532,-65.17102121791427,-4.167672659013747,-123.04926697602215
56,2.8992560049193656,-128.28549929759382,-65.90380425415933,-4.275440316393405,-131.71395694029565
57,-8.384121556312287,-130.82343492151335,-71.08506986147358,-4.388274092005722,-140.2347954617179
58,-18.382825008794683,-133.1547246612371,-75.7127341259853,-4.4882611265305465,-147.5267872067541
59,-19.729151903488223,-135.87871265850876,-76.89419455536901,-4.501724395477481,-151.92289599366924
60,21.42828388717614,-132.79447476463366,-55.668254758182265,-4.440734810688467,-106.88212879187743
61,53.01624675127475,-131.37696550277306,-44.476918767304625,-4.4135843275095885,-102.93441739590456
62,31.171293379264704,-136.39547134310948,-54.98987745240929,-4.614324561123045,-122.60526118240065
63,15.438652432852006,-142.18352288319915,-62.065003214787446,-4.771650970587172,-133.4254993271113
64,52.082550993174934,-141.15660930183802,-43.16692602533992,-4.727367334465952,-93.32483331107198
65,38.087802950387385,-146.22961551578942,-60.01437802940285,-4.896288404902777,-109.42561804510139
66,23.5098277277935,-149.54070812683267,-62.83594665830746,-5.042068157128716,-120.5481022132488
67,58.44143684082629,-149.207042348249,-44.88651556297449,-5.005831815185981,-82.71473386731655
68,39.03521235044522,-154.62398917435843,-54.4347619868974,-5.22250968823036,-101.51851122435177
69,28.191979265384667,-158.48252113638767,-68.75950047712368,-5.330942019080967,-113.55752374369587
70,20.817494217225104,-159.55436015422998,-76.66040783847836,-5.404686869562561,-121.74180264532285
71,14.61756116676478,-162.3409075083647,-82.87567817408012,-5.466686200067165,-127.96474162349531
72,9.553979842849834,-162.4287979625466,-80.90147148048459,-5.517322013306313,-134.95859259833438
73,-3.24588587548209,-165.6287643921296,-86.48256074734954,-5.6453206704896335,-142.77662060142111
74,-13.563969246518951,-168.1327819014009,-91.05871295696913,-5.748501504200003,-148.9809812964204
75,-18.913993998601754,-171.0816101648268,-98.37693242559698,-5.802001751720831,-150.99236604101432
76,23.4936541949544,-165.2605895216079,-76.46480765302046,-5.648451830679651,-139.32800297892763
77,0.7072023864884898,-172.12710133518272,-86.40079201481122,-5.854298845161027,-153.37100553274036
78,-8.716592754039368,-173.65207715771635,-90.4441849356065,-5.948536796566306,-158.18389668204654
79,-15.038482603594602,-173.95415927625118,-93.15410818960522,-5.985998587967499,-160.51180115221035
80,-24.953382467265428,-178.41783141111688,-96.96375773651043,-6.085147586604207,-163.53989870629997
81,-24.386905889366908,-178.41671778054507,-97.16233660751078,-6.0794828208252225,-165.22596487313376
82,18.408488655107806,-176.8377574388122,-75.14466797067348,-6.015965262688243,-118.71074214105934
83,8.46062521636605,-181.2832859701924,-80.38362224516545,-6.1579719909549535,-130.2487409105277
84,-3.2097220870823033,-183.45795064514,-85.51206871242073,-6.274675463989437,-137.64052683894283
85,-9.973167969645683,-186.3701434326557,-88.74610930292685,-6.342309922815072,-143.51787861685284
86,32.982453672185,-180.18556484282468,-73.16774335895659,-6.177674950339543,-134.794835694043
87,12.571149083644386,-186.40345155690486,-82.52381861039264,-6.3615596603485605,-149.56598344815615
88,1.5155707391752085,-190.08970561762337,-86.95007984116815,-6.472115443793252,-154.01239414387086
89,2.042373617674121,-189.65698048093213,-92.77643698605459,-6.466847415008263,-156.12094217811725
90,3.0528958273151723,-187.28845230827758,-87.14112087770603,-6.456742192911854,-159.19400715050568
91,-7.477682994501825,-192.00160013182315,-91.24333938642886,-6.562047981130024,-162.74616055920865
92,-4.17884021252281,-190.10828680577455,-95.41516211103767,-6.529059553310234,-163.35771608217865
93,-10.034241912414355,-188.32772581828974,-91.56555412071513,-6.5876135703091485,-165.17443579716087
94,0.14665788692443193,-185.43906269867765,-94.3870341033524,-6.459402407966772,-167.1712565558013
95,1.5019880394996292,-184.62988958366654,-87.48023270118969,-6.424119588929784,-167.00311344754658
96,-4.93068877957465,-185.2114285638679,-90.2939993773604,-6.488446357120527,-170.3751654561193
97,-14.141939425542308,-189.1059868415302,-93.66908360723666,-6.580558863580204,-172.20316954344165
98,-18.911842306967593,-189.97991219702132,-100.01584848771054,-6.628257892394456,-171.58052831563006
99,-18.67207653605641,-189.9199707542935,-93.76703280369725,-6.625860234685344,-171.50300563595403
100,-27.2635568783868,-193.5813101236144,-96.84118609275967,-6.711775038108648,-172.76496468566782
101,-32.21236153196705,-193.95252137882682,-98.88812074674702,-6.761263084644449,-173.5257741941909
102,-29.888523320199322,-195.29535488287164,-97.91837040974187,-6.8149764248062406,-172.20217072276324
103,-25.192940529925412,-188.3840645439853,-95.17037115261603,-6.594804887860544,-162.1001303695717
104,-32.22296757169407,-192.5859857263998,-97.96143569969763,-6.66510515827823,-164.09420613422895
105,-28.696891622292227,-190.74877086343156,-101.40978338599233,-6.629844398784212,-163.29277947179276
106,-32.41753683686821,-189.51231176057462,-96.90757856265256,-6.6670508509299715,-164.1069737124388
107,-37.08503253367835,-191.17873111566522,-99.31722095457897,-6.713725807898073,-166.71238647820704
108,-38.27557545653367,-191.47636684637905,-99.9580022686414,-6.725631237126627,-168.17598851687094
109,-42.834547254138904,-193.33672282749166,-101.72133637845725,-6.771220955102679,-168.65870100097845
110,-47.0003051837877,-197.16325184117173,-102.70799364360273,-6.959155116626998,-166.07416498943132
111,-46.58653423671544,-195.05932932260347,-105.77468125476592,-6.8749982158842675,-161.2817012096029
112,-1.2347756034391857,-189.6365032522599,-82.4285620522441,-6.70615113935078,-148.9384017224583
113,-19.729951379440674,-195.1519291393927,-90.70762271427022,-6.8676741609624985,-160.84145599682418
114,-19.23267723007679,-193.66500816899259,-90.99548025330955,-6.862701419468861,-163.56314952978806
115,-23.769634422619138,-193.4656683348449,-92.8933033065053,-6.878069857666792,-164.37611677750326
116,-26.720686542030265,-194.64218630780405,-94.4010868932329,-6.907580378860903,-167.52071405904664
117,-31.513087130856007,-196.5115055854465,-96.0388130853999,-6.955504384749161,-167.54761268213343
118,-28.256020607203173,-195.7359650864172,-95.19644143346933,-6.922933719512632,-168.01232626474018
119,-32.52028435982088,-195.23115919201675,-97.12486048376778,-6.937589628586096,-168.98174257070235
120,9.332349476691302,-190.55353780396416,-81.57776204098982,-6.797989298505253,-159.404419587059
121,0.271602264093854,-192.04186315365328,-92.30227039642054,-6.864521918569954,-170.63714011918827
122,44.39709453800739,-186.30783748857067,-69.70770437398714,-6.681534599494341,-158.48566610563662
123,71.05876926623262,-188.30901366376548,-55.2732481674841,-6.726203971760604,-125.20227832306884
124,50.40062592068886,-196.44578965760832,-64.38702489615457,-6.9726458987759665,-139.0521103723781
125,34.425292253553465,-197.23239896891272,-71.11565881868754,-7.132399235447321,-148.74688097496875
126,37.40769043685867,-196.02961936891458,-77.71057558961486,-7.102575253614269,-147.71711269559978
127,36.70849210846185,-198.71293950870054,-73.4146337998483,-7.109567236898238,-151.63530374382498
128,35.43826042218049,-196.87952572549932,-73.37521849207319,-7.12226955376105,-148.8154126619745
129,22.914119404944827,-201.04235880239827,-78.50774021435407,-7.247510963933407,-154.56226096118849
130,13.041524549631099,-200.2688515520157,-82.8959696013296,-7.346236912486544,-161.15989479355417
131,12.605344211557568,-203.3162739347508,-83.81844775659155,-7.439840485658965,-164.41362707652848
132,54.705203495025714,-194.9204728825847,-67.83571134360761,-7.152366612730804,-152.518097287324
133,36.352086654939065,-198.9196169967379,-76.57257199629039,-7.312332377296931,-168.39749601569244
134,32.74350662241808,-200.94699645029942,-78.74769480314792,-7.348418177622141,-173.7689224937292
135,71.87102853028131,-195.22054343390732,-64.07971606821127,-7.199872363921866,-163.61788663577536
136,48.21632190595279,-201.56353834440912,-80.73461322899374,-7.411899163444488,-176.90005226535166
137,46.38666461140234,-202.14649586602386,-75.40924508190444,-7.430195736389992,-179.23787038083293
138,36.81228577119645,-204.81719528037453,-79.41675818327772,-7.501040366218741,-182.85606996749823
139,26.63487573433921,-208.15806777206353,-83.18314435427205,-7.602814466587313,-185.21051438867613
140,65.8921578583986,-202.44563307261998,-68.26620268089778,-7.456875126953609,-174.2234285965493
141,40.53927244545836,-209.9138720888803,-78.97536641216506,-7.6819384535760316,-188.0537290575233
142,30.056515203226702,-211.54206160777417,-82.93828609489933,-7.786766025998347,-190.96546727724677
143,29.641163150820866,-212.62310628669997,-83.49970794855217,-7.790919546522405,-193.40295329889483
144,22.59404187609499,-211.08591909142288,-86.10593140341611,-7.861390759269663,-195.77285227143764
145,63.91428461763368,-211.55822052284614,-64.5863384192593,-7.801244480835443,-149.29577984957413
146,46.50573637931677,-217.07299649666012,-72.25309670485413,-8.025905367345459,-160.97638601758877
147,39.17197443549804,-218.90643698261482,-75.87835102229602,-8.099242986783645,-168.06038803460262
148,28.375039469702685,-221.40436506156558,-80.40377599641715,-8.207212336441597,-173.95782102458682
149,19.267556414070675,-224.16654582186257,-84.1081259771918,-8.29828716699792,-177.87767333756878
150,15.241720644271016,-226.31284148034683,-85.87559519623643,-8.338545524695917,-180.43081711223715
151,56.18798927678266,-220.22269367108262,-70.47623643577688,-8.181243826948227,-169.80045075592284
152,41.872913325837956,-224.15778427380505,-77.48036058529277,-8.296947922299212,-183.7246414810057
153,31.078966226501585,-223.44748288709886,-81.52659889492463,-8.404887393292572,-187.49576552084358
154,20.718130683282382,-227.4818139962141,-85.53154475762844,-8.508495748724762,-190.7372287867572
155,11.309818113657869,-231.47539761703015,-88.81131817831661,-8.602578874421008,-191.59924417163725
156,10.256300651726658,-230.79996185758245,-89.32255638721168,-8.61311404904032,-192.55963850114526
157,52.21923473351829,-225.36875975317838,-73.65880299344016,-8.448308431538795,-182.2507819074501
158,28.61396502006516,-230.61319423453438,-83.74043934069407,-8.658085810793034,-195.50854296706922
159,68.71820395043858,-225.34560386039243,-68.59930762693833,-8.502239544273234,-184.85008185332543
160,92.3208986698591,-223.3035079606001,-60.64451847363053,-8.469327160362585,-184.85008185332543
161,113.9042939921939,-221.5373542715384,-53.3784893906724,-8.44531619592971,-184.85008185332543
162,94.13223494163307,-225.65305584032436,-70.3985194152007,-8.612270256947122,-200.64859484910278
163,88.85057415538537,-227.12180981167216,-74.13334188302932,-8.665086864809599,-203.60999815772186
164,75.91781662379614,-231.04744239660664,-72.84567528313737,-8.794414440125488,-206.98013909373074
165,63.48444858101078,-236.05402981164377,-77.43491334376635,-8.918748120553342,-209.648831371934
166,63.46879869075723,-236.0269838332034,-83.10168256149493,-8.918904619455878,-209.27732995988876
167,103.94258018215987,-229.0718478239988,-60.37640380749348,-8.739263627470267,-195.39332312470162
168,79.49720362681448,-233.55707717807604,-71.3186828451962,-8.927453810969258,-210.96349314551168
169,117.32917145528593,-233.49158152424968,-51.35493313727201,-8.878257076723,-166.84493055490944
170,94.55217273016675,-238.4246123442465,-60.34678701077798,-9.158910808914285,-180.58635908426942
171,126.88733579962306,-234.88638988747311,-47.69028035530369,-9.046270049917918,-170.67390694348887
172,96.22021780464362,-243.80095840002258,-60.61162547446445,-9.321426274006088,-187.56772443372026
173,129.81612730218262,-238.43497908794419,-47.53521629053358,-9.194600149804344,-176.84326845033232
174,102.56682176888759,-243.80085989977428,-59.81955000504002,-9.409235382277549,-194.8109617082103
175,87.4604321988748,-249.59949110521057,-65.79329024365609,-9.560299277977677,-200.44062399988113
176,124.80628576634199,-248.24812590630933,-46.17635062035188,-9.504988676353047,-157.43069339499021
177,108.18242774178971,-253.71699614067848,-63.20657221217408,-9.71684923745628,-171.24244820611915
178,93.01897252950536,-259.56067816276294,-64.3028466129666,-9.868483789579125,-177.94640134628813
179,62.15104712266314,-269.20475820208446,-99.1544800542653,-10.177163043647543,-207.3472602887146
180,55.44885903653727,-271.40325617979494,-93.35356165297503,-10.244184924508803,-204.48456387151182
181,95.1995142683541,-264.8011618574498,-78.0698211265123,-10.079526244835595,-192.28343117636905
182,118.88178791646652,-267.0600338622831,-64.71122098821694,-10.1337797430849,-159.49637764282178
183,146.98548261867828,-264.8708935413259,-54.56523332571204,-10.10071206508702,-154.82784107221593
184,114.95578109739154,-271.8190418226154,-68.36436151284981,-10.381225797996692,-174.03260934148383
185,111.69896964494862,-272.55251223649566,-78.33082223021839,-10.41379391252112,-180.64080366110232
186,105.52829580507833,-273.06668312058565,-75.12337284988227,-10.475500650919823,-186.08067243093907
187,94.56218916171427,-274.20613004329755,-80.01325713082154,-10.55449440642657,-191.954399283502
188,87.03523602835595,-276.5545089092292,-83.54592942079982,-10.629763937760156,-198.37529113346494
189,74.48280366224725,-281.55733912535294,-88.22476182841042,-10.755288261421242,-201.3434208469111
190,64.78526147981259,-282.86918227863157,-91.71988033374072,-10.852263683245589,-203.5249295155579
191,54.80301004909022,-287.00587110777997,-95.13664499261589,-10.952086197552813,-204.254905757313
192,95.01344470185165,-280.19442935706775,-79.67562353719151,-10.783211607983723,-191.90964633028963
193,68.75529297509846,-287.6164721390323,-90.54392400103474,-11.007299982320209,-204.60314565984262
194,62.51627323274599,-290.072388009702,-97.7164755368501,-11.145370927082151,-203.2740906683533
195,54.65574278828105,-292.03752062081827,-93.3405269977514,-11.2239762315268,-202.72103725211497
196,94.25126586771985,-286.3755630414202,-78.27597817070662,-11.061407267891392,-191.60925073388552
197,67.84055708102028,-292.73080572047905,-89.33141336158874,-11.288839364926316,-205.48330543612187
198,107.57219106232739,-291.9666857970839,-68.64506390180321,-11.227623767382878,-160.82847664002293
199,90.52425389029403,-301.32672089323694,-75.79071035261592,-11.443606497801161,-169.6064810008325
200,80.98544173671424,-301.10209877461523,-86.68945154084693,-11.53899461933696,-171.72957132736454
1,-24.596874500000002,-6.161718625000001,-12.28593725,-0.24646874500000002,-24.5468745
2,-45.18429056388724,-16.838152142373243,-22.6319595849012,-0.6735260856949297,-45.34354777571757
3,-59.69762400013143,-21.392993936641187,-30.56302238496199,-0.7881462853697803,-62.49685990273369
4,-70.73708989564528,-23.355344748014726,-36.24805682188164,-0.8931719326211743,-73.36041870808478
5,-85.54021831656388,-28.714446975889647,-43.28193359921782,-1.0412032168303602,-85.95742253026467
6,-92.12577650979253,-29.73632167284051,-54.53866905150874,-1.1070587987626468,-95.86426146056039
7,-102.6018035092425,-33.88540297685423,-55.78138760483259,-1.2118190687571466,-103.36828216383589
8,-112.47671788769475,-35.524209601530394,-60.426690102053534,-1.2974474788292967,-110.83423170463843
9,-119.34249455429351,-39.0485609651904,-68.92536059994974,-1.3661052454952844,-115.34722496063326
10,-121.97249192916198,-38.98622341843876,-66.09027829044919,-1.392405219243969,-118.99086441076825
11,-123.37981232740032,-39.33805351799835,-67.48894477102054,-1.4064784232263525,-124.04367706748006
12,-79.95505910941354,-39.20186080640873,-45.32411269148744,-1.3606935989233366,-77.90419102625499
13,-92.15748205077193,-43.14294879324137,-51.4775068516367,-1.5222837556127518,-89.91317971657229
14,-99.86752008841586,-46.18352132920995,-62.19783148329421,-1.599384135989191,-97.94470977048529
15,-105.36788900043082,-48.35585732553979,-61.43814108851773,-1.6543878251093407,-104.09295181126505
16,-107.70058813867838,-48.93033196200689,-68.9664127046433,-1.6777148164918163,-109.30060062156325
17,-101.97496270039181,-48.91892331404034,-68.39343720734018,-1.6204585621089507,-106.56329083026827
18,-108.3470798088913,-48.90732250267463,-66.95300139409494,-1.7065397884120068,-110.69940241696163
19,-111.44206814138768,-49.68106958579873,-69.0334153050922,-1.737489671736971,-116.52390928694763
20,-120.06258058763514,-53.204446333919414,-72.70926353903133,-1.8236947961994454,-121.33797379808743
21,-124.36407543143437,-53.922128020491975,-75.04682848605695,-1.9825505547149107,-125.16376826741231
22,-127.62893865562566,-53.90858240580011,-76.78200194891407,-1.933462730240446,-127.93297486764703
23,-83.11798431168542,-53.609729881603236,-54.093975846980385,-1.8827147074653259,-80.82672694392542
24,-96.50102642641892,-59.4852326086459,-60.36404501753353,-2.056984222057042,-91.68105773777731
25,-102.59985530216233,-60.54389707799529,-63.902302420407636,-2.1179725108144765,-100.2801013397135
26,-107.30187463186738,-62.68032956232617,-72.16676122260066,-2.1649927041115267,-105.8694200248953
27,-58.7010071727012,-59.59102547819234,-44.80177711759865,-2.0457711612733416,-60.945263130921326
28,-72.87138777257226,-63.82273682432563,-51.93386784256439,-2.2196496305713853,-75.30413170058722
29,-33.71733278648533,-60.85252789396169,-38.232162039498974,-2.1221768737220965,-70.77534009475741
30,-51.38524867005012,-64.65644154695703,-47.25932546691158,-2.293823642713725,-88.9171201111626
31,-64.54036877223179,-68.25678025146394,-60.972815300624866,-2.4253748437355416,-98.93006175062172
32,-70.29550557827145,-70.96881170671601,-60.80117472151983,-2.482926211795938,-107.12033308455713
33,-31.66194038261323,-67.61886307017151,-46.848312244235466,-2.391090701026193,-100.67028861216741
34,-51.22983858966632,-73.99923162791998,-56.0744168429229,-2.578015703316376,-116.57102526645221
35,-61.8387246638223,-75.77057520928088,-61.17258149608287,-2.6718574555601555,-124.65428799349667
36,-66.5564004650037,-77.97929062727549,-69.8130983964309,-2.7190342135719696,-130.00736495604866
37,-74.14928112187074,-79.10674975233022,-68.5172954829405,-2.7949630201406404,-134.24481711437105
38,-72.34369435611242,-77.9095618007582,-74.77504651295936,-2.746813490384482,-138.20951106594256
39,-28.956516020811605,-77.26929543533382,-47.52195568182827,-2.6809097923550533,-91.42585758762787
40,-42.55700330263578,-83.28844364027508,-54.2626254396462,-2.8566227555057915,-104.4124408255716
41,-4.858672400381032,-82.37839992814195,-35.030990057830316,-2.815297732549994,-64.41929033918574
42,-23.03171849634389,-87.16813121989557,-44.16818876045239,-3.0088106591940855,-82.00608411253326
43,-37.48896473734418,-92.43662443595308,-51.180882276609005,-3.1533831216040884,-95.07805015954538
44,-45.26109954011433,-97.2983605383294,-55.42719625482442,-3.3673659397189666,-104.90463303624374
45,-55.57861004812756,-95.96962385142587,-60.427671172288925,-3.382410838463177,-113.50853525690012
46,-65.12439337120207,-102.83051887586063,-64.81588689363576,-3.477868671693922,-120.74626293883212
47,-74.59815678588001,-104.6917196562658,-68.81327111419802,-3.572606305840702,-125.7830414328498
48,-25.396391258873,-97.75880824383341,-50.04551550776094,-3.3723359486796403,-110.88529199799137
49,4.605874503882674,-99.16640143263693,-34.42262045155451,-3.3997325492182284,-77.15245318626413
50,-12.259837895067854,-105.71059289610531,-42.7904926194671,-3.5955063491631836,-93.62826139583862
51,-27.987037300708558,-110.977309391196,-50.02774512458893,-3.7527783432195907,-105.59737761528817
52,-36.443474918967866,-113.92164500632894,-54.55988677152783,-3.8373427194021836,-115.56009214210535
53,-48.139006778003505,-116.27693727994877,-59.92849242030636,-3.95429803799254,-123.99064886395698
54,-9.76810433278142,-113.00910402284129,-45.98234889060021,-3.853345483285427,-117.05559257616422
55,-30.614678068592255,-115.73383567878788,-55.656787189577635,-4.04683513408444,-133.40907489840714
56,-36.51058784337519,-117.69213372122225,-58.985904929162245,-4.105794231832269,-141.44703834651952
57,-45.03850085499164,-119.75993324907114,-63.03161888012097,-4.191073361948433,-147.658679043233
58,-4.2320091619697635,-119.4586253957684,-42.03665705549153,-4.142192799480872,-103.30189148150006
59,-20.198429474884446,-126.16076791616207,-49.59197094386499,-4.340965479289794,-116.26539891000479
60,17.202173713012968,-125.02002736977428,-30.48901747503071,-4.29568689501493,-76.4488844727939
61,1.5814780832382098,-130.70447181842644,-38.72450401323333,-4.653759110866669,-93.77013499582964
62,-12.879637754140537,-134.12625469800022,-54.186139850173156,-4.739586404013438,-105.31141433239503
63,-25.761738313763807,-137.34677983790604,-56.52614392945545,-4.868407409609671,-114.94510036384507
64,-38.782879446579,-142.24216040943563,-62.265356635451376,-4.998618820937822,-123.3380943341902
65,-48.300527887778834,-143.90005830425127,-66.63339802951396,-5.093795305349821,-130.29155130617883
66,-54.071535574927985,-145.34281022603855,-69.58636265155963,-5.151505382221313,-136.46732366415452
67,-63.77661092830089,-149.24080040312916,-73.55025266554397,-5.248556135755042,-140.84051304131475
68,-68.17585392355834,-149.8972567268812,-75.87769296115057,-5.292548565707617,-144.37685973045197
69,-63.612426258816875,-148.62714721537418,-75.53104419429191,-5.246914289060204,-148.08809066543057
70,-20.44067531401332,-147.845875065198,-53.47391752515454,-5.1860511270019165,-102.08883254021349
71,13.578246210963258,-146.11833043958754,-41.51331295660541,-5.152727739069752,-98.36304817887184
72,-3.7110287285196613,-151.23199342251596,-58.114367874261916,-5.30567196525403,-114.59376317181713
73,-12.01011851451085,-152.6024588057524,-58.06111905489014,-5.388662863113941,-123.03114496101264
74,25.161757839491973,-152.0922275530832,-39.07164695559439,-5.347542483073378,-83.43806507324379
75,9.999366764062575,-157.9882226729907,-46.88538637780418,-5.522900063626984,-100.0452234750401
76,-5.185138370668518,-161.60527617079313,-53.94587079637891,-5.674745114974295,-112.00528842287947
77,-18.919695604982607,-165.03891547937167,-60.2520544665002,-5.812090687317435,-122.14775511058284
78,21.120791493535723,-160.0594030708247,-45.80150611942791,-5.651768151019524,-115.3866590834802
79,2.809334585356023,-164.07533243580863,-54.76999150833428,-5.815057923159819,-132.50839330330345
80,-10.599355606105906,-169.1527473317475,-60.526574550186005,-5.949144825074438,-140.23051117148995
81,-17.11436950882814,-170.09930667514513,-63.807473876562284,-6.014294964101659,-146.88587932430315
82,-27.099566843608077,-174.2085539426418,-68.08985501757913,-6.114146937449458,-152.07462768294292
83,15.037191612187803,-168.5571586678416,-52.57711518654713,-5.963567389423851,-142.86056453986575
84,43.435370342864616,-166.29188876454023,-43.142452048167115,-5.914309277448475,-142.86056453986575
85,18.919622861955176,-171.95364614658178,-54.032648165559756,-6.140779572730136,-159.28836695790875
86,6.233029967882281,-175.05739458654386,-59.39004889472837,-6.267645501670864,-166.04605596641187
87,43.88631405590725,-171.01105182555753,-45.34992532156393,-6.145352246053058,-157.11188270347515
88,19.92892529463044,-177.5700209448923,-55.797015735555235,-6.360721252636241,-171.95538579686274
89,9.027576534012844,-180.10223501500187,-66.57407252614271,-6.469734740242417,-175.30660874975544
90,49.29020470697921,-175.24390799388215,-45.918178294614734,-6.318587440425755,-164.43087237601696
91,34.483983323981825,-177.127651116888,-61.09771124305228,-6.4245973213928105,-178.89990561509836
92,30.680344318706474,-179.82131937275912,-57.9087813183354,-6.462633711445564,-183.2691565919472
93,69.39852468709881,-178.78536630591384,-37.67927780356183,-6.412223519285456,-139.32849624009043
94,97.55964911790454,-177.54897586092423,-27.421927776140684,-6.3995928418850925,-134.696492145011
95,73.87873405440573,-182.87110441983805,-38.607182923201705,-6.612477984241646,-154.76855939690222
96,64.21921881941188,-186.7019516083215,-51.874097433874795,-6.709073136591583,-164.0761543204931
97,50.388043413317426,-191.28643395316436,-52.39456243166096,-6.847384890652528,-170.31642166596652
98,43.762544714661644,-190.88439910964001,-55.75210535978416,-6.913639877639085,-177.8750178031865
99,36.69073583982588,-194.45074547244036,-59.032522908339736,-6.984357966387442,-183.4139053448484
100,31.762901831409295,-194.83010473234998,-61.46777243639328,-7.033636306471608,-188.1697344963365
101,21.159946576154127,-199.1645083700986,-65.55110805014864,-7.13966585902416,-191.6246504302857
102,15.599277939487381,-199.8749326664685,-67.72914871283265,-7.169716426865408,-192.06303553180248
103,8.70830763971104,-200.40797248763283,-70.34134995786879,-7.238626129863172,-193.95430240246657
104,6.36352549931469,-200.9941680227319,-71.50854438091305,-7.262073951267135,-196.26790465993946
105,7.559937030703598,-200.60779704764846,-76.69289580060865,-7.250109835953245,-196.8782934102102
106,9.731236278318017,-200.92607860232616,-74.49698792393437,-7.228396843477101,-194.670081219006
107,52.12992633638261,-194.40823704269837,-51.77962124213258,-7.055419915055217,-181.73912774983813
108,34.81095239016939,-198.1218260620924,-59.97756645966332,-7.203963475830977,-196.4271285022284
109,23.486789190323247,-202.74008278565597,-64.17013012799785,-7.317205107829438,-198.93418411254333
110,64.11485121798732,-201.48599532669056,-42.9514074184231,-7.2597914308776685,-152.87797191042293
111,45.903750788526295,-207.90056903042364,-58.87873274406523,-7.493230975772741,-163.8137691391209
112,82.29554190083192,-203.51887443214417,-40.16001855870168,-7.362302486918427,-153.93159341722838
113,62.49861117558491,-209.12965399356403,-49.53916634147792,-7.530397346983693,-170.832490134687
114,47.60178541210159,-212.06155332944013,-55.532531847214464,-7.6793656046185275,-177.72187095271363
115,41.173051475477095,-213.66873681359624,-58.70118449039353,-7.743652943984772,-183.87631893853904
116,77.60977537128147,-209.31373229806053,-44.990203918772465,-7.615608212874656,-174.48388330042135
117,49.831098445910314,-212.94916387973055,-56.89280920772266,-7.863182264971292,-191.16632173867535
118,36.85033668715376,-218.803420025346,-61.92200802990361,-7.992989882558857,-195.37999115424793
119,76.63500051377983,-217.43872260569256,-41.16364121326063,-7.935056448799916,-150.3991179076422
120,54.95933623515363,-221.36867053714187,-50.42175595784749,-8.199299700588476,-164.24456859887246
121,46.602805219256354,-222.72888218669698,-54.56553114320241,-8.28286501074745,-173.22700143247425
122,33.76354155895069,-228.22326409136318,-59.664150135514575,-8.411257647350507,-178.14018806573586
123,72.96632064682035,-226.6403820536006,-39.357480857380935,-8.351859800333525,-134.70573057267327
124,61.46200514355006,-231.18669694804456,-52.62715044169012,-8.505508626355828,-140.30702027174817
125,52.58627362551963,-232.5009560187076,-51.93350922852561,-8.594265941536134,-148.49779714208847
126,88.11947354196222,-231.7572064245835,-33.64424570179042,-8.547402260751143,-109.82861581456253
127,65.72411755880039,-238.37930008505185,-53.56720555837204,-8.795617430350184,-126.6957568752973
128,52.28214050699034,-241.41335568618157,-56.200983050544195,-8.901082347494429,-137.4219998417768
129,42.01243285558322,-243.98078259903335,-61.27605032259012,-9.0037794240085,-147.3329881712381
130,28.327885225367496,-247.86930914427256,-67.18268764055804,-9.140624900310655,-155.43911280919662
131,23.913583476869313,-248.9945658867865,-76.27123060092,-9.184767917795638,-160.36613370207508
132,15.799429269715757,-250.92437225676824,-74.22463775920453,-9.26590945986717,-163.79408381099748
133,13.97677597061621,-252.33790125438483,-75.50101610235058,-9.284135992858165,-167.6064782879438
134,5.749774742436237,-253.54192283636075,-78.78504376040465,-9.366406005139964,-170.56467371286723
135,-0.5924294088296467,-253.56772108776246,-81.78330034472067,-9.398355307159644,-174.2961679415825
136,-7.599446778902738,-255.50980625356857,-84.61158040328166,-9.468425480860377,-177.24310146825565
137,-11.766052999545785,-256.4334048981323,-86.3978573934239,-9.510091543066805,-178.8528651768321
138,-17.147780233678613,-255.47207090467626,-88.49450552018328,-9.563908815408134,-180.66929946912265
139,-12.73323627001427,-255.66039762556076,-90.94957907033086,-9.519763375771488,-179.41064122452158
140,-1.617261324362758,-252.5455782641395,-79.85079845830796,-9.408603626314969,-174.99214582276753
141,-2.4869760584625453,-246.8402246613682,-80.25713582242453,-9.417300773655965,-175.68788441564112
142,-5.513450381933857,-248.35766996465895,-81.75872444662637,-9.447565516890679,-178.64446751390955
143,36.55174417918331,-247.39865383361584,-60.161408877193296,-9.385065640845118,-133.1909632195454
144,28.282589480329058,-250.9671951164629,-65.04822434862028,-9.629267642695938,-144.4690704063991
145,17.50324674499012,-250.4366315999169,-69.84481768178027,-9.64558882451111,-151.688745604977
146,6.696565425109789,-255.42927261115656,-74.3458995468378,-9.753655637709912,-156.73070266610907
147,46.682498549391866,-249.54382587186095,-59.387159470231445,-9.609032717729807,-146.95012845503513
148,22.94077268820311,-255.14537706748771,-69.78932733502383,-9.813488716347582,-161.8377801032912
149,22.573862093708836,-256.10672287043303,-76.35075739156264,-9.817157822292526,-164.66331170798242
150,73.99741949923194,-245.95654901502928,-49.616658583288256,-9.541973612958278,-143.13308891435727
151,97.52854222673002,-243.72043066027092,-41.77295100745555,-9.505285936195067,-143.13308891435727
152,74.36521906657315,-248.78834324133504,-60.976994997285104,-9.70177763429943,-160.35749331902318
153,109.45557759413256,-244.19178789654106,-42.81906621246086,-9.569953872570318,-150.66577940556652
154,130.88016882133843,-245.7276976801206,-30.840151922985825,-9.61017722441569,-121.64147612312807
155,110.80446876548007,-251.400951019742,-40.7476507863862,-9.837107358000546,-140.93506919181362
156,144.04669947491422,-249.58799702303133,-23.996113431812873,-9.777283171314224,-106.91030648324198
157,122.01690412373053,-257.32474079776057,-34.57441495680928,-10.014610906997758,-127.45380099253346
158,101.42485231037315,-261.8600293548408,-43.61947981406197,-10.220531425131332,-141.2354978000683
159,132.30651420015548,-257.9325431519522,-32.147478935825035,-10.116813853822102,-134.16681631021132
160,149.28137109742752,-256.30881257855987,-26.33109999042988,-10.103508752517117,-134.16681631021132
161,116.07802169968774,-263.63097671262494,-40.70540237376272,-10.398636822401675,-155.38682410456553
162,104.22299252155528,-268.05439943806516,-54.91583293683135,-10.517187114182999,-165.02674550225063
163,140.29090909618242,-260.98631280297855,-35.82354757139199,-10.327320007848275,-154.12198184731156
164,120.575270142356,-268.5816904649937,-52.91719057432731,-10.48815147792755,-169.90462687480135
165,113.88674552431726,-268.44154076840084,-49.34230335143316,-10.555036724107936,-175.21542577114644
166,106.40446646212627,-270.52555427632404,-53.08867001477003,-10.629859514729844,-182.72906762678562
167,95.19111187476858,-270.8558302670746,-58.07857596768115,-10.71274377230189,-188.77932975446038
168,80.11818982237489,-277.01977842152434,-64.0854112916465,-10.863472992825827,-194.67449759346508
169,66.02420046710037,-276.8728105806982,-69.41292116900644,-11.00441288637857,-199.7548111377132
170,57.512751710486235,-278.3675605242852,-79.54161596536377,-11.05752567632757,-202.94604276670972
171,98.1354794408542,-277.9553314187363,-52.4534832206905,-10.986280274528959,-157.50156685200372
172,83.3376547947922,-284.3074862855857,-59.39062980381378,-11.178528465719763,-169.52879705861943
173,69.80819365034787,-288.7650658624169,-64.79246897178184,-11.313823077164209,-174.88090977753913
174,107.86818233374522,-282.2004068936268,-50.40266706550075,-11.154481682106283,-164.67327076928748
175,86.30897793280825,-285.14121304749364,-60.392479318392894,-11.332722620506956,-182.59415210315996
176,72.29344104377613,-288.89393829008316,-66.0347091474234,-11.472877989397277,-189.3959658631355
177,61.656065663894665,-293.24579234928564,-69.97323927188435,-11.57925174319609,-192.23425388543055
178,100.29711063866255,-286.6971446596373,-55.160864541992275,-11.418947681558882,-180.64209545561386
179,121.67296433085615,-284.1763414354733,-48.03557997792773,-11.378821179335432,-180.64209545561386
180,99.769360352419,-288.6321399719899,-58.17972891329989,-11.557053120796095,-197.69978111097254
181,132.65531275915464,-284.0087175740854,-45.423844937879565,-11.435450874374695,-187.82047354043198
182,150.6346432851085,-281.9953715189328,-39.324699194614475,-11.41594191601041,-187.82047354043198
183,114.08251906822957,-287.011700305753,-53.951107231277334,-11.742310986633683,-206.6395893028426
184,108.11757166384108,-290.5360705144188,-56.75135259452113,-11.80196046067757,-212.26785928121944
185,95.62528219273082,-294.6349727018606,-61.28827979396264,-11.926883355388673,-214.50484353564792
186,83.21303281104467,-296.73332385199933,-65.79231071738708,-12.051005849205534,-217.1408146900008
187,120.11301671126263,-291.31844554289114,-51.62224643686007,-11.896997162492132,-205.92039680727467
188,91.78298371014805,-299.31528605489416,-63.34842172852659,-12.138825350830858,-219.6173825550446
189,91.90967373410103,-297.1365176325614,-61.808900961594844,-12.137558450591326,-210.72999432657346
190,82.09239412953968,-298.6088176126545,-65.99960128263831,-12.200130119031233,-214.46112369700532
191,73.87851061943277,-296.6956141945533,-69.38756031285658,-12.282268954132302,-218.6600369075274
192,112.62906278331437,-297.1569889571877,-49.09847590011155,-12.230170085972675,-174.4266347588204
193,92.04018415182239,-303.54187148524034,-57.89371911598497,-12.485565387094782,-186.52527947717437
194,125.69413315229555,-298.8050775320784,-44.94911126831528,-12.359884728586188,-176.950227615289
195,96.0721642530041,-302.55025222537256,-57.8555467623304,-12.618897672072324,-195.14490278079674
196,81.38041124758189,-308.8566520859921,-63.61755944474807,-12.765815202126547,-200.33347286445834
197,79.34935253657062,-309.54866767577226,-64.60698719243439,-12.78612578923666,-202.54448380878657
198,68.67145552846783,-313.05202282361245,-68.34751185941828,-12.892904759317688,-203.6318377944843
199,76.11209330587293,-311.08578216397717,-65.6451271764841,-12.818498381543636,-202.4519326645814
200,68.26707466995283,-311.19923703568577,-67.99259178997339,-12.896948567902836,-200.84668307367699
1,-49.76899398300218,-24.98052013588786,-49.99879778995846,-0.4981899398300219,-50.069970324322796
2,-60.24736933613822,-26.096654868918165,-62.7653891320357,-0.589224190085754,-63.69474531212128
3,-70.0319684359803,-29.89333917675353,-73.05425642051271,-0.6870701810841748,-74.23574669491576
4,-77.53418732826749,-31.22346412559395,-81.23956839637898,-0.7620923700070467,-82.76260521257157
5,-37.51574890366226,-30.58106701701942,-57.44133529766126,-0.7091030621552054,-41.034844047231786
6,-55.98961692257254,-37.499193594123625,-66.46830141013956,-0.9150355243396788,-58.24890468428105
7,-20.754594370572526,-36.923226706047195,-48.70263500588412,-0.8873224048682776,-22.12495136274846
8,-39.2956107068574,-43.4587565806501,-68.06744730409744,-1.0820451811763654,-41.20321567103308
9,-4.839510048314505,-41.1965251540575,-53.63244362249408,-1.0189814052557784,-36.77876047789948
10,-26.72057956207991,-51.87391150790958,-64.34398440480037,-1.2307887554600678,-57.28586614420638
11,-42.1511104065289,-54.94841496266571,-80.39446210631617,-1.3850940639045577,-70.64281937045041
12,-54.46015846521556,-57.98391168735734,-83.33347135677214,-1.5081845444914241,-81.85931124758537
13,-66.6361215048294,-60.97842006040259,-89.3089168532034,-1.6299441748875623,-92.76387813417857
14,-26.51173658140214,-57.88921376032266,-75.14680764372149,-1.5254677404864534,-87.07310992912922
15,4.520415970669365,-56.53067810253417,-64.82015403722632,-1.488721124987511,-87.07310992912922
16,-17.943152635616716,-67.46185813420168,-75.22485855976092,-1.9259683262542115,-104.61953578275566
17,18.17103899613584,-63.018547663210164,-62.00319452087038,-1.7646027668616797,-97.51793481291747
18,44.95129534053491,-64.72915042674916,-47.871974612482916,-1.7985955783339342,-66.29112805139086
19,20.570511502499443,-69.10407640801743,-59.09331509777386,-2.0672984903310936,-86.05786970171673
20,2.647937478220321,-71.76813523128432,-67.5370511084301,-2.2465242305738857,-101.14839520317267
21,-11.691878482978083,-80.89298290669501,-74.19906702983512,-2.3899223901858697,-112.44085880920595
22,-18.17350507734618,-78.96253483591575,-77.13017726852486,-2.454738656129551,-116.87582071126744
23,-30.73274286181003,-82.58489910107879,-82.83863520401202,-2.58033103397419,-126.05067842420175
24,-42.97652084202667,-87.30250498130074,-88.10815281710589,-2.7027688137763564,-133.1802281423317
25,-44.89852393063136,-88.12675577581848,-89.79445484493397,-2.7219888446624028,-139.11112793864217
26,-51.499358004404996,-90.49480477838766,-92.81192213716072,-2.7879971854001395,-143.55789652586932
27,-52.626654632162115,-89.9830000880832,-94.02021532892026,-2.7992701516777108,-147.86288802306484
28,-55.90326594419712,-91.83435320546425,-95.7261998757136,-2.8320362647980613,-151.5455726797549
29,-64.41645181163027,-94.72333625177048,-98.9819896512013,-2.9171681234723925,-154.05393959781486
30,-18.766628585265792,-89.18645986861475,-82.52106636970596,-2.7546382945250123,-144.92610986591737
31,-28.295290402973052,-91.7742360874436,-93.29474596068533,-2.843192722629965,-156.32229834353276
32,-35.431611428221025,-93.15213743105069,-90.35656357917016,-2.9145559328824437,-158.44362389287815
33,-43.6957643210563,-93.24114417879423,-93.80844151365469,-2.9971974618107957,-162.62658571411475
34,-52.27022465798302,-95.83258571910042,-97.26894729591177,-3.071301493272601,-165.65867113843072
35,-9.91501792556113,-91.52785967983121,-81.71281904921341,-2.924677801863763,-156.4217526880366
36,-24.419331067311077,-92.7321795989976,-88.97939480943906,-3.0582685192309382,-170.31885632831816
37,-32.27225400482339,-95.55020345638478,-92.04113460632648,-3.136797748606061,-172.83609194778268
38,12.173138653082262,-90.33732008726942,-75.69603478032575,-2.957460767880898,-163.09292014009824
39,-9.464152678059587,-96.1004369749525,-85.23729924669021,-3.1633103677560612,-177.10062239996753
40,-12.92443263903636,-96.9655069651967,-87.025544902676,-3.197913167365829,-180.90953641392875
41,27.780068003403194,-92.81772612253525,-71.94931826478415,-3.058328592868711,-171.2578152016455
42,5.248380617121864,-98.15092994953196,-81.89062159837029,-3.272999861968314,-185.67794813240573
43,2.4197607147519093,-98.81803375847267,-83.54892472814076,-3.3012860609920134,-189.70475566953579
44,41.44031937049253,-94.95074304527093,-68.83901456310527,-3.1707601314554834,-179.5224398358502
45,25.631019933447476,-98.58176810107402,-76.55992549873912,-3.3160011336876076,-194.1927532722631
46,24.246332163031994,-98.38211525146986,-76.12198529543376,-3.319752493434166,-188.29096061372016
47,21.36035997963834,-100.64192737827302,-83.86294139772907,-3.348612215268102,-191.26003027896064
48,14.03171888573753,-99.59213159376735,-78.69570702457224,-3.4126094197775063,-183.34502313137813
49,10.464681517651192,-102.48660895920233,-80.57049112429502,-3.448279793458369,-187.5901529875887
50,9.905514521246124,-104.45238014838364,-81.1953020124149,-3.4538714634224195,-190.22068432349786
51,0.8677345339357814,-105.59756649792766,-84.47290666746377,-3.5442492632955225,-192.03421009544886
52,-4.68526284462175,-103.94118435925817,-85.17180620391572,-3.588801240655454,-184.53102111013408
53,-13.760905924786407,-108.989798680087,-88.5606601082115,-3.6795576714571006,-186.67391705884347
54,-22.66480510926818,-111.9861164465648,-91.69249859005785,-3.7685966633019183,-187.6571495809581
55,-21.175328244524025,-113.01135907826165,-91.23862020897965,-3.845005989851171,-187.87995810862446
56,-28.35871514607547,-113.42529775011951,-93.5193891873938,-3.7961570419730437,-187.1977981760064
57,-35.706546239539946,-114.3746343390076,-96.12776961494775,-3.869635352907688,-187.8936084320428
58,-41.97312468814959,-115.87595082359394,-98.3996526976552,-3.9323011373937846,-188.34776828297578
59,-44.93794331554873,-117.18032439714624,-102.74966653837402,-3.9619493236677754,-185.46475279929342
60,0.06928669562556067,-111.14926708464091,-78.72786284131396,-3.7952040828656393,-171.93566225929052
61,-14.182972504131921,-115.43554309182726,-85.56727079785747,-3.923013970610393,-184.46759159903664
62,25.70371225159236,-110.6259358640657,-70.54246935268878,-3.792458534688076,-174.09215243947298
63,52.68540974954145,-108.87922661129933,-61.646488052236414,-3.747276558701513,-174.09215243947298
64,35.04597632710932,-112.86726984795173,-70.1894413615847,-3.906798288167609,-190.07100545069844
65,72.91374534077488,-108.08196991118352,-56.03436154728948,-3.7383011199013163,-180.34951121895887
66,46.085549504885165,-114.4062418203084,-67.63921105285101,-3.9921952530489153,-196.6318699393744
67,33.83537220000926,-115.8207087155988,-79.08707030852959,-4.114697026097674,-200.1156302221125
68,33.787424431948935,-117.35365218359604,-79.2570105960437,-4.115176503778277,-200.3465667693535
69,72.45411221969667,-112.00915038631234,-57.71336834270271,-3.969806866786144,-187.43830880736436
70,20.514599242615574,-121.55506559598854,-101.07740473898535,-4.473422286868988,-226.89527339815828
71,26.395701670445362,-120.58012733852401,-96.22148871173381,-4.414611262590691,-222.55195057119585
72,27.64390248396009,-120.26807713514532,-88.38998377095736,-4.402129254455544,-221.40694745050578
73,68.11786353014884,-121.13631484060333,-66.83443543887525,-4.362077493987843,-173.02157955039053
74,50.423145121212116,-127.32256911357499,-74.33004480195893,-4.611665553451495,-182.70066611815287
75,44.379838232761614,-130.09400151748775,-77.26913606806248,-4.672098622336001,-188.63843762296912
76,80.72190986742396,-125.41309694633163,-63.39884160698346,-4.546601396343149,-178.10081412581968
77,102.75781222422704,-124.39743945943422,-56.05354082138243,-4.530594686378889,-178.10081412581968
78,76.04506508537719,-131.76242286747606,-75.25216504720069,-4.776003393221256,-193.73761994835778
79,74.56801326261802,-134.66984726409657,-70.10005384341935,-4.777358085002961,-196.91716932976638
80,111.44547804698304,-132.20714942725894,-50.44905753119197,-4.732834238141702,-152.7661210251322
81,87.94125481312398,-137.06245126169645,-60.78578526107957,-5.025337560778991,-167.77804093673973
82,117.63689202341672,-135.05612392009633,-49.43961227757798,-4.944298059771474,-159.77050152732613
83,86.18836324368874,-139.8875598380279,-63.16650269621813,-5.237509433223264,-179.66502189988748
84,68.0460953803607,-147.242429403291,-70.423567385387,-5.418932111856543,-187.81984827666037
85,61.59686043763328,-147.98783549591798,-73.61606613150161,-5.483424461283818,-194.0763708678932
86,47.7029228743024,-152.10231375594526,-79.13764858822587,-5.622363836917126,-199.5586669373332
87,35.563765492368105,-157.02199516560793,-83.68746501532418,-5.74375541073647,-202.57925073605438
88,24.741491931145713,-158.7909934430459,-87.62329092871862,-5.851978146348694,-204.76299192083587
89,25.239562321391546,-156.93498964861553,-86.28880220887575,-5.846997442446236,-197.7871444098466
90,63.15934014374366,-153.65662133514422,-71.94577414680765,-5.716529267819581,-187.56853168214215
91,38.24636425092308,-160.0145196778606,-82.60511285749912,-5.94288806169447,-202.03347690405366
92,26.911864735389013,-162.7909019530671,-86.82812521433387,-6.056233056849811,-204.8527124150554
93,19.826366167424972,-163.28681244411715,-89.78802210773381,-6.109477082712948,-207.19926931117573
94,10.257556051805997,-167.95320684739406,-93.03573692330649,-6.205165183869137,-207.54793797337385
95,9.738670863343652,-168.13244862044348,-93.14578653935988,-6.2103540357537605,-207.17046529276953
96,3.583298362300644,-168.0670557857772,-95.41814494758593,-6.249778365283907,-207.15743992480972
97,-4.606530925843856,-171.74840791783382,-98.000766099624,-6.331676658165351,-206.27350826074922
98,41.45152914305562,-169.43418276445573,-74.61696749086963,-6.224104450284469,-157.13107198272988
99,25.66252513873375,-174.91571484780368,-81.38428092534716,-6.445859792579959,-166.33967300147893
100,15.320801070635962,-176.19176923337153,-85.9840424225782,-6.529660915132375,-172.2739879422416
101,10.554408456119347,-177.20389874969413,-94.09118132004878,-6.52877585603406,-175.08762282659012
102,14.810395540508837,-176.0824849780995,-92.0605557294687,-6.486215985190165,-174.16967798291475
103,8.235031206472193,-178.30371933245718,-88.1008917708856,-6.551969628530531,-174.7986854444947
104,-0.07140882125920811,-179.3947814384652,-91.31341642622873,-6.635034028807846,-177.56426966010883
105,40.87967209998169,-179.1143387996629,-70.071307497932,-6.5833653376696875,-132.01377793281023
106,30.2808411246092,-181.54346403259981,-75.86492636699319,-6.66228479407306,-144.44131263073933
107,24.581697701131922,-184.09625358247993,-85.47090820459465,-6.719276228307834,-150.07078382500464
108,63.45869206328335,-178.64093710896236,-65.23215242124068,-6.577892651080094,-139.1511473310494
109,87.74294760937518,-176.74332363420223,-57.11638891567215,-6.5424354598654215,-139.1511473310494
110,60.69901296591736,-184.91956567374945,-69.04892423285557,-6.788526533866375,-156.65848994723433
111,46.14205974759673,-189.7515095005234,-75.09951577544707,-6.934096066049582,-163.84813276614213
112,34.1564444347342,-193.71742884227282,-79.95739173893355,-7.053952219178207,-169.31657617217365
113,76.19057832425675,-186.0640480615696,-64.48194768148493,-6.825206981555118,-159.32230023117603
114,49.66890594379913,-192.6567824979671,-75.98165125057899,-7.065725956733162,-175.64992885812651
115,37.98923693537913,-195.44616091861982,-80.85816215673104,-7.182522646817362,-181.42805148222897
116,75.31306395939279,-191.086010299311,-66.76110234234608,-7.050664713717961,-171.4933466439465
117,50.73653394508488,-197.043825597746,-77.62183260392317,-7.268748141552225,-187.1241260524423
118,40.430256913850315,-199.02898018396266,-82.03050839563998,-7.348154325000891,-191.7807973970902
119,30.378258812479842,-203.2537943206535,-85.81323412099887,-7.448674306014597,-194.4956393666433
120,21.324843340246257,-202.17713345566983,-89.19425562712887,-7.539208460736934,-196.90363117242723
121,62.01220333652144,-197.8755095174409,-74.01741477921607,-7.382037355733532,-186.81243761972513
122,86.36839860124294,-196.0315146683676,-65.82298051941234,-7.351176164518981,-186.81243761972513
123,71.32316221683857,-199.94790107682965,-79.74644013969007,-7.4768205324153545,-200.17500885793953
124,68.67340134467784,-198.32027039106677,-72.6377745660922,-7.4827851634127525,-192.54008898296172
125,55.90607556862609,-201.8962738685812,-77.74067674773767,-7.61045842117327,-197.6816195013924
126,43.90292386799439,-206.74532717119968,-82.216232025626,-7.730489938179588,-200.52864776745892
127,44.0506213015834,-206.69070378643795,-87.67059297830177,-7.729012963843698,-200.31625945108522
128,35.96942169694486,-209.3660295487588,-83.31135589256289,-7.809824959890084,-199.3504128767098
129,74.98976314462446,-203.57194575098973,-68.41203481351745,-7.661464382833225,-187.9951692977963
130,97.95695817918849,-201.73009098137993,-60.75630313532945,-7.631079547117593,-187.9951692977963
131,70.02848059202296,-207.9054115843921,-72.62460113769019,-7.8802501050391776,-203.76332620181898
132,60.344532900288996,-209.9531912614235,-76.54765410021871,-7.977089581956517,-207.93374859352215
133,98.77462836107435,-210.06470610597697,-56.28504545999955,-7.931710420048778,-163.21828767377795
134,74.50672946048738,-215.20317544991198,-73.78850310324002,-8.229520353885672,-174.45863295777073
135,71.10414077039782,-217.8386120525219,-76.9189847836715,-8.263546240786567,-177.45306113337318
136,58.61702002577542,-219.96541980982957,-75.70228480906168,-8.388417448232794,-181.62998640413718
137,45.91562746615939,-224.98286486416393,-80.63734528203454,-8.515431373828955,-185.83756412274235
138,45.150289547971894,-220.86178577812188,-80.0566565052094,-8.523084753010826,-180.7910948634119
139,81.97300652188036,-217.0646599299448,-66.25729776278571,-8.39262316177712,-171.77047905721093
140,104.9266644998126,-215.02121006251548,-58.615256009548204,-8.359399725246714,-171.77047905721093
141,82.01351452719453,-217.66608956032366,-67.42160605577996,-8.560534309250599,-181.30526856560866
142,66.51687242581359,-219.80723981687004,-73.91869755212474,-8.71550073026441,-189.29453334091536
143,52.791230499154494,-225.86609220098055,-79.29243799774386,-8.852757149531,-194.08569216131193
144,90.63669479367435,-220.10049806508113,-64.8344270985439,-8.707230331771246,-183.02855535515187
145,63.1517619385324,-226.83710333530175,-76.45795607442375,-8.950327910799144,-198.33809276716397
146,99.6593438625546,-222.12669094335726,-62.49041778012921,-8.812989571475237,-187.83837348218952
147,121.1760362671603,-220.24134481862114,-55.31818697859397,-8.78343287804611,-187.83837348218952
148,94.11896740786236,-226.44834023619677,-65.3642585301646,-8.99802093094322,-192.99734656660422
149,127.30191226745815,-222.22804586277493,-52.49068778050642,-8.87753000310811,-182.6809211636699
150,98.73374765103884,-229.33021808459657,-72.67830125473066,-9.132180794410695,-198.6782590667966
151,85.72035733297362,-234.6100123388329,-71.65752795474053,-9.262314697591348,-202.14015105266242
152,72.35882461039898,-238.8845770741513,-76.51875433548975,-9.395930024817096,-205.06492089966503
153,68.24098117602547,-238.92644898377753,-78.27572262793332,-9.437108459160829,-208.04006170685705
154,61.42198206264696,-239.32671266815206,-81.49643432309892,-9.45311900653581,-211.1173614631534
155,98.94991357601381,-234.39148800605665,-67.1515648931665,-9.30677530743128,-200.10400791029247
156,122.00802486299486,-237.13007935553824,-54.00686632010746,-9.369974657385246,-167.3520390459004
157,99.53424501451167,-244.6494337190402,-63.57809525772582,-9.64746946196843,-180.55991698766672
158,85.0944422822919,-246.36261639202112,-77.52662227513763,-9.791867489290627,-187.2710063407921
159,82.12499215994752,-248.80074645467724,-80.14226328379414,-9.82156199051407,-189.70974279260466
160,119.92149764858388,-242.41530949963698,-59.02475933303159,-9.65999580616664,-176.931739610779
161,140.992618021062,-239.64713721978958,-50.56128873655616,-9.591144129842949,-167.1586773179556
162,162.3749506888881,-236.96208482452656,-42.15097076175823,-9.513739736743535,-158.24561249322164
163,126.93270403364617,-245.52069735910928,-57.08953767334435,-9.833044925569299,-178.56217969436892
164,107.97819262981463,-247.58667546541602,-65.1342009914595,-10.022590039607614,-188.92113679539668
165,141.61141162941453,-248.4114657131276,-47.39706002092589,-9.990963115725668,-149.76472897139487
166,117.52755853851099,-257.6030814944884,-57.798089240716095,-10.272851897314272,-164.86687395071792
167,101.18512922063933,-262.9895409173458,-64.58729516065779,-10.43627619049299,-172.91725083462478
168,96.0123830669844,-266.71126068110124,-67.08096335554552,-10.48800365202954,-177.53376769664138
169,89.42432946628631,-267.0949424781119,-76.87483284377142,-10.553884188036522,-179.64161487543092
170,126.56034440568158,-260.71835016441423,-56.280914389347686,-10.394924017672976,-167.31874466349296
171,87.94883268059289,-266.0624872569829,-71.05779855697688,-10.742771541391823,-185.56721078778267
172,73.66644673288599,-270.36750444591473,-76.75108294719023,-10.88559540086889,-191.4143039938361
173,61.01591483449286,-273.4379488171406,-81.6734052379395,-11.012100719852821,-195.82925903573675
174,56.0875904957209,-276.3121465763567,-88.68598521590431,-11.06138396324054,-196.04986773000957
175,48.137013455386565,-277.15201510479596,-84.40509038177139,-11.140889733643885,-195.93594958999677
176,37.91204647713699,-279.70825684935835,-88.19033189335646,-11.243139403426383,-198.24627423865533
177,39.86551357071311,-279.88995895349905,-92.01175939877005,-11.223604732490621,-196.9273793035415
178,37.64819834954347,-279.1793878616059,-85.45819878300101,-11.245777884702317,-195.76107655373707
179,78.37768437767221,-273.4603581332063,-70.09557107697876,-11.078829351117024,-184.90714520624667
180,53.26893033906538,-276.3740589343841,-80.98174723833863,-11.296852121780095,-200.00669409719214
181,53.9064596151386,-276.45198210051905,-86.91469311758907,-11.290476829019362,-202.03366653190804
182,45.70362268072797,-278.400959677181,-83.15080144021745,-11.372505198363468,-202.19877395213032
183,86.29390534485043,-277.62383426698125,-62.07639908403672,-11.310645875576022,-156.9329251432909
184,116.49333130831567,-275.158639851153,-51.250326630359446,-11.271069267311303,-152.3753423481578
185,135.63608773765276,-273.0188162993123,-44.7839807961652,-11.245731444870982,-152.3753423481578
186,152.98734914681143,-271.1806643873506,-38.8858773765265,-11.230257702847762,-152.3753423481578
187,121.38196144742092,-278.6788129755645,-61.90117097973999,-11.508251949437362,-171.23652971957938
188,112.54962593851256,-279.48332120932173,-61.22540701168819,-11.596575304526446,-180.47841966900086
189,96.31067564820918,-285.90447124526634,-67.89358157478608,-11.758964807429482,-187.83414639371145
190,130.71206035061056,-280.0658601435138,-54.43224401652673,-11.62482673622277,-176.8458194690335
191,101.94429427895662,-288.3994617885984,-66.67287083238232,-11.876816277002264,-192.75404822085906
192,87.93202122649353,-292.8479406258403,-71.87943096205325,-12.016939007526897,-196.46811231229947
193,75.74693389303374,-294.92842909716836,-76.44271487880424,-12.138789880861497,-199.85101251863762
194,115.69309720642413,-287.85300657309114,-61.675089662552224,-11.922097693231716,-189.35350193751736
195,87.20346588965016,-293.9444532502204,-73.69520279845882,-12.169300157021084,-204.78606913460087
196,74.63730281689405,-298.9361678083705,-78.21008948864002,-12.294961787748646,-207.0982799571617
197,65.78340198463707,-300.70372951591736,-81.48985518872249,-12.383500796071216,-208.55693247120496
198,56.84152115876177,-302.8308564693518,-84.74013085448698,-12.47291960432997,-210.37840898070542
199,96.10711590152624,-297.13416623822235,-69.74971987883994,-12.311162781403667,-198.96713261235217
200,118.12153781806038,-294.368899438266,-62.38052645907697,-12.268336692488168,-198.96713261235217
1,25.676958178397058,0.03950157882540833,25.514845193827732,0.002431694768539904,25.43378870154307
2,-3.493592856732711,-9.004416601942879,-4.999310715712106,-0.263847332375471,-5.752169645201803
3,22.79906933865521,-8.794059716035536,3.8250765225665466,-0.25764618962067437,-5.6733302079809835
4,-3.706788104662369,-17.5486558149814,-9.336903773361618,-0.5209758496164816,-31.484914371083335
5,-24.65376651072448,-24.56857700772005,-19.876966074461563,-0.7304456336771027,-52.883033465760796
6,-43.7214819147306,-28.978650901245963,-29.23480886252313,-0.9163462776881164,-70.65583388466557
7,-58.8918329113197,-30.870175010804488,-36.91003175438169,-1.0680497876540074,-85.70422418693471
8,-23.034619221878124,-29.06580120722694,-24.185125524934318,-0.9899354790206524,-80.79543810344636
9,-43.92243564635378,-34.02385594409977,-34.39508014427764,-1.1891125007849714,-99.55496222488799
10,-57.605159753900196,-37.786721656427616,-41.02529117738412,-1.3259397418604357,-111.11285595430031
11,-66.51383107109832,-38.34441600944273,-45.907564514530414,-1.415026455032417,-120.94698918464455
12,-72.32243445390155,-41.53718926209898,-55.787722288584796,-1.473112488860449,-127.48000380605333
13,-80.78573010307322,-42.9023411294851,-55.35990327294738,-1.5577454453521655,-133.0784430838415
14,-40.07930813949196,-43.092556016140776,-34.39676133222611,-1.519689746376793,-88.71243536667644
15,-54.736012262850046,-49.87277398252139,-49.60228902845277,-1.707701895678235,-101.08399174424783
16,-62.33332365255791,-51.19008605144648,-50.282063820528634,-1.783675009575314,-110.50714016842038
17,-68.8304887915527,-52.61397239473308,-60.91855913141468,-1.8406812508750932,-118.49829214697203
18,-78.09016187135978,-55.90187685887243,-61.01691307483647,-1.9250972740945556,-124.51126263034365
19,-83.68263311012447,-57.06554012600669,-70.08015348558251,-1.9810219864822027,-129.35281080857175
20,-84.52971190669857,-56.22981118690548,-72.19781476344093,-1.9894927744479434,-131.80584379123889
21,-88.10038339097655,-57.25405298142461,-69.32285894010465,-2.0160462254132363,-135.02634872666005
22,-85.54891487660127,-56.908117046353254,-69.24554063995775,-1.9905315402694832,-139.66537595452922
23,-86.33277585509073,-56.08002876735756,-70.17858675157923,-1.9983701500543782,-143.69593066727904
24,-84.00915773847507,-52.99802217085235,-69.0998778958479,-1.9751339688882215,-140.42428687157405
25,-43.132907655228806,-50.55341561570459,-54.13649785088865,-1.8682306246704483,-132.39650676831104
26,-61.48623238994049,-54.944927699334535,-62.654228697444395,-2.04562712606993,-146.41843910223292
27,-19.609687370653567,-51.185017473183564,-47.400059579850875,-1.9150785797050278,-138.24476025721665
28,-33.27949173007518,-54.34537121132479,-61.46493921055903,-2.040917485431987,-152.42764388720002
29,-42.5875398576607,-56.575536219019455,-60.5559738409537,-2.133997966707842,-157.2829398266129
30,-45.28933296763993,-58.31632574682745,-62.38959850104937,-2.161015897807634,-162.43444094562705
31,-54.428286807276955,-60.41165076640129,-66.13298949564214,-2.252405436204004,-166.45861310707915
32,-62.08846905399398,-66.67280564679582,-69.08943898370018,-2.329007258671174,-168.87694554199334
33,-70.07767269971362,-67.7224592945755,-71.99260093232745,-2.40889929512837,-170.31750994231768
34,-76.06833414884697,-68.36804670470472,-74.43008542717644,-2.4688059096197037,-171.9930881216871
35,-33.84967874069757,-64.74665520543402,-58.747220219497194,-2.344377518439667,-162.3332076919104
36,-52.256499894971356,-69.03325155056947,-66.98840763206628,-2.520322785846987,-174.94237603430068
37,0.6734589918061573,-65.16645348893567,-22.16400020444471,-2.377616649361908,-126.71832783794312
38,-14.742491159973564,-71.90212237670131,-34.248036669809835,-2.6470434048725338,-137.13164916529095
39,21.4240850082816,-68.97573035074554,-16.646520478625533,-2.546443690034767,-128.81266296264207
40,47.15602164224305,-71.25840517026133,-2.8064538827559193,-2.5928245958645997,-97.2361366553473
41,29.12533949323133,-78.44182257160455,-11.830155549359013,-2.808144091696218,-115.42619472931092
42,59.522463591543044,-75.91531874682794,-0.6753236082116167,-2.742250721213145,-109.60717652201717
43,36.7845792784036,-81.29934779327854,-11.839060831334265,-2.9576118830711686,-131.11383123447416
44,18.162509026049737,-86.43023549234312,-29.762946389424002,-3.143832585594707,-144.08217594119625
45,2.6834624395636126,-92.25729748776402,-32.54554825379409,-3.2986230514595687,-153.40927703910688
46,-4.8618643167890045,-93.42058850161564,-36.460986818348374,-3.3740763190230947,-161.87235601412925
47,-17.256305477372802,-96.44127717054629,-41.784471506018065,-3.498020730628933,-168.73627584310677
48,-21.46944377447473,-97.49456174482177,-44.229272179083,-3.540152113599952,-174.44313670741283
49,17.607017287537822,-93.78801921405409,-29.6804766246063,-3.4147744602907664,-165.0992947215923
50,0.6958935999969054,-99.04196837767788,-37.86252964753444,-3.5719335022655567,-180.36936548407922
51,-1.3640114874974696,-101.67631362037423,-39.2893129778363,-3.5925325531405,-184.8001522418249
52,-11.586507518415798,-102.11819814776344,-43.261920302656286,-3.6947575134496833,-188.17502626264394
53,-12.935966654506975,-100.98895382155374,-44.62025672984664,-3.6958960233899423,-192.8453748163676
54,26.095853253430775,-97.94352990527167,-29.997033773197977,-3.566526555018724,-183.03658999548992
55,11.520158927440267,-102.4338913803418,-37.31657430585915,-3.699943959695003,-197.87895199274527
56,8.78412887086366,-103.21008374275287,-45.51847934190624,-3.7273042602607687,-200.96538367585248
57,5.980839318878736,-104.15744910274306,-40.929906155921685,-3.755337155780618,-203.24757436164913
58,4.049057588453193,-104.81592387680408,-48.331141897306296,-3.774654973084874,-205.3539264591046
59,-4.996124402136314,-107.85809139734127,-45.528227431827496,-3.86510679299077,-206.38531941309893
60,-14.773227374728735,-111.13589519184539,-48.96716979577438,-3.962877822716694,-207.4647676515954
61,-23.19377250471837,-114.03050753944434,-51.88785078944137,-4.0470832740165905,-207.99426141296956
62,19.55626721011277,-107.91893056323325,-35.734849481132954,-3.867309958345595,-196.4918333685674
63,-2.415159903136729,-114.84133817821956,-45.2175166004276,-4.0729837143590935,-209.4306071252301
64,-10.787681906935564,-113.20646808768166,-48.45848339314111,-4.143356826534276,-211.46375848077318
65,-19.811329989213586,-118.25956535113208,-51.66098277929711,-4.233593307357056,-212.4980805803142
66,-26.538820669839875,-118.51468153678641,-54.02413954396743,-4.283069137556802,-212.3320859767577
67,-32.57693762197731,-121.25260172643652,-56.21775424822108,-4.326634189236256,-211.89988081734785
68,10.870051371147461,-120.55929518207593,-33.40951473534001,-4.273448314923506,-161.9444217263109
69,3.159639661181524,-124.10709958899632,-45.00589969018941,-4.4172399405658975,-170.48451506363185
70,-8.154639833750203,-126.88576007861032,-44.60169225467967,-4.530382735515215,-175.38696350331733
71,-12.653978864748787,-128.0702591044472,-53.364617961347605,-4.575376125825201,-179.3704535357326
72,-21.77646792220969,-130.29208042855655,-51.56163069215451,-4.66660101639981,-182.20162204630103
73,-28.251005233458734,-134.08426639697072,-59.411334220580045,-4.731346389512301,-183.4656500487392
74,-27.113112854115275,-132.73694632301215,-53.40379611664348,-4.719967465718866,-184.65891708954135
75,-27.062915559445223,-133.33389861044253,-59.02636009223076,-4.719465492772165,-185.67883177936397
76,-27.81166170026455,-133.6069321220256,-53.41031495014806,-4.726952954180358,-186.05798872745328
77,-29.78739450607575,-133.2425318686714,-54.44697957974339,-4.746710282238469,-188.32651089340288
78,12.748432580708627,-128.4885248582641,-38.8009428536705,-4.590920654625603,-178.49998808005498
79,-9.250614964247067,-133.60990653523564,-48.42485785687222,-4.7979447726375195,-192.1769314721655
80,30.38605850014452,-129.42203695912582,-33.5475045699369,-4.660882037241164,-182.02033096475958
81,55.44914719229003,-128.15282871376485,-25.193141672555065,-4.638271025243036,-182.02033096475958
82,29.667657570680174,-134.04332537308818,-36.39019247062858,-4.87579528434415,-197.907647609905
83,26.62654846314367,-135.84567983533975,-36.59566824297231,-4.906206375419514,-193.07361887893524
84,22.521647448826073,-135.88320386933063,-38.760339410044224,-4.9472553855626895,-197.65554396584125
85,19.197552411065036,-134.83226755630207,-39.08866233295401,-4.9804963359403,-193.7075120368751
86,7.337339543838944,-140.5024323422874,-43.61864659148302,-5.099098464612561,-197.16699185359695
87,6.0217528969277225,-141.01425294895844,-44.543707788450405,-5.112254331081673,-200.02221637385455
88,-4.048718557391949,-142.56910480024433,-48.300131864460006,-5.212959045624871,-202.41080170075668
89,-6.276409907318921,-143.12602763772608,-49.43720359087518,-5.2352359591241395,-204.7778493593938
90,-13.957743426051254,-143.91054506042832,-52.51190154866076,-5.29451760148198,-206.98678542716843
91,-15.502019465465626,-145.84322968559565,-53.18569784773763,-5.309960361876123,-207.94101114280087
92,-15.513366097653236,-144.96129891456636,-58.50562024129826,-5.310073828197998,-207.36772094822814
93,-11.814392831314496,-146.60990135428648,-50.938763277989395,-5.273084095534611,-205.647576952079
94,29.6137961975648,-138.80419579493787,-35.04320222796853,-5.118778995887338,-193.13058870971236
95,54.582716737275916,-137.43227109000946,-26.720228714731483,-5.094343837842444,-193.13058870971236
96,30.348870634867936,-142.56478735934996,-37.4606552995504,-5.299644488616062,-208.3169581881126
97,25.984348170297636,-143.60930565461769,-39.58195365320641,-5.343289713261765,-212.47930475785134
98,15.573665984218547,-147.96293218557005,-43.420935823363145,-5.4473965351225555,-214.64678383662002
99,16.988864331922798,-149.53050382492685,-43.01829266424181,-5.4332445516455135,-214.6836600130216
100,56.696789413807444,-141.73231127931788,-27.651361354371225,-5.280499593728952,-201.8979223175674
101,42.51467609296746,-145.17289842550343,-41.748593151271976,-5.400478096222138,-215.95271335249856
102,40.77882725925023,-145.67546476581617,-43.15066034000587,-5.417836584559311,-217.25196039109278
103,29.844343344340302,-147.33339213444904,-40.54642189382535,-5.527181423708409,-218.75649682998878
104,27.581121071913834,-147.86150190496937,-41.71572882762488,-5.548305814529222,-221.1705022927604
105,65.4899014713337,-143.59601592690947,-27.15065517944716,-5.408808766552456,-209.59762120253376
106,87.684688567129,-142.3464104743501,-19.760098365080793,-5.390896378714724,-209.59762120253376
107,108.61386279627308,-141.27635841907968,-12.783706955366107,-5.3752365865026475,-209.59762120253376
108,128.96813571386465,-139.8797707323178,-6.193253504181416,-5.349344714087885,-209.59762120253376
109,92.97518654883072,-145.76196271544683,-21.216341928664548,-5.684668473585669,-228.26104424278674
110,78.87125614903051,-150.3497090186775,-26.872910481768947,-5.825707777583671,-233.99259476181274
111,63.10884020758065,-155.1215609265844,-39.88887544646854,-5.983331936998169,-237.1840693000869
112,50.963070805591954,-158.1580032770816,-37.54345955306234,-6.104789631018056,-238.52108215113714
113,39.52908124105353,-162.91543790840967,-41.508006531746524,-6.21912952666344,-239.3427610307022
114,33.73415860489117,-163.0016060305487,-41.61303337251974,-6.259234984970194,-227.50298264352227
115,22.7678465503459,-168.16317032845382,-45.419576871427566,-6.368898105515646,-228.40961952787865
116,13.461802338496792,-169.40627484468894,-48.53418873098435,-6.461958547634137,-228.53314786521506
117,14.753689164871789,-169.9934316709683,-48.07619526002142,-6.4490396793703875,-228.34174338609705
118,8.921005107282488,-167.89024402252033,-50.136143597280764,-6.507366519946278,-228.66952810502283
119,50.321833837308205,-163.75584390427133,-34.44090567829265,-6.342265656910673,-216.81864979940832
120,26.95903293619405,-170.86158818103203,-44.326209349709856,-6.5560005166899,-229.26354936410215
121,17.78068718874708,-169.81947858849418,-47.49580704635504,-6.647783974164371,-229.92444404907928
122,18.540554522968712,-170.2150843157491,-47.4831230849846,-6.640185300822155,-231.23525846353724
123,11.557780133471523,-173.200877222558,-49.92328328953238,-6.688489698349018,-230.5728499422107
124,54.215459527940865,-172.1692497578574,-27.414017606509116,-6.6277293347752115,-180.83261463300977
125,46.512006087759275,-176.60771074438856,-31.612348967685648,-6.751850271199095,-190.1030584721194
126,35.653887684078825,-175.58796478425958,-34.72186688340004,-6.839295767413882,-186.42090894278957
127,20.678972171709347,-177.82621747300828,-40.68794168024104,-6.989044922537577,-193.30645627496133
128,57.95588964262741,-174.446226401514,-26.612219686439165,-6.8597600803151995,-183.40595925398623
129,31.498845053169156,-180.36444113873267,-37.91610700396608,-7.098720199331893,-198.6554179700475
130,19.766441754158507,-180.97109630533893,-42.565209821957694,-7.216044232321998,-203.23546899610344
131,10.88323790899885,-183.87278976283935,-51.8790793008004,-7.304876270773594,-204.20146932678654
132,2.63161568706648,-185.93569531832244,-48.75928467556659,-7.387392492992918,-205.02184471913904
133,-6.355274554776843,-188.18241787878327,-51.993367631039725,-7.47726139541135,-206.2829121512829
134,-12.674184747689464,-187.63469198011185,-54.504191799949055,-7.540450497340476,-207.94576301901276
135,-17.048036052610296,-192.39277809843767,-55.75366377193215,-7.584189010389684,-205.97705162711446
136,-20.2132364134358,-187.6761032005732,-56.744109226833274,-7.615841013997939,-204.6981705513202
137,-25.312611137916193,-193.7612598826858,-58.10506408090801,-7.823892588083719,-202.49767333770953
138,20.368768879382856,-189.3127679876002,-34.43558396065073,-7.601599638226295,-151.84355265076397
139,54.67665668990457,-190.84937987364628,-16.692932539468092,-7.636922089181602,-114.00341974471158
140,34.22197405342916,-197.07007552898688,-35.577529137726856,-7.8724011644529766,-129.8308861007052
141,69.6696527507072,-192.910527544756,-18.721262422236414,-7.753814784098452,-122.16850693164717
142,46.850431899175774,-197.98011305482692,-29.488348551812415,-7.9565982045012875,-141.50576928199396
143,38.635453096507064,-199.79572105118498,-41.673673070722906,-8.038747992527973,-144.5298139332132
144,34.55826746190354,-201.00287980683694,-47.89712292774709,-8.079519848874009,-151.84950732452103
145,71.55014397602945,-195.75184245180807,-28.80966215214924,-7.946276242007583,-141.7142544181872
146,44.597192230018976,-201.70600339897342,-40.716310685263714,-8.187150572785837,-159.5346259045218
147,35.01678640948654,-208.28778368051388,-44.84199063602558,-8.282954630991162,-165.1278939680281
148,34.08049021700618,-204.3149966284653,-54.127953054388534,-8.268178398742545,-170.00387318762495
149,21.98913410101899,-209.6312862214446,-54.02215288027461,-8.389091959902418,-174.49422759596956
150,17.142212732619292,-210.0187741057895,-56.421775730655526,-8.437561173586415,-179.19812196145563
151,14.899816885465256,-209.20750861653002,-58.288413283236295,-8.434494249252676,-184.6386114423682
152,4.987438067539399,-212.13956471898473,-62.340252518539145,-8.533618037431937,-188.730702177063
153,46.18778059582506,-211.5715158534849,-40.9842872910602,-8.474459659427088,-142.99559586876066
154,28.365304857972546,-219.02157640161107,-48.783593041808594,-8.698631323837324,-154.146478897546
155,23.19666802896068,-220.72763495785117,-58.23773435408335,-8.750317692127442,-159.11327108539186
156,65.88133500137778,-213.13138570211123,-37.21782448416633,-8.536316316050398,-148.48922463030118
157,40.27699590779499,-218.78336601151585,-48.562663086296666,-8.765170242995984,-165.27716444691754
158,30.259942535481855,-221.8700663735731,-53.082291269091996,-8.83957953253599,-171.07276458990677
159,20.340698694084423,-225.1081046726754,-57.03547480643649,-8.938771970949963,-175.04416942581807
160,21.9542192132551,-225.92701151506415,-61.66739967732657,-8.922636765758256,-175.04333531814325
161,18.051112298747405,-220.24745785994264,-56.76704098478591,-8.934969662306118,-177.32921836355362
162,6.534851642423805,-225.7579513926491,-61.2168129573029,-9.050132268869353,-180.9953288860084
163,-2.63543072802805,-228.80664079307215,-64.49168922413719,-9.14183509257387,-182.30402174611038
164,38.081199134199224,-222.88542692673013,-49.15062568185519,-8.99265238717735,-171.6909002168729
165,14.607654781636231,-228.59778725033897,-59.270542974181495,-9.197687870375965,-185.44562582805392
166,4.483830876154361,-232.7833463255296,-62.97265557835868,-9.298926109430782,-187.41065364215328
167,46.38759098022658,-230.98044665516213,-41.332863919494635,-9.231808657616332,-141.37942389711344
168,78.7985590691186,-232.03742772629548,-24.660807490618605,-9.259803000682133,-106.16902150164134
169,55.86761429966161,-238.24863653678483,-35.25809916641774,-9.511077232190416,-124.07211564987075
170,38.96419008885236,-242.39298947053305,-42.84064649953176,-9.680111474298508,-135.89918303135232
171,74.11996629458714,-238.0804867573321,-29.926632349429987,-9.564065488735103,-128.71716312282177
172,47.154761300865886,-244.0584301516673,-41.888449768809984,-9.80318322450851,-146.7710782701123
173,40.12225764766511,-245.55243497307865,-44.48420312022634,-9.873508261040518,-148.3434441324139
174,26.150620585175734,-249.04534423870098,-50.50497112335414,-10.013224631665409,-156.52533792433684
175,14.15479386756856,-251.94494213001875,-55.59704838109704,-10.133182898841481,-163.03258378457883
176,4.940361291825347,-251.89046347658825,-59.79912777642919,-10.225327224598912,-169.2186096460351
177,-3.161044942315817,-256.1263230580232,-63.174824165386475,-10.306341286940324,-172.2882367632837
178,-5.447506025842963,-255.81878570072516,-64.2978116530056,-10.329205897775594,-174.45323952194414
179,-12.825187703406293,-255.33763243969807,-67.40862075149448,-10.402982714551225,-178.36273075775074
180,-16.376893263051212,-255.53684075729655,-69.05522677280042,-10.438499770147676,-181.1389557662965
181,-20.988605270790323,-254.19897885309038,-71.25975451768676,-10.45156433650532,-183.2764175668859
182,-27.834493791331887,-256.5319468509762,-73.8608258421383,-10.520023221710735,-184.91317889741322
183,14.810368269588789,-251.1464893647698,-57.93843338733582,-10.36542883555657,-174.6685482904397
184,3.346176012025362,-255.01983923444436,-63.29511537082212,-10.448495255791883,-183.8802556762307
185,46.202217805241744,-245.96870532719518,-46.84855506113398,-10.273212820503026,-170.91297740453467
186,22.73826900376556,-248.5715542108077,-57.24449412914511,-10.475105298071544,-186.01114297348363
187,11.695322482723324,-253.74680848630675,-61.38204709583364,-10.585534763281967,-188.75056773153034
188,52.15064454791014,-247.5433571932324,-46.06896250724466,-10.430972783017777,-177.7827043303701
189,76.41285177878206,-245.1767258438366,-37.98156009695402,-10.390834781242972,-177.7827043303701
190,56.78557759323237,-249.22562546519225,-47.146231395274,-10.5527907660972,-193.51618374919062
191,96.72023429646003,-242.04075843204888,-32.196569397960886,-10.377391704919377,-183.7907804643747
192,72.02013548211004,-246.7489338425728,-43.395038053461015,-10.565718721340334,-200.1514804731051
193,106.09701347286794,-242.32870046962933,-30.208511599621758,-10.443582436347052,-190.1110922930865
194,85.71483345758514,-246.69648671334718,-39.81121831666249,-10.618293886095767,-206.96297256476527
195,71.7320865924685,-250.94612671700514,-52.463005906007474,-10.758121354746933,-211.3168393908222
196,70.20118204327481,-252.05957899110786,-47.362533501768915,-10.77343040023887,-213.5250177902625
197,67.6918550056924,-251.68382756801458,-48.63155256093488,-10.797949448999706,-216.0917669893439
198,55.70120056700476,-252.16086567535206,-53.26289443920436,-10.91785599338658,-219.89850938158546
199,44.118418707751,-257.71366923236906,-57.3715900254047,-11.033683811979117,-221.38511918027993
200,45.54471222640337,-257.2065042363501,-61.90086616747107,-11.019420876792593,-219.57801978400926
201,37.94367695013771,-255.48111669068052,-57.523915815198244,-11.09543122955525,-219.698628956603
202,28.586708442469885,-258.61444944442303,-60.9944158831467,-11.18900091463193,-221.26839006878734
203,20.612425875679342,-258.1915509112302,-63.827291764836716,-11.268743740299836,-222.31708022534636
204,20.496256661343264,-259.99894894452115,-63.81226589047,-11.269905432443196,-221.82897335198325
205,63.99913180162922,-258.05583721035043,-41.15998749953022,-11.194596069905153,-172.9210532869165
206,46.73334099398316,-261.20253101172887,-48.781717228676484,-11.422048889416464,-184.119850046502
207,33.81797823411644,-265.0473573850067,-54.02763276136887,-11.551202517015131,-189.79745195085212
208,33.843871823695025,-264.9388001874851,-60.8565192228934,-11.550943581119345,-192.50604801992824
209,33.860964593743056,-265.88867308000243,-60.60544880505009,-11.550772653418866,-192.1379887781873
210,36.086547266273115,-266.4908098525122,-53.276474373499404,-11.528516826693565,-190.26408705974353
211,37.25335838473402,-263.90279136582893,-58.684441152984355,-11.516848715508957,-189.0690214183357
212,79.18907418305714,-256.67982283533416,-36.35804954994271,-11.331454644643507,-176.56783240332078
213,101.79331394846992,-254.384382472328,-28.823302961471786,-11.29429776464892,-176.56783240332078
214,122.19050155379414,-252.18601609151887,-21.95809964135873,-11.262204001850511,-176.56783240332078
215,142.80237262533024,-254.25250116830068,-10.217483050374002,-11.314119701684874,-147.34787500048463
216,124.08831984650813,-259.4946536647567,-30.214531127145563,-11.536661476727016,-165.33132718218678
217,155.92899325534756,-258.9239913695252,-9.145065098087736,-11.492466096226035,-129.0816133239637
218,175.61487995984083,-257.7622079989364,-1.974996468680315,-11.497431961079354,-126.58379348571182
219,142.0563175274491,-265.66134750695863,-28.812888986301814,-11.795719771169384,-150.06135104594821
220,121.94223489994698,-271.2210900602982,-44.06216096008989,-11.996860597444405,-162.87821769287928
221,154.56904555905157,-270.4438172270934,-22.557472756705927,-11.947697507900202,-126.1517144388425
222,177.40901461101316,-268.4718762852831,-14.550408770380304,-11.92103816345101,-123.78926862481194
223,193.41088776745784,-269.46560420453443,-5.287366039325256,-11.954379857949432,-100.21475855137105
224,173.06058983057193,-279.269434352203,-15.79848302578192,-12.164979733627167,-122.58086459633915
225,151.9045182121441,-282.7395989201002,-37.3853559317165,-12.376540449811445,-137.69892208433856
226,137.42379610266028,-288.1106049925426,-40.703067833726195,-12.521347670906282,-151.32087432875784
227,122.08930264206997,-287.7256642070183,-46.5226504565863,-12.674692605512186,-156.82728896601208
228,111.08655572823002,-292.12969994899703,-52.03556009256803,-12.784720074650584,-167.89925295422267
229,144.36956587884208,-286.51917214734095,-39.33407439002128,-12.651870921983319,-158.25635904016622
230,119.75360205909622,-291.61433183544824,-50.78643099003157,-12.855677309507609,-177.73857100073627
231,101.83491809988715,-298.1299270364781,-57.89705614599351,-13.0348641490997,-185.4099956857371
232,87.13006857140124,-302.85067528681327,-63.35272770198331,-13.181912644384559,-189.66778968355538
233,75.31476445261247,-306.73134769720275,-67.74438537705991,-13.300065685572447,-192.38712749643747
234,73.6973571756007,-307.21234419616997,-74.46358960213855,-13.316239758342563,-193.30686365300855
235,113.33120484338274,-300.0332262247632,-52.373763906723795,-13.138615425672374,-179.98904894377745
236,83.87046059600382,-306.2513356127049,-64.71913861787979,-13.391116342249404,-195.81923919371525
237,71.30249076065675,-311.22883664010624,-69.33905803437942,-13.516796040602877,-198.69335107560045
238,109.69345020722398,-304.50960341097425,-54.492406574804804,-13.35390033836423,-186.88530669034398
239,81.95817870900208,-310.4485687439317,-66.24167149238134,-13.59535916467708,-202.14713768314328
240,118.54756588876023,-305.0508026925247,-52.28708856839127,-13.44540253833281,-191.59841449871917
241,89.0229922722232,-311.3585799358431,-64.60727574674169,-13.697713628065552,-207.0175909373833
242,76.45886213456858,-315.1700457811615,-69.34189796827354,-13.823354929442099,-210.50002995339793
243,65.51071779482625,-319.683540891928,-73.15369816086809,-13.932836372839523,-211.4745424294806
244,106.87060201237472,-311.9294204283463,-57.29685217748892,-13.742240774100573,-199.1645160937221
245,131.82225830756454,-307.1539344962988,-48.9855080237308,-13.618404937602158,-199.1645160937221
246,102.92367258062214,-313.1688744274817,-61.29461212131925,-13.866000006636881,-214.98699390333198
247,137.8427085861474,-307.9334329856193,-47.70821149464508,-13.721723779358603,-203.8971620568206
248,156.81703182184555,-305.4127143224476,-41.383437082745694,-13.683932055630413,-203.8971620568206
249,123.24496061156779,-313.4749239722398,-62.68694037760876,-13.974581132037953,-219.45975091433385
250,111.19658682090326,-317.10493637585984,-60.673906904293645,-14.095064869944599,-222.35199507836325
251,98.43538174421268,-322.2344483828219,-65.25339940313064,-14.222676920711503,-224.30653991800403
252,97.79986790633971,-322.3349356674949,-65.48454269377675,-14.229032059090231,-224.8305054094599
253,137.41769800366177,-320.2476936582446,-44.73446890375226,-14.155960946461896,-179.5657228639571
254,124.58222033077992,-324.5641898198167,-51.21058388903822,-14.332109579252073,-193.18944430201634
255,157.52263780982787,-319.49545629108025,-38.62126326350707,-14.195597172079363,-183.5343555069253
256,174.767876708077,-316.9775727193118,-32.87285029742401,-14.159152729349746,-183.5343555069253
257,188.30518828408947,-315.133347011594,-28.20691855459343,-14.151122705186479,-183.5343555069253
258,152.7887580265316,-323.58567682828095,-52.32081959411306,-14.461325682066118,-202.31592644037175
259,135.13207305784894,-328.6620451596899,-53.43543470954696,-14.637892531752945,-208.86970024142826
260,118.78658968205094,-332.65828022948705,-59.80568958118575,-14.801347365510924,-214.8018467009532
261,152.58448163254113,-327.3168128355333,-46.622170960463706,-14.6602864564877,-203.8410675008488
262,170.67296942520974,-324.6814999121878,-40.592675029574174,-14.621438001473825,-203.8410675008488
263,184.93897630822036,-322.658278623388,-35.6921370387839,-14.608688694388825,-203.8410675008488
264,202.11343964622603,-324.9921037088215,-25.315003662242056,-14.670565921532145,-175.92719391760912
265,170.2974750072817,-330.6954205336498,-38.78981815945974,-15.028987364050415,-194.58729705010708
266,149.72644836593636,-337.08638316864995,-47.30448388194689,-15.23469763046387,-205.30777304232956
267,183.25297235538088,-336.43876325727484,-29.657574241907696,-15.1850972795534,-166.4793631809834
268,155.46012402655288,-344.8094478023418,-51.38147704464963,-15.498650859434393,-182.75275197973906
269,187.406561340335,-339.51071428284797,-33.73901432824703,-15.355395779880203,-172.26227656202624
270,149.5764928317736,-344.5136562720325,-49.46997214537396,-15.68312439916644,-193.41390945602728
271,130.24983296781173,-350.7665006640355,-65.27095609065812,-15.876390997806059,-201.2949557429991
272,124.9297953918202,-350.57165602700366,-62.003236448995374,-15.929591373565975,-207.2312182747064
273,111.52074642281156,-353.37486880484096,-67.52693788418969,-16.02218083225787,-213.1295563150734
274,99.34497470354391,-358.298461181817,-71.87232074891197,-16.14393854945055,-214.85031006487182
275,89.1510323177754,-361.6227408601418,-75.2379838435525,-16.245877973308236,-214.656403861178
276,79.76970331132732,-364.68013347773484,-78.21353822995945,-16.339691263372718,-213.74707216672357
277,70.7422896296053,-365.88308621636145,-81.21544781231502,-16.42996540018994,-213.85748171093914
278,61.89175388063706,-365.4064905820263,-84.56064366751463,-16.518470757679623,-216.2275853442003
279,53.62345482600314,-365.6034239588854,-87.77040610694819,-16.60115374822597,-219.10332023550538
280,95.10623832957958,-359.77198151114897,-72.15468511955177,-16.41817931968388,-208.1540806989833
281,69.48862364778422,-364.9427585553472,-82.72412597556783,-16.63025450294374,-220.4388548129398
282,68.33609243955254,-365.23089135740514,-83.17833419102378,-16.641779815026055,-220.85904168921215
283,59.508709577498784,-369.07460385049376,-85.85228899095551,-16.730053643646592,-219.248004764695
284,102.88911532593643,-366.1705430653652,-63.48069544828126,-16.639703381882626,-171.77925500552476
285,90.49960495711498,-367.7338547454564,-67.99676629198204,-16.805922662092062,-176.06048724262033
286,78.26478836281665,-373.1395083858907,-72.88231111517709,-16.928270828035046,-181.0980130758239
287,67.87513125573324,-374.79822111484816,-76.8296605195641,-17.03216739910588,-184.10828384039746
288,57.25517722799142,-379.0969464706613,-80.66891662040287,-17.138366939383296,-185.9039123899464
289,48.92580639788947,-380.22346354391254,-83.67493708063301,-17.22166064768432,-187.19266840154893
290,90.19398482651843,-378.29088440111167,-62.647941817531134,-17.143456068897997,-143.56705368019556
291,120.47181407081726,-374.58690592063243,-52.08181712647641,-17.082963829643514,-140.82667850688657
292,97.12323998966625,-376.5497270743318,-61.52092609528057,-17.269076109783622,-152.61473802650715
293,82.60301243572917,-380.4985154281079,-68.04460057159582,-17.414278385322994,-162.21455188567077
294,84.55896969699671,-379.0272579665774,-74.4960046172861,-17.39471881271032,-166.23624685256686
295,83.43440729046553,-379.32973296237634,-75.04153390612555,-17.405964436775633,-166.49225958256045
296,78.35602489878544,-380.84358296035026,-70.96375358835303,-17.456748260692436,-168.43090233475775
297,119.58914002107389,-376.63508565667865,-50.34829458317252,-17.349650566268853,-127.20437854825161
298,100.86827223748975,-381.7330036317613,-59.38057024084094,-17.55356728527216,-144.31819006047283
299,85.64870369274661,-386.0599745976653,-73.58299748032405,-17.70576297071959,-152.32448331446452
300,73.6277033275586,-388.9266715377561,-73.66156850656972,-17.825972974371474,-158.4193604760357
301,111.87111818027962,-382.76161848854576,-59.502481278809675,-17.664283965856846,-149.7928656457351
302,88.31109017221456,-390.980003848456,-69.24078246996753,-17.85664222669199,-161.10261677655208
303,128.5048190968902,-380.66982319812917,-53.59957408407829,-17.66560231099701,-147.81976567885826
304,101.16313381398024,-386.57550123047173,-73.21545417979567,-17.890082398785808,-163.66961782151665
305,137.83741125162675,-380.4975578718504,-53.90781503460896,-17.72935060934106,-153.04529782255983
306,157.4552330616673,-377.0269796259254,-47.3787447758132,-17.67526611732204,-153.04529782255983
307,124.58050650876355,-380.9290414406132,-61.530616645937414,-17.953935193038816,-173.24077475353943
308,108.25319371303648,-386.2892800344705,-75.78204882863015,-18.117208320996088,-180.75854385660222
309,144.7983098194672,-380.0458365595694,-56.05525184967167,-17.954461922706706,-169.5257434628761
310,114.57700639866876,-386.9050033627339,-76.18640224372474,-18.207033343929606,-184.7429176084014
311,152.83244946736514,-384.7675349361772,-50.69510182099676,-18.120235015919285,-143.4519808079093
312,139.80315459236633,-388.9712529325343,-57.95328838881114,-18.227442049088594,-159.50588787592113
313,172.45959222306792,-382.5061795438536,-45.16811490010592,-18.0870169677635,-149.6922373790451
314,141.27975109322568,-388.9479390878144,-58.86202771899233,-18.348831864590732,-169.26350073104084
315,173.34923014039032,-383.5693484721929,-46.74178488264932,-18.21408309078876,-160.681001807312
316,187.49409873801335,-381.1398643889301,-41.78027760563223,-18.19559445469268,-160.681001807312
317,203.4588162450128,-378.15706662052736,-36.458705103299074,-18.152999784145006,-160.681001807312
318,171.80445781350068,-380.5485173538473,-50.8400781977925,-18.373638255630496,-183.7545379386791
319,200.23835624941887,-376.5454540057537,-40.182935894667935,-18.259852424297154,-176.67948099176812
320,164.15225258406403,-384.77006952983794,-64.22851201367098,-18.565427725824918,-194.95783169582262
321,145.25413767117982,-386.288905743782,-65.72450309741538,-18.754408874953757,-202.91900827889802
322,124.69903334197213,-388.92855296909187,-73.4396628638743,-18.959959918245836,-211.5467182835534
323,121.70755690810014,-391.4702149012685,-80.61648890821527,-18.989874682584556,-213.4626113121719
324,112.45371097257453,-388.18585270702397,-76.98007281396303,-19.038114295948073,-216.0124407924692
325,147.71119533700363,-383.39911650375535,-63.62511613141576,-18.888037957619147,-206.39766942604373
326,165.647303251632,-380.2567898969416,-57.55572199712035,-18.84756618974994,-206.39766942604373
327,182.19809783288383,-377.33590143514186,-51.969588676178994,-18.81355531351643,-206.39766942604373
328,195.20470632220454,-375.1279589382058,-47.3565795795474,-18.80619449727006,-206.39766942604373
329,212.4423301049262,-377.07047408492025,-36.975654615273484,-18.862163799399276,-178.5873672058435
330,231.5604784301807,-375.07471321261374,-29.797307214410544,-18.859484235679677,-174.9509847570883
331,244.09927273973605,-372.40761769809166,-25.617709111225427,-18.82499645122087,-174.9509847570883
332,256.7366177476919,-373.88548748803083,-17.52988911685945,-18.873886729350616,-151.69875480680423
333,220.96290626102663,-383.3068774995726,-32.82982341553222,-19.250742329812283,-174.38860907957266
334,247.04699122117242,-378.51934107430037,-22.747960047013652,-19.132596830749094,-166.06559878875288
335,259.37760711590204,-379.74595899908246,-14.876632013839155,-19.176815296447472,-143.49886237916513
336,230.41772246710764,-384.9854136262703,-29.050056721073535,-19.441947247091413,-168.69827163383547
337,251.1229825228946,-381.8087366069005,-20.788522529595703,-19.37508633623253,-161.905205766939
338,221.62229886789285,-389.18889237628275,-34.3207410286505,-19.613842828275107,-184.09714945126436
339,198.09924907708933,-394.80625285776483,-43.750087332542016,-19.84907332618315,-195.49242764079642
340,176.31614591538738,-400.86149608135605,-61.48106442959903,-20.066904357800173,-204.29533684341075
341,158.0162251942695,-406.17826453176207,-70.18935808188549,-20.249903565011348,-208.83600811542004
342,142.28487399954804,-410.7665867136174,-69.49304369626351,-20.407217076958563,-212.77680493949217
343,104.65308965156754,-420.8084425849354,-105.77944390840636,-20.78353492043837,-240.2645142289283
344,106.93837707606122,-420.237120728812,-96.65343448761442,-20.76068204619343,-236.93690414304405
345,97.85533605465059,-424.20792684053913,-99.25861189356502,-20.851512456407534,-234.40188653592645
346,90.5698122646254,-424.85245451486753,-101.20046564125222,-20.924367694307783,-231.7455320186762
347,82.57055885816851,-423.9525033436577,-103.83793243299849,-21.004360228372356,-232.07235248029002
348,123.98084493774127,-423.49332479316894,-82.44039900419028,-20.93546698934054,-186.5077240665863
349,153.92690486812435,-419.8505065459947,-71.62061559027782,-20.880686847139188,-182.10155896197213
350,123.18810744904346,-426.20196056591146,-84.34271916608562,-21.13474500793585,-197.78877876314678
351,160.9130008529773,-424.3347999975531,-64.95427949798693,-21.06029723809845,-156.9079275624223
352,188.1090401615037,-424.50002163779493,-51.01165500048433,-21.080973528692816,-127.6442591944596
353,158.92600201389476,-432.4868659585856,-73.43749042452288,-21.380970636442978,-146.41378071036797
354,191.73840571660946,-426.4947940090767,-56.07465664275978,-21.230704147561642,-136.7757318890807
355,207.61291356059007,-423.0499106709028,-50.78315402809956,-21.180250126307268,-136.7757318890807
356,218.31292762446765,-419.9867428152893,-46.67751578944849,-21.17465766444713,-136.7757318890807
357,182.62012746926783,-427.6104057963157,-62.039779211789536,-21.47960418368819,-158.6464634238783
358,162.02250668595175,-432.6415866198016,-70.78712716991278,-21.685580391521356,-170.44205378866235
359,193.8781963718205,-426.8719922639928,-58.70827265962374,-21.54421296822928,-161.68030609866554
360,207.8023774076203,-423.7969413854078,-53.92533744875832,-21.513609472097844,-161.68030609866554
361,181.55391990288152,-430.3420782205233,-65.59126337721844,-21.71832871675051,-180.15862255338502
362,163.997518460715,-434.3783245416181,-72.6693696013346,-21.893892731172176,-188.03061662272356
363,196.61507961345646,-428.3836688221366,-60.18813179456087,-21.74371880663668,-178.37831208756404
364,213.6729365463812,-429.1911517552609,-50.068936427984404,-21.778516192715642,-151.7788537539547
365,235.34847367122637,-425.8943450138522,-42.53824628975064,-21.732472574077736,-149.94578717424244
366,213.40796389083593,-429.380638209601,-63.19067130504314,-21.889308309028934,-169.95416980698596
367,193.70598327687395,-433.23455068319504,-65.42357288555598,-22.086328115168552,-179.47910273135017
368,160.6409269328933,-437.25052834054003,-76.59188440327586,-22.41697867860836,-190.76129664873025
369,149.91606760329697,-438.72061226072077,-81.2663243316187,-22.524227271904326,-199.70120740846102
370,185.30529028801962,-437.61677018976343,-62.99904247520634,-22.461078815529785,-160.8759616394321
371,209.7907997654067,-434.0648573420674,-54.42654499854704,-22.408872934931672,-158.41199573425035
372,172.79875990813875,-441.7624781242806,-69.80224535162613,-22.716777766220204,-178.2016858029246
373,154.8003088855148,-446.9316052759863,-84.90911714551838,-22.89676227644645,-185.12018265931
374,191.76531186728982,-444.3954409656068,-60.05154097163789,-22.80472131609243,-145.49563967959682
375,216.18899584054688,-444.2770338498691,-47.55726616365061,-22.82166728537395,-119.37735877818726
376,184.29117358227182,-452.25276672450127,-61.52818463831827,-23.140696600359238,-141.9468309713085
377,138.1101928307929,-464.1917983224844,-104.69198338805516,-23.602506407874028,-178.36581272332714
378,177.98039370135632,-460.80014464357413,-78.46563589555308,-23.48980165677156,-137.39270799919308
379,153.20555511383756,-469.4153394588013,-89.14771526095468,-23.755248220170976,-152.6465003550398
380,189.03380634698803,-465.5525737818285,-71.08632251614276,-23.66256796207246,-115.9346463524692
381,163.82000837062762,-473.1070913434271,-90.48788529884263,-23.91434906084028,-132.7641086540891
382,200.09544904725206,-468.3039709326117,-66.54412755534683,-23.798709684943,-96.45256506198552
383,178.51966777297127,-474.98184563830193,-86.48081949642358,-24.00305212959647,-116.42586494316046
384,161.94842173211327,-477.9636985849259,-88.5490686290231,-24.16876459000505,-127.3548608284045
385,143.67275780052114,-482.37922317876246,-96.56848701735673,-24.35152122932097,-139.27484733056062
386,129.35447648044763,-486.347850381988,-102.90391001690635,-24.4947040425217,-149.07298416531484
387,118.04079994089692,-490.52244181452994,-107.57071776882466,-24.607840807917214,-154.86079003098547
388,124.91956904835745,-486.04994920230445,-111.21001123126418,-24.53905311684261,-155.72229342949566
389,166.41325466754256,-480.7374404514477,-83.57435419472407,-24.404867381252974,-113.95931663911195
390,140.61252008579146,-487.1707152731766,-95.23135201417857,-24.662198374122134,-133.18053088782625
391,175.03446334536866,-484.20053259246725,-78.08743583083591,-24.583990307654236,-99.16092030692468
392,198.91908513921695,-482.63300005688916,-66.34236733624951,-24.572155763513972,-76.45975292710285
393,168.11461300222538,-489.61645955133986,-80.67074962201895,-24.857211856616768,-101.62792531164528
394,196.3804521984484,-484.4204604283911,-70.17239218012263,-24.752441294463615,-96.11713117982195
395,161.88413975955254,-491.46308427500827,-85.05211104795293,-25.0341462483283,-117.5821204519796
396,144.05436941757748,-497.8194402949451,-92.79593951422237,-25.212443951748053,-128.38555056564607
397,179.6557134579068,-490.2550291007221,-79.29030432651011,-25.044781657924663,-119.46080289884756
398,126.91811253299612,-505.21569845260746,-123.46670144779151,-25.509729994281688,-159.50433421436367
399,119.17415736236183,-505.79353542469755,-119.13894352068377,-25.587169545988033,-160.79517981170403
400,116.45843705035638,-507.5278241246048,-120.60538568753005,-25.614326749108088,-164.34068435783607
401,155.7997038501288,-499.13494565975634,-105.60976581207349,-25.426539490685954,-153.04949870464168
402,176.94215349085647,-498.5335656181986,-93.83318094793978,-25.433064170068743,-124.67488880129474
403,202.63927366929394,-497.41510802386324,-81.02585013714305,-25.430590413363422,-99.22514429338942
404,224.799620028132,-495.8752140831061,-70.10843066822808,-25.42082519073318,-78.04132019757579
405,190.90855048625255,-503.5929590248386,-85.49791661874121,-25.735127053018473,-104.18135618273796
406,169.41728886676069,-508.8121856805002,-95.16870886159175,-25.950039669213385,-119.68155227426377
407,200.47006819228247,-502.8160122135455,-83.73011725440459,-25.81762715466597,-113.15556128218438
408,217.73291019717897,-501.4751415891021,-74.05184924647693,-25.81162699284314,-89.61163724441137
409,237.3814945832622,-497.4110221008177,-67.81411691300332,-25.752198630650806,-91.4824120157361
410,248.4971140594522,-494.06739971270235,-63.862365986840345,-25.719912093410006,-91.4824120157361
411,209.80023554604378,-502.29219021498807,-91.50442392367583,-26.038822073535464,-113.89256977729293
412,202.5666375826504,-506.9135182822708,-91.02276405045727,-26.111158053169394,-121.6677625932013
413,186.60332948139836,-507.6081378084159,-97.74110100682104,-26.270791134181913,-130.60432003330934
414,218.069564412691,-504.73534439871077,-82.03469108736036,-26.19908434064934,-99.2983303791305
415,191.04125027582637,-511.4837662278349,-104.59852231650038,-26.455916015971265,-120.6387801079123
416,172.06928004100868,-516.2267587865393,-108.09837604903329,-26.64563571831944,-131.88990905242682
417,205.2124968956124,-513.1326484721357,-91.60142234221614,-26.567038949658603,-99.19462052073126
418,183.90438910858276,-519.5405023814578,-109.9986194784926,-26.767269880550316,-117.30460286294205
419,218.8807101451777,-511.37807157805366,-90.73239515690874,-26.587110834546962,-105.8934268988637
420,232.1256246622237,-510.5095735125468,-82.26410859377197,-26.610160108888447,-83.28543455040898
421,251.98067060479497,-508.65097566891,-72.57893014045891,-26.59561943781009,-64.88445571567313
422,219.36470846442663,-516.27128262274,-99.73586840722693,-26.888037231505194,-91.84251912378448
423,199.28127650442823,-523.4173523581659,-105.08144979210445,-27.08887155110518,-105.44736745283292
424,230.83744492384028,-519.0624199231781,-89.53007205128303,-26.997636080403186,-75.25143784672846
425,198.9363131669366,-526.3632239193687,-104.34941624878128,-27.28966824025081,-101.38485287298975
426,226.36993373751102,-520.9085901441251,-94.15005263803054,-27.18157443185545,-95.85747911937591
427,192.80703873790372,-529.6314889966432,-108.6177826300663,-27.447729519232453,-115.5380690723759
428,223.49900619979448,-522.5324633912147,-96.86396010312993,-27.309051069584793,-107.16881336760486
429,188.6547685244547,-531.3948546641797,-111.45030007609012,-27.588525102501922,-125.91216111026029
430,221.8716057523568,-526.9016996076089,-94.75193679107831,-27.496980686658866,-92.60316003065918
431,238.13879309829284,-527.5738082280835,-72.72968548708369,-27.56179502389887,-69.85453896072389
432,206.93122392300228,-535.5162455763431,-98.3686606858707,-27.867370353894433,-93.07753738310731
433,237.7028971146252,-531.4708075979428,-79.53120719980177,-27.77115086534852,-64.34490049704141
434,206.32047535762757,-538.7456770948107,-105.41060922946993,-28.049800072997606,-90.11091840711181
435,236.46587026030275,-532.4154883811685,-90.40337795993082,-27.908582435825974,-82.67276895414075
436,200.02791511888339,-541.777921515411,-105.82160385918866,-28.199123085629303,-103.30553188695168
437,188.3537054918511,-545.4534107801118,-111.4831734208601,-28.315865181899625,-114.40762796139549
438,221.02345478793245,-537.9530248729037,-99.16002370442123,-28.15912468764598,-105.808228254925
439,237.3800603624926,-536.2337680689249,-89.95311318415,-28.147296214588497,-83.27997628241793
440,205.4645006867044,-543.8075679644554,-104.76289750362787,-28.441265146047158,-108.91839753905295
441,233.09484052889255,-538.1264053507401,-94.42407213226349,-28.32769225654508,-102.97098966728467
442,197.42475662705857,-547.1467101964713,-109.3561625544131,-28.612645392855402,-122.18400423766589
443,182.48642253386953,-549.954550580981,-116.08820383007865,-28.762028733787293,-133.14682783456928
444,213.91536555063115,-543.368718222279,-104.28349367985537,-28.622363550154027,-125.80215522754646
445,230.2819335641063,-538.7807204748185,-98.82797100869698,-28.552979232119004,-125.80215522754646
446,245.09625684769696,-534.3337694917288,-93.8898632475001,-28.48701026176644,-125.80215522754646
447,208.4475164783521,-541.4818421428326,-109.50815523164152,-28.779066943057632,-146.84483812778117
448,189.2238192688213,-546.1221923327645,-117.68784051541692,-28.971303915152948,-157.9996926859567
449,223.2567516794673,-543.1077605376593,-100.59283759658332,-28.889867665476384,-123.49553999424714
450,246.17312730719942,-541.7916035984268,-89.18813571621442,-28.886658509466557,-100.9000799674979
451,265.9396030668955,-540.1049265918674,-79.46515347965536,-28.877043170869218,-82.09513806753559
452,230.13984348449503,-548.1955998196469,-95.51481170998838,-29.206346119985753,-109.63774461329456
453,208.98807550275248,-555.5904283921016,-104.8484003685407,-29.41786379980318,-123.3357406011234
454,240.52373129399166,-548.0517266328417,-92.87297348759292,-29.261031085350602,-114.55449089791504
455,255.51058097067795,-546.5192753054386,-84.23149331461265,-29.25414860786951,-92.67930921340606
456,274.0653469291888,-544.6508105072232,-75.1652843764249,-29.241478165405447,-75.39158750130134
457,240.87140893862824,-552.4626071257301,-102.47996482869235,-29.540021797319078,-102.27132028382019
458,267.0866390320136,-546.672689560787,-88.36045750817046,-29.421534297634423,-94.48325728532106
459,230.91430309826617,-556.0744788557323,-103.9927009698733,-29.70874292483217,-115.9320461880433
460,257.53468466557825,-549.6034839907768,-93.46191209840211,-29.59216108411816,-107.6365328534856
461,222.34887212679314,-558.7381685997825,-108.54280996296234,-29.871236617133867,-127.75029496327664
462,203.21080344489627,-562.7735865650701,-116.7052140287003,-30.062617303952834,-139.42224886115187
463,233.55343092704626,-559.8544708281116,-100.98142816370856,-30.00334166984375,-107.43010410971925
464,205.98553404995016,-568.5491843562946,-113.48463202135831,-30.269037518933914,-127.31353350142558
465,239.4496037726127,-563.804064407009,-96.92753090409785,-30.167023992367923,-94.89906624318793
466,208.36490422477394,-572.9303895264225,-110.75581666493464,-30.455977085015935,-116.70438679218756
467,198.53398417343288,-575.9350714357269,-122.72501424236808,-30.554286285529344,-123.26780954981648
468,235.57994928177055,-569.8648218846536,-98.265437318862,-30.414991064768337,-87.76409444454835
469,255.81285205763425,-567.5781248241077,-88.50444154696032,-30.39366372780653,-69.66392536486568
470,221.83505797809153,-575.4994943203048,-114.76855465653358,-30.696844122306715,-95.09723587795526
471,202.18666042865095,-582.2532208598378,-118.9161710654094,-30.893328097801113,-106.31089990222297
472,184.78711258029676,-585.7036200707522,-126.5869081281566,-31.06732357628466,-117.98899545115637
473,167.38098811642743,-589.8570010896583,-134.21794551360287,-31.241384820923354,-129.53008999596787
474,202.70699342185026,-585.9577390957904,-116.85479042749907,-31.147687343577346,-96.00317009019051
475,224.71881567027532,-580.8886635779263,-109.74412942679041,-31.077428839812526,-98.0040396726475
476,190.39334927335258,-587.8507518684925,-124.43733962209534,-31.345786808739724,-118.54699877634555
477,175.25420755460866,-593.0781976795291,-131.13475095702802,-31.49717822592716,-127.88666728684197
478,211.26753101448412,-584.5286043741313,-117.45639453721154,-31.315395662180244,-117.84317568769389
479,178.59479569902228,-592.5881086725414,-130.87538133158785,-31.56411685808719,-133.85649717540952
480,215.82299107011985,-583.5061187409519,-116.90561788603308,-31.367676665201337,-123.68646202066577
481,201.4742290073566,-584.9821302272072,-123.36870978462721,-31.43703597033688,-135.81074250980734
482,190.73046930505205,-585.7321285021,-127.03954181654876,-31.544473567359923,-137.15163984876165
483,226.77898334366054,-580.6169831121799,-109.20115975394863,-31.43133489011958,-102.21837555037774
484,247.79326123627905,-579.9570469257388,-85.65647677483332,-31.453426414609282,-78.99494520878889
485,219.26342183278337,-587.2190490293007,-109.9977122201817,-31.72992567686,-101.24187867506362
486,250.09808470971976,-580.2932182498922,-94.28528655462551,-31.575283347930423,-93.09057161519752
487,215.28196017272904,-587.072619204715,-109.73247206766261,-31.843586034679245,-115.6318861834186
488,245.7588068071336,-583.4110009181569,-94.77665757265412,-31.762750083524704,-86.85069248217664
489,213.566692864051,-590.5689165351235,-109.58120243221789,-32.05600962463486,-112.3040741912128
490,193.089274287984,-595.6882711791402,-118.61949607804321,-32.26078381039553,-126.37694035553014
491,176.39637144248272,-601.6853901048703,-125.64319472957457,-32.427712838850546,-135.13332657371572
492,164.513789326877,-603.6601265188208,-130.89199285431232,-32.546538660006604,-142.46253346817562
493,200.07040116658746,-595.9092543894117,-117.62976218507184,-32.37528169902455,-134.24685332777656
494,168.13689934833124,-601.9869172462667,-130.9673770417587,-32.61838821329875,-151.29488806273037
495,204.71939439191235,-598.1568502659248,-112.85134117772904,-32.520997031405294,-115.76366296571467
496,229.1851279677251,-596.0554985339205,-100.92076573642458,-32.50285955060918,-93.11167746951344
497,249.29962075346612,-593.6928604840703,-90.99416675539499,-32.48999305512769,-74.28383423192064
498,218.64189140671454,-600.8525790621543,-115.74451676970702,-32.76241004957583,-98.64251700646635
499,249.93894490776066,-593.7547469967453,-99.81704671965188,-32.60420425785885,-90.39983868190669
500,212.97095927657506,-601.1888898918413,-115.67836661309398,-32.892606656414344,-112.61297634410673
1,-24.674337424600946,-6.181084356150237,-12.399703442856028,-0.24724337424600945,-25.07454580793428
2,-45.58937627555352,-10.174496665761659,-33.86879181831918,-0.4563937627555352,-45.989032898481085
3,-59.7685424992613,-15.3201391225102,-39.76652619826488,-0.5898566783741537,-62.482016451714486
4,-72.89118866960962,-19.702611981131206,-46.57060822964675,-0.7177962904971859,-76.89687382028659
5,-35.356288873228486,-16.91931464529895,-33.571854364445855,-0.6305732648766633,-72.46510973224876
6,-56.2912693718521,-26.967422767842965,-43.58586054153005,-0.839344154735347,-90.6791857975067
7,-20.763817366068928,-23.698908195519607,-30.873023494199753,-0.7699810127232339,-85.45706752509123
8,-38.61337285972931,-28.04859365022043,-48.758799631576466,-0.9438597168331581,-103.3609539843261
9,-51.5745169655295,-31.28887967667048,-51.49384381655143,-1.07347115789116,-113.73852887162475
10,-12.938367530569014,-28.456969536728554,-37.64090804615177,-0.9700724889482361,-107.33962663189662
11,-27.605418128059473,-36.11178394583647,-53.631026815314456,-1.1153114873680228,-123.92320644569487
12,-32.98317568551924,-36.305676660042685,-59.92431639078087,-1.1690890629426207,-130.6742620301646
13,-43.617065339400774,-37.417925412920056,-67.40849726592927,-1.2713911142676906,-136.53312795077463
14,-75.77505858094655,-46.23963700996318,-97.76073858045811,-1.5929710466831484,-165.94883757694356
15,-73.22853025555565,-45.603004928615455,-90.85394016064788,-1.5675057634292395,-165.50699365636055
16,-79.1232109717017,-48.57424404893944,-93.24431498294666,-1.6264525705906998,-167.0829405797016
17,-86.20305336082949,-53.74673158432,-95.63417956012907,-1.8660033988222555,-167.16784418803562
18,-89.22578332296385,-51.798561073037895,-96.83416750327302,-1.7903727671139893,-166.95307847860036
19,-93.16976425816651,-52.72526114449739,-98.40441099830132,-1.829812576466016,-167.29719625351817
20,-46.32111155168447,-47.90346052150431,-81.54364322283264,-1.6579436874892037,-157.56644544250898
21,-57.858544330896464,-51.73347782544171,-87.39793442816556,-1.7710965315240255,-169.61732711608246
22,-58.96447661284038,-50.44432082651903,-88.26202649202065,-1.7756190092655724,-172.2631726814306
23,-60.073694776883805,-51.023489002788445,-89.10005518261316,-1.7801304669924023,-174.7438723012186
24,-66.6263072145105,-53.28409451575964,-91.62845582572251,-1.8456565913686696,-176.39262751360548
25,-71.18783376302275,-55.58527170420824,-93.60717446517359,-1.8808639790329764,-177.03281252472
26,-76.79345513735574,-57.63237564278195,-95.44607973071969,-1.9972309114802564,-176.60736202865792
27,-80.95493066015526,-60.12699836308622,-96.93226733807708,-2.0388456667082515,-176.15804726733094
28,-34.92027642220843,-54.643497474906724,-80.02547459190302,-1.8720396633349397,-165.80025772719947
29,-47.04807057703673,-57.57354486577789,-86.12539198765079,-1.9892415589697863,-178.14417379202948
30,-52.35796710673449,-58.72601402971772,-88.44773832563844,-2.042340524266764,-180.35514108158614
31,-9.444102317001473,-59.26296194477769,-65.99931559083025,-1.997954605588938,-131.49233425220302
32,-24.412121327060092,-66.37559432126984,-72.56398067124897,-2.210277025476046,-140.94428671459806
33,-34.89371311461579,-69.96658845183504,-77.20201200938854,-2.315092943351603,-147.63306498760414
34,-35.490019134855515,-70.05809769218538,-84.33443541618702,-2.3100871764013053,-151.30269314964502
35,-43.4066078206634,-70.84819246960784,-82.12263154573803,-2.3779372570301414,-154.25456282261683
36,-43.52230664845834,-71.53653611249733,-88.2573037996459,-2.3703329373071385,-156.9219554647132
37,-43.873079913750885,-69.0205174243663,-83.42612959304688,-2.373840669960065,-159.47307455174018
38,-41.91289152613358,-71.92120856020824,-83.3102765765747,-2.3542387860838927,-162.17682804790724
39,-41.93007429911623,-70.22581446258371,-83.86430932179127,-2.346068286830352,-165.04954262407298
40,-51.37538546935658,-73.42236118044265,-87.4754586589704,-2.4405213985327556,-167.82581630666704
41,-10.519957526554652,-69.10734197676453,-72.27019120941412,-2.319760659773397,-158.3050674949332
42,-30.906553394608384,-73.70376125023998,-81.40600710658087,-2.503617430712415,-171.82403744636042
43,-40.0839171503034,-75.95109564783354,-85.04282103890488,-2.5953910682693646,-175.19678245603043
44,0.21985529423573524,-72.41630408959392,-69.99060429771595,-2.4740588211913277,-165.49102689797513
45,28.448326364838596,-71.24763050049164,-60.586959438377136,-2.446373186260475,-165.49102689797513
46,13.74402039996552,-78.4078594571446,-68.0066129929829,-2.5844772451376268,-180.41110281754632
47,11.012626073510283,-77.59111104414559,-76.1032029136847,-2.6117911884021785,-183.46543521390458
48,1.3688625215900085,-79.62682179548676,-73.72511048496112,-2.7082288239213814,-186.0840101007102
49,-9.932987389428629,-84.25238585195811,-78.04444947133942,-2.8212473230315678,-189.39634419694264
50,-10.1453457935409,-86.50171304491704,-78.533776072216,-2.8233709070726904,-191.43288269131375
51,30.98303212007699,-79.52520241143377,-62.99427147180452,-2.67627157060326,-180.13563434414525
52,58.136619559846736,-83.00174669875506,-48.120327405330485,-2.746642715823782,-145.19914482484052
53,44.75747417728253,-89.43126709404245,-54.50551991949532,-2.9420888874285542,-157.79193035652543
54,36.566301594110314,-92.09927073602508,-66.57081169490624,-3.0240006132602764,-165.46752801998923
55,23.311343511688364,-94.50721479394711,-66.4742174806959,-3.156550194084496,-171.33749053756344
56,60.09960512574308,-95.21918620762797,-47.071657306678134,-3.1272224378026325,-128.4986527215663
57,47.15067180187252,-101.2235330560001,-62.745478007253965,-3.3084370519271737,-141.67866985809297
58,39.485379887615494,-103.65542414860741,-70.37125139755673,-3.385089971069744,-149.2846839864186
59,27.123605996897854,-110.22176593774658,-70.63122309802202,-3.4971086353262995,-155.46867951899986
60,16.457490427068596,-109.60880563760196,-73.9175258334012,-3.658555856453032,-153.79835970157401
61,10.894803994266963,-112.99117474593434,-83.56931519481054,-3.7141827207810483,-159.5345932553504
62,7.727780243218927,-112.9218877085908,-86.41060675268248,-3.7458529582915285,-162.21301871663428
63,-2.672782214229951,-117.30920027316837,-85.02458787307661,-3.8498585828660175,-165.6089492938308
64,-10.833454492130977,-119.19482738002183,-88.68886580888184,-3.9155756942551747,-169.63261730523027
65,-19.755328918138414,-122.27558664105443,-92.15205140148421,-4.004794438515249,-172.30375380488027
66,-28.17365293450291,-123.53450004657245,-95.37105877745013,-4.088977678678893,-174.57376547517362
67,-35.399770701048006,-123.30695973934766,-98.2153205657947,-4.161238856344344,-177.18710067215085
68,-34.571559775518395,-126.09092618865293,-98.03590503926648,-4.152956747089048,-177.76702936404075
69,-41.27564914709501,-126.45627316231624,-100.16462424005256,-4.219997640804814,-177.13116582560403
70,-47.44658603993498,-130.0887769994878,-102.03419756724168,-4.281707009733214,-176.00673200305874
71,-42.04973772077533,-124.76695293341496,-100.63951830431539,-4.183302509841485,-175.9492200462871
72,-27.205727171480618,-120.57463416732932,-99.30997197835832,-4.015727563622726,-165.94360598863372
73,15.858468927394581,-114.89041653053093,-76.51365905030025,-3.8596629412695247,-153.2812346459842
74,1.2577339140930928,-119.05027195297922,-83.77135108303943,-3.989710055264087,-167.62591681581637
75,39.422568148240515,-114.55500986067064,-69.45677703710716,-3.868918608085975,-158.06814100851756
76,15.721064766098443,-120.00870188044823,-79.86193279546987,-4.08871527770754,-173.51592372505152
77,10.533914287451168,-122.55445716857004,-82.35821613330855,-4.140586782494013,-178.11932279478896
78,-0.47789628480648005,-124.47899961147021,-86.66262388401454,-4.25070488821659,-181.9764747332089
79,-9.778649598372393,-130.30379276813014,-89.99947002000293,-4.343712421352248,-183.39604492200743
80,-15.656350069377662,-132.2278410064259,-91.87446331528186,-4.402489426062302,-182.77000638821207
81,26.05464605343674,-124.7966662594704,-75.9951513341404,-4.254467325982481,-170.9161267469921
82,53.125392216032935,-123.16541276837907,-67.03090702750373,-4.21933931203686,-170.9161267469921
83,86.49340114057364,-118.76451442975139,-54.28737936219083,-4.102505128872943,-161.344938894263
84,108.21350906106498,-117.86474581307695,-47.04734338869372,-4.088988255921581,-161.344938894263
85,85.41972630187172,-124.6012368119418,-57.68272649869782,-4.295521346099149,-180.37282345559515
86,68.77991018370327,-127.9130657480362,-64.50629688468236,-4.461919507280833,-188.6437691284733
87,53.09176110576314,-131.80900353389248,-70.79947615156972,-4.618800998060235,-195.41207125338065
88,39.097877944371206,-136.00592949557395,-76.22132771417677,-4.7587398296741545,-200.36200469511235
89,76.37728043131591,-131.9327386586899,-62.04395573128627,-4.625930295587767,-189.75693522407587
90,58.42044746688393,-137.2124978113118,-70.52715852168049,-4.786850577353943,-205.2415553314375
91,54.4333750379503,-138.48136698127172,-72.39767243117214,-4.826721301643279,-208.9444607849442
92,90.99968505824336,-133.48386567079655,-58.30067215292176,-4.692640839730618,-197.49507915602805
93,62.57686096733221,-142.09595005929503,-70.17155516653432,-4.954752722484288,-212.70964817684202
94,58.231147717886635,-143.53125856648725,-72.13135099450881,-4.998209854978745,-215.77699664579782
95,55.0497614043105,-144.55338209408893,-73.52752451745934,-5.030023718114507,-218.49832003628953
96,43.69781815355941,-148.3270355232469,-77.54352722574278,-5.143543150622018,-219.890449784488
97,33.117563491527086,-151.84798773661248,-81.17842955129346,-5.249345697242341,-220.53935441372752
98,34.068914396647,-149.5136549479835,-79.08922927297007,-5.2398321881911425,-210.46924994604979
99,74.17652212524521,-149.89585695015128,-57.868093890489384,-5.192060436498603,-163.35765310836211
100,104.53262787971192,-152.77000846602772,-41.384221104605714,-5.2623656044067895,-125.97103056307674
101,88.74387396399726,-159.50485054932594,-59.157851374721346,-5.465440142964302,-141.34807405536546
102,72.60227533142682,-163.32452335035703,-70.72178746824976,-5.626856129290006,-150.62317887937283
103,65.06953639065839,-166.60083663292625,-69.89441652499558,-5.702183518697691,-159.11407038747637
104,99.07773429101404,-162.1823670849799,-57.0613495064979,-5.5891888596882735,-150.13206407720162
105,121.11592926733911,-164.50279950601092,-44.734100646539474,-5.6419044101263225,-120.24496087010124
106,95.76443435210443,-171.75337674787122,-56.08122141176563,-5.931927499800735,-138.48761585940719
107,81.52828525575433,-177.04631029580477,-62.88820170307159,-6.074288990764237,-150.8571994145427
108,65.92221925572126,-181.48601011835626,-77.2105536777416,-6.230349650764568,-158.5561327996395
109,58.57290951589208,-180.12192939246938,-73.42650253222314,-6.303842748162861,-157.89847093855573
110,49.23151598062653,-183.0745041240161,-77.94870467364112,-6.397256683515517,-166.67757219116567
111,42.09029461197712,-184.85980946617846,-81.49090368011669,-6.4686688972020105,-173.64832349272027
112,79.53958653156158,-184.82879908348843,-61.94077569243521,-6.427515099538818,-131.24613940580025
113,64.48801196458533,-189.67964283100062,-69.41129640410243,-6.621548849439305,-145.96611454185108
114,47.89428529661076,-191.4292041403964,-76.61070135928712,-6.787486116119052,-156.67478084955115
115,39.11197739711337,-195.6833997745521,-80.75182954774186,-6.875309195114026,-163.95693418128485
116,27.620556133888705,-197.67070974561813,-85.47394204132188,-6.990223407746274,-169.5723549111165
117,66.33096373302212,-192.99230623974952,-71.00822171597501,-6.850004390081454,-160.2796626274645
118,54.04742552342968,-195.55046651796766,-84.25916263797941,-6.950464234880933,-173.98968001878424
119,53.144163792396526,-194.43941642168318,-77.4644511960241,-6.959496852191264,-168.9074076740647
120,39.13413904326916,-197.94192260896503,-83.13792930757553,-7.099597099682537,-175.3799787434578
121,34.50856376977923,-199.2068656260441,-91.57044619430494,-7.145852852417436,-178.55159899819554
122,25.011192567326493,-203.34519179095702,-89.07090120489211,-7.240826564441964,-179.98769252442338
123,16.196301327365184,-204.51495749589844,-92.55355730867703,-7.328975476841577,-182.90936103454203
124,9.621315658500663,-203.87943638440495,-95.3708602345517,-7.3947253335302205,-186.39600322463767
125,50.844524986299675,-204.35199665925677,-73.97320800946794,-7.340576951546972,-140.45650852973307
126,34.689861412725044,-211.32948730506456,-81.05755947757946,-7.550684303878768,-151.10798820561496
127,22.957224908125266,-211.0510954378211,-86.06851043666379,-7.668010668924766,-158.00255640159563
128,11.325383248230086,-214.63662622824586,-90.99840337952793,-7.784329085523718,-163.9570030449984
129,10.526877385474771,-214.54403794499484,-90.53972512572963,-7.7923141441512715,-159.46032877823413
130,50.44913760790321,-213.77878211226658,-70.01646843345078,-7.736598249351347,-116.16530906941796
131,39.27213949511872,-218.34704438821416,-83.23943160452022,-7.883345147297098,-127.84493937451317
132,28.035613986322257,-220.6982202068686,-82.88162538796982,-7.995710402385062,-134.3501594238204
133,65.28060752977056,-219.76033862483763,-63.855978886422136,-7.944575199015295,-94.68626750143096
134,44.12497979093567,-225.52850381027886,-73.71668840869847,-8.178337388982824,-111.69451760275048
135,28.53130450544822,-231.22141240889204,-80.62513551181894,-8.334274141837698,-121.95784965049835
136,20.213402658447595,-232.78598828837664,-91.67717933400695,-8.417453160307705,-128.66619945075172
137,15.51241181980333,-235.30659207054535,-89.43922022254382,-8.464463068694148,-133.93645813473168
138,5.859539994252966,-237.48001846017442,-99.47212389994367,-8.56099178694965,-137.56788750300734
139,0.6401121655632096,-236.2254199432932,-96.98182185576022,-8.613186065236548,-142.63484517879283
140,40.392472879488416,-235.7978419954796,-76.74812047630964,-8.558039328907777,-100.73735832993984
141,21.87727413557719,-242.81582340253794,-85.17980682718346,-8.769149415514043,-114.29707894736038
142,10.084329110382143,-245.14964661890366,-90.56482925354923,-8.887078865765993,-122.84402087950308
143,0.22056937015104694,-249.20939585949876,-95.01159034876422,-8.985716463168304,-129.31631963720295
144,-6.564912748360589,-250.06109243926895,-98.20180729958334,-9.05357128435342,-134.58078227093696
145,-16.434550703642927,-254.0124099878849,-102.15156754319415,-9.152267663906242,-138.5400678220372
146,-24.588693864124885,-256.732358724799,-105.23365150842481,-9.233809095511061,-140.7242852924573
147,-27.118093307618793,-256.46986038881226,-106.91230096041495,-9.259103089945995,-143.54551951435835
148,-20.965237951548595,-254.19919436596496,-105.33275354274055,-9.197574536385295,-145.79668439249846
149,-27.095854178340034,-254.91723507880013,-107.79537022068928,-9.258880698653211,-147.8026977514078
150,15.925979564649609,-253.39086089887437,-86.00746587028202,-9.188773173902431,-103.11893913494356
151,49.92258884054916,-253.31626633236587,-68.94057205433359,-9.19288852458235,-68.71079479105207
152,78.61473411278905,-250.86357539567715,-59.2646256769506,-9.150990435529648,-68.03940707123405
153,56.515286626618064,-256.9483326101238,-78.71803620174092,-9.337278585758028,-86.20805048153696
154,91.68263076443642,-251.8979657887619,-61.67876969564225,-9.21742235803908,-78.23282279129815
155,114.10747501383179,-249.45929633961572,-54.12162722484578,-9.176349387864695,-78.23282279129815
156,84.17571557617664,-256.06120508790656,-67.65391426816217,-9.443258171200517,-100.11955940511862
157,65.78188328971261,-262.60132326194713,-75.97798511559968,-9.627196494065158,-113.27631991681562
158,50.38353691911664,-267.6956023517927,-82.70025651918394,-9.78117995777112,-123.03455659792328
159,37.238791694720504,-270.2107036318613,-88.50982983262148,-9.912627410015078,-131.66684921380994
160,25.16785206847968,-270.7171293594984,-94.0385448979896,-10.033336806277488,-140.78733045571371
161,18.070885595157858,-273.11760620707594,-97.54767670864219,-10.104306471010707,-147.6481883729856
162,7.381164969887205,-277.34391883901225,-101.76704712530741,-10.211203677263414,-151.58496962243558
163,48.14784810029384,-271.23236299192325,-86.56768554049066,-10.062794047354574,-141.9221663743483
164,25.11650116961124,-276.00286199282726,-96.62507043703872,-10.25808399560559,-156.19801551540488
165,23.313545483802496,-277.5057017919123,-97.97663983076559,-10.27611355246368,-160.02714059101615
166,29.32158826918662,-276.0987051570983,-96.03197495658195,-10.21603312460984,-160.31411645430276
167,75.44248022836624,-269.1639191943267,-73.07832325676456,-10.084362611538479,-114.8339901737578
168,56.23247943294128,-275.0990614433926,-89.6796870329154,-10.303589002352751,-128.09655672576983
169,42.52272491583495,-275.8448058074111,-90.73074885327213,-10.440686547523818,-136.68625852613877
170,30.575755668588595,-276.984283942065,-96.16189033701305,-10.560156239996282,-145.37916893409158
171,67.41197939921288,-273.0082278800877,-82.69642313490839,-10.44016938238485,-138.25881318271217
172,43.98845074564878,-277.8280167197761,-93.05615130934797,-10.638151937270713,-153.81144095377428
173,83.3460021032011,-272.2963798733657,-78.48426285330638,-10.483772821908785,-145.16243271822376
174,106.80840878252499,-269.65799442670186,-70.6362972867864,-10.44099919533376,-145.16243271822376
175,128.2313372334887,-267.3174885015533,-63.495321136465165,-10.40401171950812,-145.16243271822376
176,146.9993162005708,-265.23670957547205,-57.11034155626859,-10.379084299222477,-145.16243271822376
177,119.07194599799433,-270.638990363223,-69.96695933133458,-10.595175530732513,-165.07747356221438
178,102.66079567847052,-275.3811987296212,-84.9373866826202,-10.759287033927752,-173.0672804007574
179,137.4500514609816,-270.3909051539821,-65.91484583528295,-10.619729421653053,-162.00964736245646
180,107.44134369376843,-274.01146908777554,-76.70368009426733,-10.88257581190384,-172.83008890992605
181,90.88122715147921,-278.817963797056,-83.45683007382169,-11.048176977326733,-180.7929085692785
182,81.11267612553394,-279.77225330885267,-95.01068660077766,-11.11528662091527,-185.6430576705734
183,70.93616203935248,-284.628932292073,-93.07291419350673,-11.217051761777086,-187.8895896302343
184,110.56761294709733,-282.5518131916705,-72.53549779948065,-11.14672493102877,-143.92799308156754
185,139.98653368503355,-283.56453503546766,-57.309892442161825,-11.177693630329813,-111.41220241352698
186,115.35192616526487,-292.33613233507043,-68.55820470937658,-11.4430261594814,-129.63286097727817
187,147.18420491459966,-287.1083480356301,-56.68757648945597,-11.326256600531403,-121.85833597735721
188,116.38535368174011,-294.1428166218466,-70.24439547701644,-11.594980038247046,-142.55426831733124
189,97.96402556318863,-298.6618915469967,-78.20400466062294,-11.77919331943256,-153.816493925006
190,133.1977987004707,-297.22916601565277,-60.11653464163889,-11.720999588916388,-116.24513290020093
191,108.69397799449258,-303.97970379975544,-71.18280058278873,-11.9910211002805,-134.3083005418587
192,92.02182838946214,-308.0544060954543,-78.63970723760552,-12.157742596330804,-145.98423879034826
193,81.5342753683652,-310.8601739186253,-91.07747975630524,-12.262618126541774,-153.5762392343279
194,69.33315426271676,-314.3894159918835,-90.85228401297688,-12.384629337598255,-159.34541510777103
195,109.3226995986037,-307.220635442108,-76.4115970848813,-12.170137470149383,-150.62268128210957
196,97.66713165695617,-309.76990368248084,-81.41943917102662,-12.247383454098154,-158.04010498195146
197,84.76891779991007,-312.776446358353,-93.94368264493751,-12.376365592668616,-163.02256576681285
198,87.41048815109724,-313.63069967755825,-87.7819919419231,-12.349949889156742,-164.74897473785447
199,78.44113979288817,-313.7612112684734,-91.0504629079761,-12.439643372738834,-166.64316689294765
200,117.14610833966634,-306.93188213260913,-76.38178724637199,-12.273524886487646,-156.29254774164542
201,138.23883673157667,-304.2611058833661,-69.35087778240188,-12.231451971264326,-156.29254774164542
202,157.4290784022842,-301.7400050848952,-62.954130558832716,-12.193244379211842,-156.29254774164542
203,127.74494875631022,-309.3059877342425,-83.36535061021117,-12.445762837089022,-172.27242198803572
204,162.06052925440645,-302.9989518059993,-63.53065375439851,-12.297492161400621,-159.85370863935574
205,180.99082665223958,-304.47353351539846,-52.64999568994667,-12.340235820306354,-132.43035504831096
206,201.19370405327183,-302.7639678005301,-45.40234772797387,-12.333797331810452,-129.96817183042452
207,168.48262329791083,-309.77180933224264,-59.87919173979057,-12.616488711491312,-153.0856594625946
208,141.49442987763015,-313.21111204929355,-70.59342375993016,-12.88637064569412,-167.25859623257168
209,173.07540807640785,-313.26396640907353,-54.13842353792711,-12.849256274968688,-131.6905512981088
210,149.23950503891788,-316.99530884061153,-64.15545900655178,-13.111420635068352,-145.91582787831675
211,126.4017905076508,-325.3436569966484,-73.4083845051277,-13.339797780381026,-157.92788429733864
212,115.42139544454113,-328.6077733979723,-77.84307378962784,-13.449601731012121,-165.31688524399235
213,153.8166875032081,-320.5158969305279,-63.57128066414616,-13.228753003182613,-154.66908596846025
214,170.81124846642825,-322.1855083004521,-53.093459566957094,-13.290074281945396,-126.96750904656636
215,138.5300461946464,-327.5246661760339,-66.62204024485433,-13.637833167701801,-147.28126163476375
216,166.81438839826293,-324.017457798183,-55.96419436137173,-13.546022868459739,-140.59822676623864
217,135.53502527554443,-332.8735915116665,-69.52104052715481,-13.814395595734496,-159.38057751550014
218,124.94850002179126,-334.73769614495455,-74.64926044062013,-13.920260848272028,-168.9768464887857
219,112.95289060929011,-339.08922516675807,-87.30267908777752,-14.09432200914417,-175.56194922657392
220,98.28163974363622,-339.8115375429593,-86.96925312436507,-14.24103451780071,-181.67512759371309
221,132.9796078313521,-335.2410728495774,-73.88470415246881,-14.10616293351033,-172.90349181427638
222,153.08116542899748,-332.37369999809596,-67.18418495325368,-14.06173534139051,-172.90349181427638
223,171.35480023052145,-329.65212569887234,-61.09297335274567,-14.021043806459916,-172.90349181427638
224,134.31344489572575,-334.66244286523323,-76.48859010279843,-14.343258877180645,-192.5724773736868
225,117.17040826631373,-340.34984316287046,-83.3046408891427,-14.514689243474763,-199.85277057716218
226,103.13127025325967,-343.75286665497947,-88.71484864653733,-14.655080623605302,-204.553032860041
227,95.30256103285261,-348.8333341212505,-91.11577690649607,-14.733367715809372,-203.58607026383228
228,137.97977433308546,-342.7191852624252,-69.06759124203651,-14.623331021773508,-156.65138287754058
229,166.41834644916804,-343.56076545635176,-54.3375988525137,-14.6539734016624,-125.14857277256887
230,141.104868221152,-350.8342839578302,-75.6842758696205,-14.92457878389749,-143.2015541876013
231,173.35700306445494,-345.67942835177666,-58.83836951678785,-14.790134028462711,-134.0587620800038
232,141.509237006298,-354.5277333832243,-72.61807846447692,-15.0584689870903,-153.0414836498244
233,173.23152261343765,-348.6299810350093,-60.37158552355353,-14.929659722374772,-143.84966338844472
234,190.4250183164483,-345.866256995668,-54.64042028921664,-14.88958109632496,-143.84966338844472
235,165.2431496470395,-355.10876934574844,-65.84310023828377,-15.090312248747766,-160.70200574402995
236,150.40371085492762,-357.8875848432364,-71.83222603496597,-15.238706636668885,-166.95788293989943
237,143.2666827993843,-360.17280021851894,-83.14566104780533,-15.310076917224317,-172.96938327665984
238,130.0011615546506,-362.3614825995368,-82.35889287205217,-15.442732129671654,-178.7366602133381
239,164.36000895097638,-356.60875822906115,-69.24962436033243,-15.293820643503821,-169.372520091868
240,131.76104226966538,-363.55222121100866,-82.86712647220668,-15.571559162781726,-187.08023695174762
241,122.82106484159439,-367.26961726019783,-86.71046615000445,-15.660958937062436,-192.26032016239233
242,111.34910674097114,-370.97010075767287,-91.0180760119078,-15.775678518068668,-194.8727340342657
243,98.89857592373124,-372.9630743084725,-95.42946358589131,-15.900183826241067,-197.67773143476018
244,91.58304266182299,-373.7233672961055,-98.7264451952797,-15.930595545746383,-200.6913739115858
245,130.87516876712778,-372.29727006455727,-78.45786266750169,-15.861628027522714,-157.66413095552736
246,110.45181151861158,-380.1757155498947,-87.25169974959623,-16.100540873105647,-169.58043895106223
247,98.57874224081498,-382.91082878015936,-98.60758946765006,-16.21927156588361,-172.8332113589485
248,97.19867048969893,-385.8495878636584,-93.05993096197636,-16.233072283394772,-171.82556278566796
249,98.25393284941246,-383.0900755328568,-98.39483681760862,-16.222519659797637,-169.86145706157748
250,92.07590918658825,-379.5962195883344,-95.08151249619826,-16.240334971937575,-174.6417321207541
251,128.6498165938792,-374.46130023199214,-81.7508975066605,-16.09038438863967,-167.12745382081943
252,149.44104073930453,-371.1620144454207,-74.82048945818536,-16.038261227233072,-167.12745382081943
253,118.85492332030235,-377.5197202331721,-87.72009262151533,-16.29256945874313,-183.94758757061044
254,106.70242284404488,-381.1392909416304,-98.96328587444903,-16.414094463505702,-187.57122618776933
255,145.16788338991614,-374.52611129760754,-77.65698514202025,-16.2357610348068,-174.93521716859516
256,163.92950035387247,-371.41247192450174,-71.31089689425298,-16.194742163725916,-174.93521716859516
257,132.14030703038298,-378.016908700483,-84.65153456229041,-16.463269357460113,-192.12382889157146
258,117.31479983354171,-383.63181042894155,-90.13771156589226,-16.61152442942853,-196.12925085807052
259,156.16689690686334,-380.75413479020904,-70.09457742188546,-16.528048547114896,-153.57464014067298
260,183.43443976760062,-381.2579028650431,-56.03065303427732,-16.553857724549268,-123.72617953649865
261,153.83810603645642,-389.346289261232,-69.02859022663391,-16.861649488511937,-143.96286474799786
262,138.68217759968073,-391.88434177730966,-76.43434362781747,-16.96759974836779,-155.99329660217606
263,119.97665867144991,-393.3542189096958,-84.46461581819909,-17.1546549376501,-167.33735746778828
264,103.98722469929933,-397.8670271668409,-91.11061782536615,-17.314549277371608,-175.63751496624906
265,90.70157055919779,-398.2640249265191,-96.65442280023174,-17.44740581877262,-182.71194584024977
266,126.93333308338939,-393.1700501028743,-83.15418485358886,-17.302033049813662,-174.1740432087757
267,99.04360028302972,-400.4772796865691,-94.58260623260885,-17.528160124458687,-187.31387473186962
268,93.16464728549315,-399.572076344067,-97.33600315927455,-17.537276688112865,-189.82840134944766
269,82.50819420827074,-403.92364068919954,-101.09488954790604,-17.643841218885093,-191.0688135267917
270,74.26939392336413,-402.171088657201,-104.32589727830327,-17.726229221734155,-193.91134314223189
271,112.29342103508833,-396.84799190468925,-90.13532716386932,-17.57191631486255,-184.8159766790765
272,87.53492312270669,-401.39836236088865,-100.56008191408809,-17.76716440567465,-198.34978251896365
273,67.94072649014004,-408.83307291331477,-128.3397343448824,-17.963106372000315,-221.84041711376182
274,116.37164928336185,-404.10488774249285,-94.66442449437088,-17.822312536878062,-169.77925927385832
275,148.34266853573138,-399.77367343342246,-83.41204582214286,-17.747753840795873,-165.82971033938313
276,169.4905091223846,-400.3775677825896,-71.55284895375732,-17.77528909948278,-136.97021030237633
277,195.11006017237105,-400.40582626166395,-58.452988131269294,-17.792694217332468,-109.61014746742106
278,217.09297925277696,-399.9592387896216,-47.310237125524594,-17.801771705264976,-86.71947959376463
279,235.98732449115104,-399.12263406974967,-37.82530109651869,-17.804037509854112,-67.59855389647731
280,202.8111161240713,-407.12494820400156,-66.56028986047427,-18.1131006198566,-95.81535588399396
281,180.38454694269626,-413.1185709504467,-84.8859571673592,-18.337366311670348,-112.09057225363382
282,210.94534637799947,-410.50078049409007,-65.63686899581441,-18.263850440470762,-81.09043047745976
283,178.78007155898328,-418.5842091231898,-91.24427934348658,-18.572301298347767,-104.782501577132
284,158.18862766828994,-424.0284498814294,-96.3254415831748,-18.778215737254694,-118.70039774796254
285,189.55028997059793,-421.70758835842065,-80.59497618511742,-18.716310735688623,-87.04092996423434
286,211.5279267976809,-420.5743516525879,-69.68230373313844,-18.711741977994873,-65.52016890652634
287,181.06473079477206,-427.53775598455525,-84.23309051793873,-18.99462703911083,-92.58751060983154
288,159.64325056079682,-434.7459408819556,-94.07139569890795,-19.208841841450585,-108.16435762231339
289,191.2898034436409,-428.4882129192192,-82.22145309232047,-19.07508549663886,-100.35780774847663
290,157.20396620897418,-435.8140301403317,-97.0131634895909,-19.355958974526732,-121.77290613513684
291,143.1558672671029,-435.08279567473056,-104.27216108394965,-19.440236428146218,-137.2388255132796
292,124.45362140746923,-442.1609079200445,-112.14606051428059,-19.627258886742556,-147.58206844735773
293,105.75359791643595,-442.45803590012645,-118.6881901109472,-19.81425912165289,-155.40500255595776
294,97.60232414657891,-443.79546780505217,-122.96308319945733,-19.839793557358007,-161.94371482353276
295,136.5120743522691,-441.27214990759614,-103.34056618663556,-19.758406659187884,-122.02811315798245
296,119.17736358488101,-444.6172862271438,-112.31316155768714,-19.89221211196979,-138.65265711564356
297,102.79787949687115,-445.5221997691823,-119.14850358844853,-20.056006952849888,-149.08136324776552
298,139.27501062274396,-439.9523069849264,-105.6829441210213,-19.90562233198871,-141.54823639595625
299,161.52030494613732,-439.60127241017045,-93.50535172599845,-19.91463246802286,-112.97327067260595
300,185.4111133051656,-435.9451475693722,-85.36160061218045,-19.86681635611899,-112.50163104567139
301,202.76648213669554,-432.32216105195687,-79.57647766833716,-19.812448110634737,-112.50163104567139
302,172.35473405122468,-438.6835061178122,-102.65956841123915,-20.055528142875573,-131.92039311728894
303,204.88155812529246,-432.6884057361784,-85.49950169384583,-19.906351930485126,-122.44370507823284
304,221.57952854259315,-432.28869924297004,-75.95270684401095,-19.91713439851582,-98.5588768138251
305,192.41927178302873,-441.6606318116671,-89.37551644119716,-20.202310593006022,-120.77522087781357
306,172.0122497560007,-441.13778697855815,-98.62099048794951,-20.358560799733098,-136.71317997772525
307,150.92350595376806,-448.80952828884364,-107.48500912540743,-20.569448237755427,-148.4648823591732
308,143.56293377540962,-447.97832457702935,-111.44037446678173,-20.643053959539017,-157.66528781314923
309,177.87327434736054,-446.3331797601742,-94.04627116757261,-20.58168081319879,-121.92134916179631
310,202.06384584970763,-442.589082117399,-85.8549717052301,-20.525088124249418,-121.15469539243547
311,173.20347856835625,-446.7144256834521,-99.40616614919341,-20.69986086851798,-142.1025048828823
312,155.63818633945596,-453.09339280633895,-106.81893116320747,-20.87551379080698,-151.448510509166
313,190.0473682847779,-445.92427742593185,-93.6962499216362,-20.716813879306816,-141.53078695038235
314,156.97924895096403,-453.1042827943639,-107.41778716418646,-20.985794601523203,-160.22004494100074
315,140.82860062409372,-456.9961797527685,-114.0484508792463,-21.147301084791906,-168.3275546122772
316,175.5215343403874,-450.59387848478485,-100.85849516330575,-20.99471772859523,-159.05253278624613
317,193.99009512230862,-446.7432333311424,-94.70230823599866,-20.935632853101847,-159.05253278624613
318,160.92556349564515,-455.31542986252003,-108.23998699158888,-21.204304212318704,-174.9746608808575
319,147.04761386632205,-454.7658647482724,-114.09530225653975,-21.34308370861194,-182.35065321191658
320,130.1655152728891,-456.46356320531726,-120.99583665742732,-21.51190469454627,-191.39868958113624
321,116.81736220379585,-460.37769132680194,-126.19735305569193,-21.645386225237203,-196.2948791146511
322,106.77114951394894,-464.54215297303153,-129.5375194947853,-21.74584835213567,-196.24345236951746
323,149.05446998087092,-460.65598181923315,-108.01673732070576,-21.64168517503736,-151.68540025888421
324,128.53016507713312,-468.183126578868,-116.83629301814496,-21.870698688899257,-163.55412463604392
325,117.3710182583233,-471.8010508608749,-120.96407037089642,-21.982290157087355,-166.00249511493314
326,164.77139395993183,-459.9375140090311,-103.31734538566555,-21.708757546572308,-154.92289660676488
327,134.91124992182284,-462.87942390882375,-116.3459596364612,-21.94850171327685,-173.374294035321
328,118.97686627081158,-467.5012406955106,-122.54914208214902,-22.107845549786965,-180.47908110776686
329,108.54994600113153,-471.77486549564446,-126.19513956393128,-22.212114752483764,-181.50122545910043
330,99.66604686635445,-472.99993855163643,-129.34421008096055,-22.30095374383154,-182.8198024451276
331,92.33120936282785,-474.48273669845423,-132.41286619869078,-22.374302118866808,-185.1561997032336
332,85.73108068986167,-477.47712775698426,-134.49763977193598,-22.440303405596463,-184.44980551389358
333,90.52316487069783,-475.7954995944982,-135.4445553036839,-22.3923825637881,-178.64652010656954
334,86.92782281747444,-476.96879944886996,-128.21752650165868,-22.428335984320338,-174.09835329981064
335,128.47627749885453,-468.48531114554135,-112.37018223624305,-22.23413520510766,-162.11119707007697
336,101.23137202901988,-473.7751467975841,-123.73298709753276,-22.44572863118937,-176.00213093056416
337,140.7053651757505,-466.4885688136947,-108.91328875699122,-22.26518820440966,-166.1275101532772
338,161.77492430046507,-462.26907276379785,-101.8372458578464,-22.19748872780157,-166.1275101532772
339,181.18027151498956,-458.2252780576387,-95.36879678633822,-22.134320046117896,-166.1275101532772
340,149.41989382172653,-464.4552937165656,-108.6835105292542,-22.389304341199527,-182.90956179937396
341,184.41427900470444,-457.9661793516237,-95.3742317501757,-22.22803073549964,-173.0426594908586
342,152.12775216549778,-465.0358152639337,-108.73913951518307,-22.488143639155272,-189.59026309888714
343,187.30174636171097,-458.46555326988044,-95.3080272888569,-22.323533600993798,-179.35157813335655
344,204.55194443127795,-454.6057573413074,-89.55796126566793,-22.265059897923077,-179.35157813335655
345,220.4650718040802,-450.88668354059416,-84.25358547473385,-22.210072384495962,-179.35157813335655
346,236.5946272421183,-451.66487424136545,-74.53020430168046,-22.24564486734835,-153.27040197111236
347,258.8588676597516,-451.9135247328777,-62.96151000694443,-22.271839312503513,-128.38671703796277
348,225.38253617527883,-460.8975011316157,-88.3963096643871,-22.60970869867558,-150.0670140627869
349,254.94669765851424,-454.8875110179949,-71.94321502173133,-22.46126175243961,-140.16945284042094
350,271.41736325955515,-449.12130312211076,-66.85216819878163,-22.31990637360197,-140.16945284042094
351,231.58746629176903,-457.4266960755677,-83.76854882602616,-22.652122091740246,-163.49803486887464
352,208.61023579074876,-463.05638692801483,-93.43569335960535,-22.88189439675045,-176.27464156017902
353,186.69636606546078,-465.757057634191,-110.30565779593937,-23.10103309400333,-184.82997385382862
354,172.89145147225724,-471.80906218341227,-109.59614442594783,-23.239082239935367,-188.4760852919742
355,160.0922222465481,-475.95303658046714,-114.29385310820946,-23.367074532192458,-191.06387893412565
356,196.7242467727463,-467.86694614334226,-100.07069182140565,-23.183736278372212,-178.9889602656992
357,159.741183875579,-471.97133567436714,-114.89519596777193,-23.489159181614557,-197.43814250344437
358,145.4878430858324,-478.1314469272014,-120.2541073232057,-23.631692589512024,-201.08492905655382
359,135.5727575543215,-481.3252445094594,-123.45815549641242,-23.730843444827133,-200.47904703277234
360,176.26283395784188,-477.4746199441933,-102.68091188202574,-23.62888541889709,-157.1957381534931
361,202.63013925960553,-473.40399601801795,-93.51296688412202,-23.566641056619343,-154.92267876959806
362,168.79150196788018,-480.08492321215994,-107.69186909775064,-23.839590472584902,-173.15759972926293
363,203.64045318608996,-477.74964529908937,-89.94831401482892,-23.76531384800251,-136.3941716681523
364,227.8955385771718,-477.22641168336247,-77.65470253344137,-23.775277975153305,-111.14267356199069
365,199.3341036149281,-486.42272501282616,-90.67072738272313,-24.055539394815955,-132.1159527331938
366,231.07998218138698,-482.66569234706856,-74.73102199785112,-23.97202709161583,-99.96947755687955
367,198.21839951772918,-490.5809899469381,-89.29248993832688,-24.288638995610608,-124.20753963338332
368,228.08101165998445,-487.882317621766,-74.36112909239614,-24.222375776570324,-94.34459884230944
369,247.97108056257056,-486.45728886559283,-64.52670933798967,-24.215738894757127,-75.11821812104286
370,259.44879681670517,-483.9095453527676,-60.746131939092194,-24.217074790857623,-77.79043710666423
371,222.86277654599326,-491.7626125354784,-89.06500899845969,-24.51792618856748,-101.97574256035952
372,199.84889637975795,-499.6932036338347,-95.11165177865847,-24.748064990229835,-115.67998456302095
373,230.42454476524085,-492.8404896466836,-83.53747228566888,-24.604531536608526,-107.38620437604933
374,201.8250495761934,-498.12182391493855,-106.50413817774967,-24.821342276988332,-127.68769944338852
375,183.30974776725162,-504.7965950536004,-109.2704522456447,-25.006495295077748,-136.61059614668986
376,215.3969926190615,-497.4951404629074,-96.85058029047227,-24.858151011694932,-127.01834534109675
377,231.24317302471678,-493.39055352953176,-91.56852015525384,-24.797160351907696,-127.01834534109675
378,239.36004831781972,-491.0409318457142,-88.20255448434285,-24.80515327716334,-127.01834534109675
379,253.79225572863072,-487.14694566700143,-83.39181868073919,-24.749305700749602,-127.01834534109675
380,266.35913446914583,-483.37262795178543,-79.2028591005675,-24.696355664885353,-127.01834534109675
381,227.0674565377611,-491.3262860014667,-96.00283536184894,-25.01928398088235,-150.02667871949956
382,207.052194175009,-498.49376617922917,-104.48814742421759,-25.219436604509873,-160.90802636820723
383,240.49029257920196,-494.773651297438,-87.50215082416749,-25.13188887478297,-125.86824357629258
384,258.25786813265717,-491.5047597704713,-81.37615938311012,-25.101704145451794,-125.82977427922212
385,217.9735817147488,-499.87673469428813,-97.95868997840829,-25.436583142404462,-148.248137076686
386,245.00861427889498,-494.29839023816044,-87.53136313309984,-25.321439673285898,-140.36989348411637
387,259.7461306485444,-493.9019325065745,-78.8052896086399,-25.335864503621963,-117.48848507665548
388,274.7126317685338,-490.84699169773666,-73.6845065039639,-25.317696615861873,-118.04253645970462
389,281.8111825977173,-488.11845288824094,-70.98817056415076,-25.311173091848826,-118.04253645970462
390,292.50050069135347,-484.507215141702,-67.42506453293868,-25.262861184516666,-118.04253645970462
391,302.02959093192936,-480.99336519653434,-64.24870111941338,-25.216858839159634,-118.04253645970462
392,310.812606997844,-477.5711488565824,-61.32102909744184,-25.173016876737577,-118.04253645970462
393,263.19633902140004,-487.57973139104706,-80.92749820386642,-25.577320910481436,-143.9176901677055
394,240.28899273405102,-493.8991398615352,-101.44452992404052,-25.806394373354927,-157.72711611009117
395,271.4190297962747,-491.1434664966019,-80.32052434877855,-25.72176825065508,-124.60555768413069
396,286.82282322348215,-487.958782100617,-75.07156743801542,-25.696495943132298,-124.81610849921731
397,297.2606527989303,-484.3684478539254,-71.59229091286603,-25.648747936939106,-124.81610849921731
398,254.449340397749,-493.16988348897274,-89.71194354399691,-26.005084363410234,-149.55067502054484
399,230.20061300829448,-499.23206533633635,-99.9967289068489,-26.247571637304773,-164.14256435064516
400,259.0685433299484,-493.18811808007814,-88.96884464932901,-26.10690937196932,-155.71111944883359
401,268.8144517660355,-490.05408331507857,-85.50516430405347,-26.081124731732544,-155.71111944883359
402,209.75900810018393,-498.0445421977429,-106.22319761903212,-26.603415082440257,-178.07305187412533
403,238.06007856699688,-492.9883050728996,-95.11628273465394,-26.48062838607219,-169.35726208871895
404,202.1114960142949,-497.0345526684438,-110.61849312295307,-26.774216131901333,-190.47335931310982
405,232.6024078414953,-491.6040995662904,-99.11803084460786,-26.63312656786229,-182.45240929743932
406,248.49962573748303,-492.13641071832836,-89.4838939412291,-26.665354781703293,-156.4420236691422
407,206.8884933501805,-498.8557389517365,-105.5911790803735,-27.097225185215805,-177.1292538124527
408,235.46391991656606,-493.7119326798521,-94.60070712324048,-26.972978380853164,-168.90496284179386
409,247.80957026058488,-490.29041685381117,-90.30455787363086,-26.937374773820924,-168.90496284179386
410,220.39456605440407,-494.2623922487036,-111.52961804438392,-27.088195300327598,-186.58442057552602
411,253.80983589218437,-487.18837914422556,-91.9578832783681,-26.905371138820705,-173.9344533453924
412,216.52028804458098,-494.77107542536424,-107.44119790894734,-27.208678990066247,-193.51451157170925
413,197.84352953162073,-496.1747894496802,-115.3297992347425,-27.39544657519585,-203.49260250055963
414,179.91096028293435,-501.3865070762532,-122.37113334287646,-27.574772267682714,-210.76869122493318
415,166.09452175765665,-506.550499276897,-127.0785542153591,-27.712936652935497,-212.1307363239569
416,206.22551651023042,-502.56549773372615,-106.49102591175432,-27.607338002566447,-168.86755600747568
417,228.7543298825498,-499.0688643915532,-98.19787710759459,-27.572353014001294,-166.4066806821411
418,193.51072788137685,-506.0960097891491,-112.85214450837053,-27.859218625971405,-184.86164928727092
419,227.8947724517455,-503.76096729700885,-95.26535032212738,-27.784024307602856,-148.10897331054917
420,200.15897903169366,-510.99211930538684,-107.45715048644833,-28.073270387937974,-166.85238482598618
421,188.73020487225727,-513.849312845246,-112.88926288675933,-28.187558129532338,-176.5875109089794
422,172.01518717714512,-519.940990000437,-119.19392541236323,-28.35470830648346,-181.99610106831577
423,159.2263386888531,-522.6689303897845,-123.95631812773871,-28.48259679136638,-185.8111050997707
424,194.95006935424126,-515.4172260129928,-110.25689623259399,-28.3110783120366,-175.57235806412226
425,162.48295062503078,-521.8709625375612,-123.49927483070248,-28.56922777301934,-191.3802030416706
426,149.73996480787,-526.8242431008575,-127.927694029381,-28.69665763119095,-193.1298677751422
427,190.38339333407808,-522.4016499711912,-107.3199567124846,-28.5848976478716,-150.77030092617986
428,217.11371163041125,-521.7098131783689,-93.8340539634052,-28.59214226392637,-123.31552102436983
429,197.35232300146356,-528.1472289998289,-103.4051599101289,-28.787620611920097,-142.1345603133453
430,180.18681992036875,-533.4387659644221,-110.19224146283581,-28.959275642731047,-149.34912003977317
431,213.95516846048244,-525.653958904368,-97.08137226520438,-28.794924369132925,-138.88976777666858
432,230.01197886468805,-521.256729216188,-91.72910213046917,-28.728897911214837,-138.88976777666858
433,245.7351419128428,-520.482438049378,-82.54646680980666,-28.73591869635813,-115.24028194900302
434,214.5777410827166,-528.0568993730382,-96.61775384245831,-29.038897149304546,-138.51410661032918
435,244.8136700797803,-525.2464775107238,-81.4567066590925,-28.96917693806857,-108.01968150426163
436,215.37949157953327,-532.7575219955545,-105.17444250254255,-29.25071296096892,-129.83962817697267
437,247.6076324069752,-529.1502622662788,-84.41974502533157,-29.154606629711022,-97.8585215986379
438,227.3248941992896,-533.9677569539743,-104.37756592048734,-29.339264265234593,-119.01661482902523
439,208.88681755795224,-537.6596749983876,-106.69244052420008,-29.523645031647963,-130.150003718545
440,187.62785056421745,-542.9744167468215,-115.70097277394952,-29.73623470158531,-143.07830449340332
441,174.6146485589488,-547.1264275964177,-127.12516760822022,-29.866366721637995,-148.02110186997322
442,213.97100461687262,-541.1789237027384,-100.38635727076911,-29.728430264189605,-108.51593403874661
443,185.9407134598112,-549.9611962301509,-112.70370096257844,-30.00031482142308,-127.4711079316844
444,170.98758881519032,-554.8028812393684,-118.88637576203153,-30.149846067869287,-134.66090743916115
445,206.06482757390728,-546.7547575883243,-105.58168601726159,-29.978083186746037,-124.98724648797543
446,172.7684056474554,-553.5967816522403,-119.65307975340694,-30.237359047795792,-143.72998492559856
447,207.4047980723291,-550.24869515394,-102.42184706147519,-30.15151427795954,-109.61537362375549
448,234.4813778462694,-542.7324267780978,-94.03389879738242,-29.965520913317718,-110.70127646422151
449,208.30885508662172,-548.8791518275048,-105.75693027624652,-30.154897060811855,-130.1482399659065
450,240.6967345710734,-540.9239677201244,-93.25663563235297,-29.989518224541303,-120.80019978969646
451,204.17576804232007,-550.170169608427,-108.35851046579026,-30.282758431160303,-139.39064742901894
452,237.09700146780995,-542.270510333591,-95.72412579187178,-30.114387235973954,-129.42680623648783
453,252.47060142669568,-541.1177833179852,-86.78316768422629,-30.114736328534164,-106.52825750838622
454,227.8566800730739,-548.477949437346,-98.5189803120338,-30.345683190584914,-128.8868433034758
455,221.40391476833213,-548.0086762007886,-102.28082559008246,-30.410210843632335,-139.59291209582054
456,254.00225318057414,-543.5743707638771,-85.97648080538954,-30.312368027078517,-106.96352021214706
457,220.7798169597183,-551.3668093386332,-100.82708627009858,-30.629183162447596,-131.23172634709846
458,201.60383795469613,-558.2051489761498,-109.02965227482122,-30.820942952497816,-142.09516436538996
459,235.79954749277914,-553.6335387096525,-91.98260904890209,-30.719772381690348,-108.20432408604132
460,256.82207581539404,-551.9367968581425,-81.63625653259473,-30.709877682990342,-88.17126563342694
461,274.99319130219465,-549.9201564388736,-72.80714296058116,-30.69449103270714,-71.53881517494665
462,237.5147339406591,-558.3846787669926,-89.91822766072876,-31.0330719258319,-100.76413289465529
463,262.82232535865904,-555.3392905837084,-77.10806182911304,-30.982740806690227,-75.14030563713092
464,230.6823455546436,-562.9288633549584,-103.53991547850242,-31.27266535493963,-101.0787399435138
465,258.07639554797527,-556.8895299842105,-89.01862438942484,-31.147275932255518,-93.2490929199023
466,222.5560495103336,-566.0525565913989,-104.33839447977432,-31.42726898172944,-114.1270213867158
467,253.84099872292288,-561.4010575413902,-88.92203829439582,-31.330655435025466,-84.19878269962331
468,272.2875589812562,-559.2027011161782,-80.0146717627897,-31.311700619171837,-67.64770402665317
469,239.02558453893357,-566.8852224901858,-107.3205870946483,-31.60598009830725,-94.85110969986579
470,268.48410986441775,-562.7469288012825,-89.11575719659193,-31.509960734916948,-67.38068577568268
471,235.78130893212693,-570.3208751387731,-115.77121029612748,-31.79921563304068,-93.84544829877846
472,263.27291878108144,-564.2009867036147,-101.17787550120497,-31.672245261461363,-85.96559901343059
473,225.05765294950842,-571.6916923007309,-117.62778952303967,-31.978305435655223,-109.40574868888136
474,254.5226766563903,-568.1911250955455,-103.15267170115001,-31.901986887806398,-81.4850891713072
475,218.5238912284361,-576.4599868877517,-118.88082622862012,-32.232741359494646,-107.48481721971484
476,199.2360243088071,-583.2580721593577,-127.29953057138584,-32.42562002869093,-119.42130943705114
477,184.51398050813967,-587.748669270666,-133.37619481002105,-32.57284046669761,-127.16097593281863
478,170.71667931479035,-591.9691491030947,-138.80341906024015,-32.71081347863111,-132.723689716845
479,207.44154634207604,-583.0961491644997,-124.77055228400548,-32.525231734227276,-122.44491933865861
480,176.37613304096794,-590.8172152053216,-137.7082114127772,-32.761348618802174,-137.94004750907283
481,212.05573153251743,-582.3668930033874,-123.97382407776223,-32.58363615673613,-127.74594570156982
482,180.80806024211418,-590.1747182064164,-136.9696760069522,-32.822413411639246,-143.22571469590312
483,167.84734384663562,-594.3020939473205,-141.82411175552807,-32.952020575594034,-147.10947440797472
484,156.4804169157204,-596.0187325316274,-146.3950416633744,-33.06568984490319,-152.09591497487625
485,194.20248813857037,-592.1953988821624,-127.70960150950863,-32.96682390964008,-115.42741649738161
486,169.42295378872979,-597.9511355836829,-139.05296629236844,-33.20512346404936,-134.28743988255553
487,156.92965963388312,-600.8698014945315,-144.82133312944208,-33.33005640559782,-142.9883445394237
488,194.16801106912052,-596.9165056884315,-126.45707655316903,-33.23110389696923,-107.27950795226025
489,217.93191424312826,-591.7959993577098,-118.68103926062626,-33.15427786119046,-108.70206653020963
490,184.68613345986907,-598.1913239892931,-132.86049112292076,-33.410090846453784,-128.00233780724182
491,217.04979138731423,-591.2972586540621,-120.70641875160872,-33.262317275048105,-120.69763701342092
492,233.0440333014179,-586.4449993074877,-115.25651445893416,-33.19379723817278,-120.69763701342092
493,248.53525967705676,-581.5044881082414,-110.0927723337212,-33.11935051426152,-120.69763701342092
494,263.61420118712,-579.8502790378783,-101.36188623973419,-33.1111752591644,-98.47020346962529
495,231.1720771007765,-587.6707588567265,-116.23813947412461,-33.412904923646835,-123.53877822795423
496,210.0639249485616,-592.7690089604604,-125.47355648376292,-33.62398644516899,-137.31306027243008
497,193.0784152407527,-598.9059805060289,-132.53254042963493,-33.79384154224707,-145.69594453204436
498,229.64136607390114,-593.772754640823,-114.40300256343761,-33.679820346145995,-110.04461900115729
499,252.11725959377125,-591.7290089010845,-103.43384491515124,-33.66369299944707,-89.18146015117937
500,267.7557686165294,-587.6748662599716,-98.4082560502871,-33.624498857781276,-91.9707350044247
1,-49.409211537281784,-9.866738120789691,-49.93560069283734,-0.4950921153728179,-50.21129527061512
2,-74.41228976079599,-11.85411257099289,-59.452859923553824,-0.7259471312456611,-81.75189190030247
3,-99.08983762699279,-18.88250659086505,-71.5014832156798,-0.9589038984242579,-103.99760034649611
4,-109.20652401457714,-17.654036561721,-78.18287178631108,-1.04035458403018,-120.29478131437054
5,-114.54787077643525,-19.863817811197542,-83.03278797948836,-1.0679441553631972,-131.5949094114611
6,-15.867232629168363,-7.665569033243549,-48.068181656842086,-0.6177004476607257,-114.2520754490628
7,-54.69451729121663,-17.047330312845194,-66.89064044541945,-0.9947733722335916,-148.13290362838887
8,26.049157570332437,-10.334907422608094,-37.52276416236181,-0.7354079364926113,-130.77531052507908
9,-18.607509142737143,-16.894631451966106,-56.103425429730294,-1.1812343857604946,-153.2765600994325
10,-42.43430864294073,-24.382522008894455,-66.98342094628943,-1.4133543644056363,-169.12820892097554
11,-60.86874631368441,-32.32289102849414,-74.50489183592214,-1.5976987411130732,-177.38815891728444
12,26.20133446614153,-30.264199237195918,-29.623917509471248,-1.47519548016233,-82.24247451823102
13,82.17050921235364,-29.970817068276364,-9.786695700190567,-1.4702067343564813,-75.15749315497114
14,120.41188523540019,-30.747351245618553,2.9604296408249535,-1.495056861590893,-75.15749315497114
15,61.78944579335089,-44.466931862952094,-25.47748427192103,-2.0438400862842347,-128.5400977473484
16,116.23746526013085,-41.91142878667925,-5.405571296459154,-1.9432448324349603,-117.00465882813707
17,40.068570797452985,-64.6277446121031,-37.2875014221375,-2.666648823713482,-161.438076309417
18,99.99025479344829,-59.46385337209957,-14.317689328372632,-2.53293708060904,-144.36336180331503
19,42.79672912930619,-83.99305051375923,-39.998100475542515,-3.072915764742598,-184.05877735805012
20,8.776476385004187,-91.40519947334968,-52.77511082365429,-3.4131182921856182,-197.31252005309344
21,-12.21734514970765,-98.43841836947367,-60.93162074140101,-3.6230565075327363,-204.26393649015012
22,-27.208634595343263,-96.18790843945806,-67.01982327408138,-3.7495625040758505,-209.46732696445576
23,-38.17855039437256,-96.76141729586735,-71.2032891447523,-3.859261662066144,-212.62829059042275
24,-45.405221795344644,-103.47403085657709,-73.72191812172383,-3.9315283760758657,-212.00486414957172
25,-40.11665273635404,-95.86593496759633,-72.81986112079227,-3.8786426854859597,-212.38641599051599
26,-46.51066348487129,-99.52454826794029,-75.06599431209327,-3.9425827929711326,-211.19004291426037
27,-51.060467901103166,-103.55835138192509,-76.54218289104861,-3.988080837133451,-209.08680879707208
28,-47.55881503721552,-97.10166598657875,-76.26606001364325,-3.9530643084945747,-208.91589439999987
29,-41.03488052071858,-94.40138366502735,-75.86642420170139,-3.887824963329606,-210.1165940504897
30,49.55220246795615,-85.82576795231664,-41.65436643686954,-3.5144532930802344,-184.72791418421076
31,95.12533415316618,-84.8814939510869,-26.302074530837526,-3.508867501306945,-184.72791418421076
32,128.2180409577465,-86.02098355462115,-14.845741053786112,-3.575611325153375,-184.72791418421076
33,51.96244410664921,-99.10851749841433,-45.15756250375249,-4.294280599941526,-222.4589515659571
34,21.119126814494358,-104.3545159889028,-56.87088223412216,-4.6027137728630745,-232.05083779331045
35,94.09349101962006,-98.95748772284036,-28.450559222290764,-4.350408913123104,-208.48807714201487
36,53.70156279223417,-115.23162283759734,-46.71652978064651,-4.717579900325319,-239.68753049347714
37,46.718459421968376,-112.63463630898778,-64.0555379329333,-4.787410934027977,-242.05971475168369
38,117.54157883053858,-102.87684112397842,-20.70628893975551,-4.527335322110328,-213.0879537168996
39,59.867536843291184,-120.4948786301242,-45.42654621552124,-5.059336258571972,-246.06141339699923
40,123.72815536324309,-112.5303468003082,-19.548183754241414,-4.861491467496645,-220.7850598001496
41,58.28499866587157,-131.9710102061714,-46.05168363845876,-5.469935654356193,-252.20486464150503
42,136.50143157484376,-130.99704370782493,-4.116030650854036,-5.373681514020541,-157.02381253382106
43,171.18074045766943,-133.5344394192683,9.453706666914673,-5.500831487354355,-147.27965901611694
44,184.90412645888586,-136.83817307264397,15.163660196741526,-5.658901822763752,-147.27965901611694
45,113.39623941910918,-154.11286748039043,-41.20366294997858,-6.306576051360848,-196.07670021630875
46,72.74402249592072,-164.27592171118752,-47.01534949432707,-6.713098220592732,-214.1159643536367
47,41.49036764893911,-175.986814107295,-58.45897545493828,-7.025634769062548,-223.04338468142868
48,22.6466456339008,-182.2348135012357,-65.07105275221743,-7.214071989212931,-225.0284044350269
49,3.7160334887737676,-180.0157781789026,-71.07999159565452,-7.403378110664201,-227.26152652363925
50,-6.290474450931253,-184.43727179942337,-74.53365523944932,-7.503443190061251,-226.308555550349
51,-16.060111703551108,-186.8796811125783,-77.48775561577344,-7.60113956258745,-223.65104514425298
52,69.05016308289838,-176.18406261598577,-44.962618518122525,-7.261841363198991,-198.72077213124652
53,11.45026593820343,-184.00588056402157,-67.58474175925656,-7.784732902676468,-227.29084057201442
54,-2.4036303088116853,-192.77184046808395,-71.852850984842,-7.923271865146619,-225.19170343149676
55,13.998543747928203,-189.7480683461112,-65.8572710452643,-7.75925012457922,-221.28713275315152
56,97.17367026665676,-171.6743759324272,-33.28566121260683,-7.4032856032966725,-192.20772679466384
57,142.92497456934592,-177.2665374569534,-7.331445964895856,-7.529389597634855,-127.98504391377631
58,184.55252529663045,-176.21028173854418,7.521023896146941,-7.533894292559123,-122.12532620208853
59,86.30189758954768,-193.8010062346509,-31.653225760951642,-8.436686335475498,-169.93082735357538
60,142.22870186827845,-189.83094380187788,-10.031792995719282,-8.293797925459772,-154.06952331910168
61,73.8043544179245,-205.24270402359986,-39.248406514190606,-8.910231906645592,-194.32447296073912
62,42.64477129033299,-213.03259980549768,-51.67283443909095,-9.221827737921506,-208.16383168299532
63,121.54638444478559,-211.58557404875793,-10.716464578055955,-9.094799589176892,-120.22883882569057
64,66.29408972443103,-226.5902257354487,-35.305437202417124,-9.696352733512253,-158.78773315462942
65,129.07568236812222,-219.48624666167825,-11.517779644606353,-9.50027083177793,-142.67615769970809
66,64.34776028469015,-234.80666837915905,-39.46312012767046,-10.076529516615944,-182.28957599876085
67,35.76049615116456,-242.91821603760278,-66.37308769627316,-10.362402157951198,-194.6310790900068
68,114.44667505012431,-231.88236356440828,-23.70280551120748,-10.028301411596912,-169.99915777901646
69,63.330347914285994,-242.96729917086492,-46.11563129516991,-10.471698835855177,-205.7321541538363
70,38.090387616538266,-249.27728924530183,-55.85658258982322,-10.724098438832653,-214.6793166135819
71,114.46054867444579,-238.92841852668298,-26.60686633129223,-10.41423128586906,-191.92134117821098
72,53.87995492022156,-252.17388406019504,-51.61315674470795,-10.944049907209545,-223.4611717207825
73,126.29007455662475,-242.50708582982955,-23.22334067393401,-10.659206129722033,-199.9252884261164
74,66.42860297239727,-255.7650416505181,-48.17644647840481,-11.189524362549575,-232.08242815156055
75,137.3477085729727,-246.03766532126454,-20.396154924780607,-10.906090692496019,-208.29757719823124
76,73.46583958675282,-261.4426963857123,-61.37526265398232,-11.46850480251548,-238.44821098134486
77,51.479915901176895,-266.9391773071063,-54.44318234389273,-11.688364039371237,-239.00302648679366
78,33.8430515719122,-271.3483933894226,-60.30660688069005,-11.864732682663885,-239.39535018734472
79,20.85579258920654,-274.595208135099,-64.39051696186073,-11.99460527249094,-237.69694087555627
80,103.88134100178164,-262.5372281282269,-32.37693439212265,-11.63224963013523,-211.66654228227802
81,143.63798809212906,-258.3502783163085,-18.89294434102655,-11.574581967225763,-211.66654228227802
82,183.63089338876466,-263.69859509799676,4.62324365435364,-11.706535367734816,-150.5552249032681
83,221.24575481900294,-261.6082867420925,18.043479432271248,-11.700260892544245,-145.26353309623897
84,243.47994715662242,-265.8053750034799,32.96537022721128,-11.823681261083884,-100.20057300183771
85,155.1083229842261,-288.13840244531946,-33.39522949740696,-12.690954502207893,-158.3755645059627
86,114.5408018305486,-299.27000504424916,-64.12106794813943,-13.096629713744669,-184.18056160522264
87,81.46353541011112,-302.1674729699599,-67.20947869149782,-13.427402377949045,-201.14175659831466
88,150.60372776517795,-293.85843727853086,-41.03798345786334,-13.15458550445925,-182.39316990664142
89,190.06325941102745,-297.3449927323779,-18.16268711773291,-13.25005553136267,-124.06045515755795
90,105.0986108180943,-313.59269697673096,-52.439093685681854,-14.123412781904097,-168.21280399542403
91,70.79876684002528,-324.5256904754442,-82.45936509747654,-14.466411221684785,-184.70819759124723
92,51.57752333621511,-329.10865152767695,-77.72399243918694,-14.658623656722888,-191.4766773711919
93,34.27782726743398,-336.58636720532735,-84.02438556460481,-14.831620617410701,-194.67964398613682
94,22.530474332646243,-340.4738181348805,-87.6458156090949,-14.949094146758577,-192.91351838350187
95,18.15377710492292,-342.1291712104608,-88.91688939901246,-14.99286111903581,-190.53555565619615
96,10.582820844919798,-341.9277495839731,-91.60541803102532,-15.068570681635839,-190.12439953047632
97,103.23472110296825,-326.8316201876299,-57.339701420244126,-14.620040005847107,-167.97350377821363
98,66.71167727328793,-330.77188919827705,-75.17517783242734,-14.902962862327092,-201.94027459195223
99,46.8953044876652,-339.9940617385136,-82.49051629772646,-15.10112659018332,-206.19955981250146
100,37.37798425928696,-343.1105916893361,-85.36449475685728,-15.196299792467103,-204.04455904730042
